--Data base boot script

-- Continents

INSERT INTO CONTINENT(CONTINENTID, NAME) VALUES (1,'Europe');
INSERT INTO CONTINENT(CONTINENTID, NAME) VALUES (2,'North America');
INSERT INTO CONTINENT(CONTINENTID, NAME) VALUES (3,'South America');
INSERT INTO CONTINENT(CONTINENTID, NAME) VALUES (4,'Africa');
INSERT INTO CONTINENT(CONTINENTID, NAME) VALUES (5,'Asia');
INSERT INTO CONTINENT(CONTINENTID, NAME) VALUES (6,'Oceania');
INSERT INTO CONTINENT(CONTINENTID, NAME) VALUES (7,'Antartida');

-- Countries

INSERT INTO COUNTRY(COUNTRYID,NAME,CONTINENTID) VALUES ('Andorra','Andorra','1');
INSERT INTO COUNTRY(COUNTRYID,NAME,CONTINENTID) VALUES ('United Arab Emirates','United Arab Emirates','4');
INSERT INTO COUNTRY(COUNTRYID,NAME,CONTINENTID) VALUES ('Afghanistan','Afghanistan','4');
INSERT INTO COUNTRY(COUNTRYID,NAME,CONTINENTID) VALUES ('Antigua and Barbuda','Antigua and Barbuda','2');
INSERT INTO COUNTRY(COUNTRYID,NAME,CONTINENTID) VALUES ('Anguilla','Anguilla','2');
INSERT INTO COUNTRY(COUNTRYID,NAME,CONTINENTID) VALUES ('Albania','Albania','1');
INSERT INTO COUNTRY(COUNTRYID,NAME,CONTINENTID) VALUES ('Armenia','Armenia','4');
INSERT INTO COUNTRY(COUNTRYID,NAME,CONTINENTID) VALUES ('Angola','Angola','4');
INSERT INTO COUNTRY(COUNTRYID,NAME,CONTINENTID) VALUES ('Antarctica','Antarctica','7');
INSERT INTO COUNTRY(COUNTRYID,NAME,CONTINENTID) VALUES ('Argentina','Argentina','3');
INSERT INTO COUNTRY(COUNTRYID,NAME,CONTINENTID) VALUES ('American Samoa','American Samoa','6');
INSERT INTO COUNTRY(COUNTRYID,NAME,CONTINENTID) VALUES ('Austria','Austria','1');
INSERT INTO COUNTRY(COUNTRYID,NAME,CONTINENTID) VALUES ('Australia','Australia','6');
INSERT INTO COUNTRY(COUNTRYID,NAME,CONTINENTID) VALUES ('Aruba','Aruba','2');
INSERT INTO COUNTRY(COUNTRYID,NAME,CONTINENTID) VALUES ('Aland','Aland','1');
INSERT INTO COUNTRY(COUNTRYID,NAME,CONTINENTID) VALUES ('Azerbaijan','Azerbaijan','4');
INSERT INTO COUNTRY(COUNTRYID,NAME,CONTINENTID) VALUES ('Bosnia and Herzegovina','Bosnia and Herzegovina','1');
INSERT INTO COUNTRY(COUNTRYID,NAME,CONTINENTID) VALUES ('Barbados','Barbados','2');
INSERT INTO COUNTRY(COUNTRYID,NAME,CONTINENTID) VALUES ('Bangladesh','Bangladesh','4');
INSERT INTO COUNTRY(COUNTRYID,NAME,CONTINENTID) VALUES ('Belgium','Belgium','1');
INSERT INTO COUNTRY(COUNTRYID,NAME,CONTINENTID) VALUES ('Burkina Faso','Burkina Faso','4');
INSERT INTO COUNTRY(COUNTRYID,NAME,CONTINENTID) VALUES ('Bulgaria','Bulgaria','1');
INSERT INTO COUNTRY(COUNTRYID,NAME,CONTINENTID) VALUES ('Bahrain','Bahrain','4');
INSERT INTO COUNTRY(COUNTRYID,NAME,CONTINENTID) VALUES ('Burundi','Burundi','4');
INSERT INTO COUNTRY(COUNTRYID,NAME,CONTINENTID) VALUES ('Benin','Benin','4');
INSERT INTO COUNTRY(COUNTRYID,NAME,CONTINENTID) VALUES ('Saint Barthalemy','Saint Barthalemy','2');
INSERT INTO COUNTRY(COUNTRYID,NAME,CONTINENTID) VALUES ('Bermuda','Bermuda','2');
INSERT INTO COUNTRY(COUNTRYID,NAME,CONTINENTID) VALUES ('Brunei','Brunei','4');
INSERT INTO COUNTRY(COUNTRYID,NAME,CONTINENTID) VALUES ('Bolivia','Bolivia','3');
INSERT INTO COUNTRY(COUNTRYID,NAME,CONTINENTID) VALUES ('Bonaire','Bonaire','2');
INSERT INTO COUNTRY(COUNTRYID,NAME,CONTINENTID) VALUES ('Brazil','Brazil','3');
INSERT INTO COUNTRY(COUNTRYID,NAME,CONTINENTID) VALUES ('Bahamas','Bahamas','2');
INSERT INTO COUNTRY(COUNTRYID,NAME,CONTINENTID) VALUES ('Bhutan','Bhutan','4');
INSERT INTO COUNTRY(COUNTRYID,NAME,CONTINENTID) VALUES ('Bouvet Island','Bouvet Island','7');
INSERT INTO COUNTRY(COUNTRYID,NAME,CONTINENTID) VALUES ('Botswana','Botswana','4');
INSERT INTO COUNTRY(COUNTRYID,NAME,CONTINENTID) VALUES ('Belarus','Belarus','1');
INSERT INTO COUNTRY(COUNTRYID,NAME,CONTINENTID) VALUES ('Belize','Belize','2');
INSERT INTO COUNTRY(COUNTRYID,NAME,CONTINENTID) VALUES ('Canada','Canada','2');
INSERT INTO COUNTRY(COUNTRYID,NAME,CONTINENTID) VALUES ('Cocos [Keeling] Islands','Cocos [Keeling] Islands','4');
INSERT INTO COUNTRY(COUNTRYID,NAME,CONTINENTID) VALUES ('Democratic Republic of the Congo','Democratic Republic of the Congo','4');
INSERT INTO COUNTRY(COUNTRYID,NAME,CONTINENTID) VALUES ('Central 4n Republic','Central 4n Republic','4');
INSERT INTO COUNTRY(COUNTRYID,NAME,CONTINENTID) VALUES ('Republic of the Congo','Republic of the Congo','4');
INSERT INTO COUNTRY(COUNTRYID,NAME,CONTINENTID) VALUES ('Switzerland','Switzerland','1');
INSERT INTO COUNTRY(COUNTRYID,NAME,CONTINENTID) VALUES ('Ivory Coast','Ivory Coast','4');
INSERT INTO COUNTRY(COUNTRYID,NAME,CONTINENTID) VALUES ('Cook Islands','Cook Islands','6');
INSERT INTO COUNTRY(COUNTRYID,NAME,CONTINENTID) VALUES ('Chile','Chile','3');
INSERT INTO COUNTRY(COUNTRYID,NAME,CONTINENTID) VALUES ('Cameroon','Cameroon','4');
INSERT INTO COUNTRY(COUNTRYID,NAME,CONTINENTID) VALUES ('China','China','4');
INSERT INTO COUNTRY(COUNTRYID,NAME,CONTINENTID) VALUES ('Colombia','Colombia','3');
INSERT INTO COUNTRY(COUNTRYID,NAME,CONTINENTID) VALUES ('Costa Rica','Costa Rica','2');
INSERT INTO COUNTRY(COUNTRYID,NAME,CONTINENTID) VALUES ('Cuba','Cuba','2');
INSERT INTO COUNTRY(COUNTRYID,NAME,CONTINENTID) VALUES ('Cape Verde','Cape Verde','4');
INSERT INTO COUNTRY(COUNTRYID,NAME,CONTINENTID) VALUES ('Curacao','Curacao','2');
INSERT INTO COUNTRY(COUNTRYID,NAME,CONTINENTID) VALUES ('Christmas Island','Christmas Island','4');
INSERT INTO COUNTRY(COUNTRYID,NAME,CONTINENTID) VALUES ('Cyprus','Cyprus','1');
INSERT INTO COUNTRY(COUNTRYID,NAME,CONTINENTID) VALUES ('Czech Republic','Czech Republic','1');
INSERT INTO COUNTRY(COUNTRYID,NAME,CONTINENTID) VALUES ('Germany','Germany','1');
INSERT INTO COUNTRY(COUNTRYID,NAME,CONTINENTID) VALUES ('Djibouti','Djibouti','4');
INSERT INTO COUNTRY(COUNTRYID,NAME,CONTINENTID) VALUES ('Denmark','Denmark','1');
INSERT INTO COUNTRY(COUNTRYID,NAME,CONTINENTID) VALUES ('Dominica','Dominica','2');
INSERT INTO COUNTRY(COUNTRYID,NAME,CONTINENTID) VALUES ('Dominican Republic','Dominican Republic','2');
INSERT INTO COUNTRY(COUNTRYID,NAME,CONTINENTID) VALUES ('Algeria','Algeria','4');
INSERT INTO COUNTRY(COUNTRYID,NAME,CONTINENTID) VALUES ('Ecuador','Ecuador','3');
INSERT INTO COUNTRY(COUNTRYID,NAME,CONTINENTID) VALUES ('Estonia','Estonia','1');
INSERT INTO COUNTRY(COUNTRYID,NAME,CONTINENTID) VALUES ('Egypt','Egypt','4');
INSERT INTO COUNTRY(COUNTRYID,NAME,CONTINENTID) VALUES ('Western Sahara','Western Sahara','4');
INSERT INTO COUNTRY(COUNTRYID,NAME,CONTINENTID) VALUES ('Eritrea','Eritrea','4');
INSERT INTO COUNTRY(COUNTRYID,NAME,CONTINENTID) VALUES ('Spain','Spain','1');
INSERT INTO COUNTRY(COUNTRYID,NAME,CONTINENTID) VALUES ('Ethiopia','Ethiopia','4');
INSERT INTO COUNTRY(COUNTRYID,NAME,CONTINENTID) VALUES ('Finland','Finland','1');
INSERT INTO COUNTRY(COUNTRYID,NAME,CONTINENTID) VALUES ('Fiji','Fiji','6');
INSERT INTO COUNTRY(COUNTRYID,NAME,CONTINENTID) VALUES ('Falkland Islands','Falkland Islands','3');
INSERT INTO COUNTRY(COUNTRYID,NAME,CONTINENTID) VALUES ('Micronesia','Micronesia','6');
INSERT INTO COUNTRY(COUNTRYID,NAME,CONTINENTID) VALUES ('Faroe Islands','Faroe Islands','1');
INSERT INTO COUNTRY(COUNTRYID,NAME,CONTINENTID) VALUES ('France','France','1');
INSERT INTO COUNTRY(COUNTRYID,NAME,CONTINENTID) VALUES ('Gabon','Gabon','4');
INSERT INTO COUNTRY(COUNTRYID,NAME,CONTINENTID) VALUES ('United Kingdom','United Kingdom','1');
INSERT INTO COUNTRY(COUNTRYID,NAME,CONTINENTID) VALUES ('Grenada','Grenada','2');
INSERT INTO COUNTRY(COUNTRYID,NAME,CONTINENTID) VALUES ('Georgia','Georgia','4');
INSERT INTO COUNTRY(COUNTRYID,NAME,CONTINENTID) VALUES ('French Guiana','French Guiana','3');
INSERT INTO COUNTRY(COUNTRYID,NAME,CONTINENTID) VALUES ('Guernsey','Guernsey','1');
INSERT INTO COUNTRY(COUNTRYID,NAME,CONTINENTID) VALUES ('Ghana','Ghana','4');
INSERT INTO COUNTRY(COUNTRYID,NAME,CONTINENTID) VALUES ('Gibraltar','Gibraltar','1');
INSERT INTO COUNTRY(COUNTRYID,NAME,CONTINENTID) VALUES ('Greenland','Greenland','2');
INSERT INTO COUNTRY(COUNTRYID,NAME,CONTINENTID) VALUES ('Gambia','Gambia','4');
INSERT INTO COUNTRY(COUNTRYID,NAME,CONTINENTID) VALUES ('Guinea','Guinea','4');
INSERT INTO COUNTRY(COUNTRYID,NAME,CONTINENTID) VALUES ('Guadeloupe','Guadeloupe','2');
INSERT INTO COUNTRY(COUNTRYID,NAME,CONTINENTID) VALUES ('Equatorial Guinea','Equatorial Guinea','4');
INSERT INTO COUNTRY(COUNTRYID,NAME,CONTINENTID) VALUES ('Greece','Greece','1');
INSERT INTO COUNTRY(COUNTRYID,NAME,CONTINENTID) VALUES ('Guatemala','Guatemala','2');
INSERT INTO COUNTRY(COUNTRYID,NAME,CONTINENTID) VALUES ('Guam','Guam','6');
INSERT INTO COUNTRY(COUNTRYID,NAME,CONTINENTID) VALUES ('Guinea-Bissau','Guinea-Bissau','4');
INSERT INTO COUNTRY(COUNTRYID,NAME,CONTINENTID) VALUES ('Guyana','Guyana','3');
INSERT INTO COUNTRY(COUNTRYID,NAME,CONTINENTID) VALUES ('Hong Kong','Hong Kong','4');
INSERT INTO COUNTRY(COUNTRYID,NAME,CONTINENTID) VALUES ('Honduras','Honduras','2');
INSERT INTO COUNTRY(COUNTRYID,NAME,CONTINENTID) VALUES ('Croatia','Croatia','1');
INSERT INTO COUNTRY(COUNTRYID,NAME,CONTINENTID) VALUES ('Haiti','Haiti','2');
INSERT INTO COUNTRY(COUNTRYID,NAME,CONTINENTID) VALUES ('Hungary','Hungary','1');
INSERT INTO COUNTRY(COUNTRYID,NAME,CONTINENTID) VALUES ('Indonesia','Indonesia','4');
INSERT INTO COUNTRY(COUNTRYID,NAME,CONTINENTID) VALUES ('Ireland','Ireland','1');
INSERT INTO COUNTRY(COUNTRYID,NAME,CONTINENTID) VALUES ('Israel','Israel','4');
INSERT INTO COUNTRY(COUNTRYID,NAME,CONTINENTID) VALUES ('Isle of Man','Isle of Man','1');
INSERT INTO COUNTRY(COUNTRYID,NAME,CONTINENTID) VALUES ('India','India','4');
INSERT INTO COUNTRY(COUNTRYID,NAME,CONTINENTID) VALUES ('British Indian Ocean Territory','British Indian Ocean Territory','4');
INSERT INTO COUNTRY(COUNTRYID,NAME,CONTINENTID) VALUES ('Poland','Poland','1');
INSERT INTO COUNTRY(COUNTRYID,NAME,CONTINENTID) VALUES ('Peru','Peru','3');
INSERT INTO COUNTRY(COUNTRYID,NAME,CONTINENTID) VALUES ('United States','United States','3');

-- Vessel Types

INSERT INTO VESSELTYPE(vesseltypeid, vesseltype) values (71,71);
INSERT INTO VESSELTYPE(vesseltypeid, vesseltype) values (60,60);
INSERT INTO VESSELTYPE(vesseltypeid, vesseltype) values (79,79);
INSERT INTO VESSELTYPE(vesseltypeid, vesseltype) values (80,80);
INSERT INTO VESSELTYPE(vesseltypeid, vesseltype) values (31,31);
INSERT INTO VESSELTYPE(vesseltypeid, vesseltype) values (90,90);
INSERT INTO VESSELTYPE(vesseltypeid, vesseltype) values (30,30);
INSERT INTO VESSELTYPE(vesseltypeid, vesseltype) values (52,52);
INSERT INTO VESSELTYPE(vesseltypeid, vesseltype) values (37,37);
INSERT INTO VESSELTYPE(vesseltypeid, vesseltype) values (20,20);

-- AppUser

INSERT INTO APPUSER VALUES (101,'MARIA JOHNSON', '1');
INSERT INTO APPUSER VALUES (102,'TIAGO SARAMAGO', '1');
INSERT INTO APPUSER VALUES (103,'TONY STARK', '1');
INSERT INTO APPUSER VALUES (104,'ELON MUSK', '1');
INSERT INTO APPUSER VALUES (105,'JOSE QUINTAS', '1');
INSERT INTO APPUSER VALUES (106,'PINGO DOCE', '1');
INSERT INTO APPUSER VALUES (107,'PRESIDENTE MARCELO', '1');
INSERT INTO APPUSER VALUES (108,'MIGUEL JORDAO', '1');
INSERT INTO APPUSER VALUES (109,'PROFESSOR LAPR', '1');

-- Client

INSERT INTO CLIENT VALUES (101, 101,'MARIA JOHNSON', 'MARIAJOHNSON1911@GMAIL.COM',11111111,911111111,'Rua da Tristeza',TO_DATE('1/01/1911', 'DD/MM/YYYY'));
INSERT INTO CLIENT VALUES (102, 102,'TIAGO SARAMAGO', 'TIAGOVSKI@GMAIL.COM',22222222,922222222,'Rua da Tristeza',TO_DATE('1/01/1911', 'DD/MM/YYYY'));
INSERT INTO CLIENT VALUES (103, 103,'TONY STARK', 'LOVEYOU3000@GMAIL.COM',33333333,933333333,'Rua da Tristeza',TO_DATE('1/01/1911', 'DD/MM/YYYY'));
INSERT INTO CLIENT VALUES (104, 104,'ELON MUSK', 'SPACEX@GMAIL.COM',44444444,944444444,'Rua da Tristeza',TO_DATE('1/01/1911', 'DD/MM/YYYY'));
INSERT INTO CLIENT VALUES (105, 105,'JOSE QUINTAS', 'VIANACRIMINAL@GMAIL.COM',55555555,955555555,'Rua da Tristeza',TO_DATE('1/01/1911', 'DD/MM/YYYY'));
INSERT INTO CLIENT VALUES (106, 106,'PINGO DOCE', 'CAFECOMLEITEADOCADO@GMAIL.COM',66666666,966666666,'Rua da Tristeza',TO_DATE('1/01/1911', 'DD/MM/YYYY'));
INSERT INTO CLIENT VALUES (107, 107,'PRESIDENTE MARCELO', 'GOVERNO@GOV.PT',77777777,977777777,'Rua da Tristeza',TO_DATE('1/01/1911', 'DD/MM/YYYY'));
INSERT INTO CLIENT VALUES (108, 108,'MIGUEL JORDAO', 'MICHAELJORDAN@GMAIL.COM',88888888,988888888,'Rua da Tristeza',TO_DATE('1/01/1911', 'DD/MM/YYYY'));
INSERT INTO CLIENT VALUES (109, 109,'PROFESSOR LAPR', 'tbb@GISEP.IPP.PT',99999999,999999999,'Rua da Tristeza',TO_DATE('1/01/1911', 'DD/MM/YYYY'));


--Vehicle

INSERT INTO VEHICLE (VEHICLEID) values (1);
INSERT INTO VEHICLE (VEHICLEID) values (2);
INSERT INTO VEHICLE (VEHICLEID) values (3);
INSERT INTO VEHICLE (VEHICLEID) values (4);
INSERT INTO VEHICLE (VEHICLEID) values (5);
INSERT INTO VEHICLE (VEHICLEID) values (6);
INSERT INTO VEHICLE (VEHICLEID) values (7);
INSERT INTO VEHICLE (VEHICLEID) values (8);
INSERT INTO VEHICLE (VEHICLEID) values (9);
INSERT INTO VEHICLE (VEHICLEID) values (10);
INSERT INTO VEHICLE (VEHICLEID) values (11);
INSERT INTO VEHICLE (VEHICLEID) values (12);
INSERT INTO VEHICLE (VEHICLEID) values (13);
INSERT INTO VEHICLE (VEHICLEID) values (14);
INSERT INTO VEHICLE (VEHICLEID) values (15);
INSERT INTO VEHICLE (VEHICLEID) values (16);
INSERT INTO VEHICLE (VEHICLEID) values (17);
INSERT INTO VEHICLE (VEHICLEID) values (18);
INSERT INTO VEHICLE (VEHICLEID) values (19);
INSERT INTO VEHICLE (VEHICLEID) values (20);
INSERT INTO VEHICLE (VEHICLEID) values (30);
INSERT INTO VEHICLE (VEHICLEID) values (31);
INSERT INTO VEHICLE (VEHICLEID) values (32);
INSERT INTO VEHICLE (VEHICLEID) values (33);
INSERT INTO VEHICLE (VEHICLEID) values (34);
INSERT INTO VEHICLE (VEHICLEID) values (35);
INSERT INTO VEHICLE (VEHICLEID) values (36);
INSERT INTO VEHICLE (VEHICLEID) values (37);
INSERT INTO VEHICLE (VEHICLEID) values (38);
INSERT INTO VEHICLE (VEHICLEID) values (39);
INSERT INTO VEHICLE (VEHICLEID) values (40);

--CargoManifestType

INSERT INTO CARGOMANIFESTTYPE(CARGOMANIFESTTYPE, TYPE) values (1,'Load');
INSERT INTO CARGOMANIFESTTYPE(CARGOMANIFESTTYPE, TYPE) values (2,'Offload');

--FacilityType

INSERT INTO FACILITYTYPE (facilitytype, type) VALUES (1,'Port');
INSERT INTO FACILITYTYPE (facilitytype, type) VALUES (2,'Warehouse');


--Transceiver

INSERT INTO TRANSCEIVER (TRANSCEIVERID, TRANSCEIVER) values (1,'A');
INSERT INTO TRANSCEIVER (TRANSCEIVERID, TRANSCEIVER) values (2,'B');

--Role

INSERT INTO ROLE (ID, ROLEDESCRIPTION) VALUES ('FM','Someone who controls the fleet');
INSERT INTO ROLE (ID, ROLEDESCRIPTION) VALUES ('TM','Someone who controls the shipping/truck position');
INSERT INTO ROLE (ID, ROLEDESCRIPTION) VALUES ('WS','Someone who loads and unloads cargo from warehouses');
INSERT INTO ROLE (ID, ROLEDESCRIPTION) VALUES ('WM','Someone who manages the existing warehouses');
INSERT INTO ROLE (ID, ROLEDESCRIPTION) VALUES ('PS','Someone who loads and unloads cargo from ships');
INSERT INTO ROLE (ID, ROLEDESCRIPTION) VALUES ('PM','Someone who manages the list of ports');
INSERT INTO ROLE (ID, ROLEDESCRIPTION) VALUES ('SC','Someone who oversees ship operations');
INSERT INTO ROLE (ID, ROLEDESCRIPTION) VALUES ('SCEE','Someone who controls the electrical part of a ship');
INSERT INTO ROLE (ID, ROLEDESCRIPTION) VALUES ('TD','Someone who oversees truck operations');
INSERT INTO ROLE (ID, ROLEDESCRIPTION) VALUES ('PMA','Someone who manages the IT team');

-- Trip

insert into TRIP values (1,10,TO_DATE('23/11/2021', 'DD/MM/YYYY'),TO_DATE('6/12/2021', 'DD/MM/YYYY'));
insert into TRIP values (2,11,TO_DATE('14/11/2021', 'DD/MM/YYYY'),TO_DATE('6/12/2021', 'DD/MM/YYYY'));
insert into TRIP values (3,12,TO_DATE('12/11/2021', 'DD/MM/YYYY'),TO_DATE('6/12/2021', 'DD/MM/YYYY'));
insert into TRIP values (4,10,TO_DATE('19/11/2021', 'DD/MM/YYYY'),TO_DATE('13/12/2021', 'DD/MM/YYYY'));
insert into TRIP values (5,11,TO_DATE('9/11/2021', 'DD/MM/YYYY'),TO_DATE('13/12/2021', 'DD/MM/YYYY'));
insert into TRIP values (6,12,TO_DATE('2/11/2021', 'DD/MM/YYYY'),TO_DATE('13/12/2021', 'DD/MM/YYYY'));
insert into TRIP values (7,13,TO_DATE('10/12/2021', 'DD/MM/YYYY'),TO_DATE('12/12/2021', 'DD/MM/YYYY'));
insert into TRIP values (8,14,TO_DATE('14/12/2021', 'DD/MM/YYYY'),TO_DATE('6/01/2022', 'DD/MM/YYYY'));
insert into TRIP values (9,15,TO_DATE('15/12/2021', 'DD/MM/YYYY'),TO_DATE('5/12/2021', 'DD/MM/YYYY'));
insert into TRIP values (10,15,TO_DATE('20/12/2021', 'DD/MM/YYYY'),TO_DATE('9/12/2021', 'DD/MM/YYYY'));
insert into TRIP values (101,10,TO_DATE('10/12/2021', 'DD/MM/YYYY'),TO_DATE('6/12/2021', 'DD/MM/YYYY'));
insert into TRIP values (102,11,TO_DATE('2/12/2021', 'DD/MM/YYYY'),TO_DATE('6/12/2021', 'DD/MM/YYYY'));
insert into TRIP values (103,12,TO_DATE('2/12/2021', 'DD/MM/YYYY'),TO_DATE('6/12/2021', 'DD/MM/YYYY'));
insert into TRIP values (104,10,TO_DATE('7/12/2021', 'DD/MM/YYYY'),TO_DATE('13/12/2021', 'DD/MM/YYYY'));
insert into TRIP values (105,11,TO_DATE('7/12/2021', 'DD/MM/YYYY'),TO_DATE('13/12/2021', 'DD/MM/YYYY'));
insert into TRIP values (106,12,TO_DATE('7/12/2021', 'DD/MM/YYYY'),TO_DATE('13/12/2021', 'DD/MM/YYYY'));
insert into TRIP values (107,13,TO_DATE('7/12/2021', 'DD/MM/YYYY'),TO_DATE('12/12/2021', 'DD/MM/YYYY'));
insert into TRIP values (108,14,TO_DATE('2/12/2021', 'DD/MM/YYYY'),TO_DATE('6/01/2022', 'DD/MM/YYYY'));
insert into TRIP values (109,15,TO_DATE('2/12/2021', 'DD/MM/YYYY'),TO_DATE('5/12/2021', 'DD/MM/YYYY'));
insert into TRIP values (110,15,TO_DATE('7/12/2021', 'DD/MM/YYYY'),TO_DATE('9/12/2021', 'DD/MM/YYYY'));
insert into TRIP values (11,16,TO_DATE('23/11/2021', 'DD/MM/YYYY'),TO_DATE('12/12/2021', 'DD/MM/YYYY'));
insert into TRIP values (12,17,TO_DATE('14/11/2021', 'DD/MM/YYYY'),TO_DATE('8/12/2021', 'DD/MM/YYYY'));
insert into TRIP values (13,18,TO_DATE('12/11/2021', 'DD/MM/YYYY'),TO_DATE('10/12/2021', 'DD/MM/YYYY'));
insert into TRIP values (14,19,TO_DATE('19/11/2021', 'DD/MM/YYYY'),TO_DATE('20/12/2021', 'DD/MM/YYYY'));
insert into TRIP values (15,20,TO_DATE('20/11/2021', 'DD/MM/YYYY'),TO_DATE('25/12/2021', 'DD/MM/YYYY'));

--ISO Code

INSERT INTO ISOCode VALUES ('28VH',2.5,20,4.75);
INSERT INTO ISOCode VALUES ('28VO',2.5,20,4.75);
INSERT INTO ISOCode VALUES ('2010',2.5,20,8);
INSERT INTO ISOCode VALUES ('2011',2.5,20,8);
INSERT INTO ISOCode VALUES ('2013',2.5,20,8);
INSERT INTO ISOCode VALUES ('2062',2.5,20,8);
INSERT INTO ISOCode VALUES ('2064',2.5,20,8);
INSERT INTO ISOCode VALUES ('2065',2.5,20,8);
INSERT INTO ISOCode VALUES ('20P0',2.5,20,8);
INSERT INTO ISOCode VALUES ('20P1',2.5,20,8);
INSERT INTO ISOCode VALUES ('22P0',2.5,20,8.5);
INSERT INTO ISOCode VALUES ('2760',2.5,20,4.25);
INSERT INTO ISOCode VALUES ('4761',2.5,40,4.25);
INSERT INTO ISOCode VALUES ('4162',2.5,40,8);
INSERT INTO ISOCode VALUES ('4163',2.5,40,8);
INSERT INTO ISOCode VALUES ('4164',2.5,40,8);
INSERT INTO ISOCode VALUES ('44H0',2.5,40,9);
INSERT INTO ISOCode VALUES ('44H1',2.5,40,9);
INSERT INTO ISOCode VALUES ('4130',2.5,40,8);
INSERT INTO ISOCode VALUES ('4131',2.5,40,8);
INSERT INTO ISOCode VALUES ('4132',2.5,40,8);
INSERT INTO ISOCode VALUES ('4224',2.5,40,8.5);
INSERT INTO ISOCode VALUES ('4230',2.5,40,8.5);
INSERT INTO ISOCode VALUES ('4231',2.5,40,8.5);
INSERT INTO ISOCode VALUES ('4232',2.5,40,8.5);
INSERT INTO ISOCode VALUES ('4240',2.5,40,8.5);
INSERT INTO ISOCode VALUES ('4243',2.5,40,8.5);
INSERT INTO ISOCode VALUES ('42H1',2.5,40,8.5);
INSERT INTO ISOCode VALUES ('42H2',2.5,40,8.5);
INSERT INTO ISOCode VALUES ('42HR',2.5,40,8.5);
INSERT INTO ISOCode VALUES ('42T4',2.5,40,8.5);
INSERT INTO ISOCode VALUES ('42T5',2.5,40,8.5);
INSERT INTO ISOCode VALUES ('42T6',2.5,40,8.5);
INSERT INTO ISOCode VALUES ('42T7',2.5,40,8.5);
INSERT INTO ISOCode VALUES ('42T8',2.5,40,8.5);
INSERT INTO ISOCode VALUES ('42T9',2.5,40,8.5);
INSERT INTO ISOCode VALUES ('42TD',2.5,40,8.5);
INSERT INTO ISOCode VALUES ('42TG',2.5,40,8.5);
INSERT INTO ISOCode VALUES ('4370',2.5,40,8.5);
INSERT INTO ISOCode VALUES ('42U3',2.5,40,8.5);
INSERT INTO ISOCode VALUES ('42U4',2.5,40,8.5);
INSERT INTO ISOCode VALUES ('42U5',2.5,40,8.5);
INSERT INTO ISOCode VALUES ('42U6',2.5,40,8.5);
INSERT INTO ISOCode VALUES ('4350',2.5,40,8.5);
INSERT INTO ISOCode VALUES ('4351',2.5,40,8.5);
INSERT INTO ISOCode VALUES ('4650',2.5,40,4.25);
INSERT INTO ISOCode VALUES ('4750',2.5,40,4.25);
INSERT INTO ISOCode VALUES ('4751',2.5,40,4.25);
INSERT INTO ISOCode VALUES ('48U0',2.5,40,4.25);
INSERT INTO ISOCode VALUES ('48UT',2.5,40,4.25);

-- Container

insert into CONTAINER (CONTAINERID, ISOCode, payload, tare, gross) values (2592, '2760', 853, 1176, 2635);
insert into CONTAINER (CONTAINERID, ISOCode, payload, tare, gross) values (9217, '4350', 1128, 259, 2210);
insert into CONTAINER (CONTAINERID, ISOCode, payload, tare, gross) values (712, '4162', 791, 1421, 4316);
insert into CONTAINER (CONTAINERID, ISOCode, payload, tare, gross) values (405, '42TD', 1669, 209, 1717);
insert into CONTAINER (CONTAINERID, ISOCode, payload, tare, gross) values (297, '4231', 1963, 735, 1954);
insert into CONTAINER (CONTAINERID, ISOCode, payload, tare, gross) values (8251, '4162', 1568, 683, 1095);
insert into CONTAINER (CONTAINERID, ISOCode, payload, tare, gross) values (39, '42U5', 352, 1237, 1326);
insert into CONTAINER (CONTAINERID, ISOCode, payload, tare, gross) values (6085, '4350', 1909, 885, 233);
insert into CONTAINER (CONTAINERID, ISOCode, payload, tare, gross) values (8083, '22P0', 1994, 658, 273);
insert into CONTAINER (CONTAINERID, ISOCode, payload, tare, gross) values (5412, '48U0', 436, 171, 3714);
insert into CONTAINER (CONTAINERID, ISOCode, payload, tare, gross) values (6409, '4370', 1898, 1293, 3363);
insert into CONTAINER (CONTAINERID, ISOCode, payload, tare, gross) values (6612, '42U6', 1395, 280, 2617);
insert into CONTAINER (CONTAINERID, ISOCode, payload, tare, gross) values (2995, '4163', 646, 1044, 900);
insert into CONTAINER (CONTAINERID, ISOCode, payload, tare, gross) values (7537, '4350', 1901, 1079, 4406);
insert into CONTAINER (CONTAINERID, ISOCode, payload, tare, gross) values (6900, '4370', 565, 865, 2373);
insert into CONTAINER (CONTAINERID, ISOCode, payload, tare, gross) values (3915, '42T6', 1631, 376, 4483);
insert into CONTAINER (CONTAINERID, ISOCode, payload, tare, gross) values (7536, '44H1', 942, 759, 4298);
insert into CONTAINER (CONTAINERID, ISOCode, payload, tare, gross) values (1087, '22P0', 531, 304, 3341);
insert into CONTAINER (CONTAINERID, ISOCode, payload, tare, gross) values (2225, '4131', 1289, 1, 3891);
insert into CONTAINER (CONTAINERID, ISOCode, payload, tare, gross) values (5494, '44H0', 1066, 1483, 1222);
insert into CONTAINER (CONTAINERID, ISOCode, payload, tare, gross) values (7342, '42H1', 1367, 471, 1689);
insert into CONTAINER (CONTAINERID, ISOCode, payload, tare, gross) values (6877, '42TG', 786, 1027, 2302);
insert into CONTAINER (CONTAINERID, ISOCode, payload, tare, gross) values (6746, '4750', 1097, 833, 3246);
insert into CONTAINER (CONTAINERID, ISOCode, payload, tare, gross) values (3651, '4131', 1212, 690, 63);
insert into CONTAINER (CONTAINERID, ISOCode, payload, tare, gross) values (1967, '42H2', 639, 434, 2079);
insert into CONTAINER (CONTAINERID, ISOCode, payload, tare, gross) values (6524, '4231', 1202, 189, 3837);
insert into CONTAINER (CONTAINERID, ISOCode, payload, tare, gross) values (589, '42T6', 1741, 526, 945);
insert into CONTAINER (CONTAINERID, ISOCode, payload, tare, gross) values (6050, '4131', 1927, 510, 3461);
insert into CONTAINER (CONTAINERID, ISOCode, payload, tare, gross) values (2233, '4230', 885, 455, 586);
insert into CONTAINER (CONTAINERID, ISOCode, payload, tare, gross) values (3016, '4230', 298, 956, 1077);
insert into CONTAINER (CONTAINERID, ISOCode, payload, tare, gross) values (7142, '44H1', 1451, 1185, 1441);
insert into CONTAINER (CONTAINERID, ISOCode, payload, tare, gross) values (5581, '4240', 919, 595, 3605);
insert into CONTAINER (CONTAINERID, ISOCode, payload, tare, gross) values (4798, '44H0', 1479, 556, 2304);
insert into CONTAINER (CONTAINERID, ISOCode, payload, tare, gross) values (3656, '4240', 580, 721, 3138);
insert into CONTAINER (CONTAINERID, ISOCode, payload, tare, gross) values (432, '42T9', 343, 1441, 92);
insert into CONTAINER (CONTAINERID, ISOCode, payload, tare, gross) values (9639, '28VH', 224, 1110, 3040);
insert into CONTAINER (CONTAINERID, ISOCode, payload, tare, gross) values (5163, '4132', 1549, 1164, 3921);
insert into CONTAINER (CONTAINERID, ISOCode, payload, tare, gross) values (688, '42TD', 1915, 1038, 1372);
insert into CONTAINER (CONTAINERID, ISOCode, payload, tare, gross) values (7920, '48U0', 588, 870, 1603);
insert into CONTAINER (CONTAINERID, ISOCode, payload, tare, gross) values (7682, '42T4', 1987, 971, 1037);
insert into CONTAINER (CONTAINERID, ISOCode, payload, tare, gross) values (3546, '20P1', 451, 387, 2765);
insert into CONTAINER (CONTAINERID, ISOCode, payload, tare, gross) values (6595, '2010', 1858, 1275, 1578);
insert into CONTAINER (CONTAINERID, ISOCode, payload, tare, gross) values (2269, '4240', 1272, 1232, 2411);
insert into CONTAINER (CONTAINERID, ISOCode, payload, tare, gross) values (9446, '4162', 1393, 1241, 2679);
insert into CONTAINER (CONTAINERID, ISOCode, payload, tare, gross) values (5247, '4230', 349, 825, 837);
insert into CONTAINER (CONTAINERID, ISOCode, payload, tare, gross) values (9233, '2064', 943, 439, 126);
insert into CONTAINER (CONTAINERID, ISOCode, payload, tare, gross) values (3582, '42H2', 1842, 1104, 2528);
insert into CONTAINER (CONTAINERID, ISOCode, payload, tare, gross) values (8034, '20P0', 565, 815, 3113);
insert into CONTAINER (CONTAINERID, ISOCode, payload, tare, gross) values (4142, '48UT', 1515, 1096, 1430);
insert into CONTAINER (CONTAINERID, ISOCode, payload, tare, gross) values (6657, '2011', 1481, 630, 519);
insert into CONTAINER (CONTAINERID, ISOCode, payload, tare, gross) values (7675, '4132', 1044, 694, 1484);
insert into CONTAINER (CONTAINERID, ISOCode, payload, tare, gross) values (3683, '42U6', 1302, 535, 3402);
insert into CONTAINER (CONTAINERID, ISOCode, payload, tare, gross) values (1567, '42U3', 360, 640, 1055);
insert into CONTAINER (CONTAINERID, ISOCode, payload, tare, gross) values (1267, '42U4', 1248, 531, 3797);
insert into CONTAINER (CONTAINERID, ISOCode, payload, tare, gross) values (8245, '42T7', 1201, 1112, 4397);
insert into CONTAINER (CONTAINERID, ISOCode, payload, tare, gross) values (5095, '4164', 1211, 759, 11);
insert into CONTAINER (CONTAINERID, ISOCode, payload, tare, gross) values (511, '4350', 1250, 1077, 3053);
insert into CONTAINER (CONTAINERID, ISOCode, payload, tare, gross) values (1593, '2065', 576, 209, 965);
insert into CONTAINER (CONTAINERID, ISOCode, payload, tare, gross) values (2687, '2760', 353, 660, 284);
insert into CONTAINER (CONTAINERID, ISOCode, payload, tare, gross) values (2579, '4131', 522, 383, 2360);
insert into CONTAINER (CONTAINERID, ISOCode, payload, tare, gross) values (360, '42U5', 295, 1112, 4278);
insert into CONTAINER (CONTAINERID, ISOCode, payload, tare, gross) values (8392, '42U3', 636, 1144, 3630);
insert into CONTAINER (CONTAINERID, ISOCode, payload, tare, gross) values (5692, '2065', 486, 964, 3463);
insert into CONTAINER (CONTAINERID, ISOCode, payload, tare, gross) values (3000, '42T4', 640, 392, 462);
insert into CONTAINER (CONTAINERID, ISOCode, payload, tare, gross) values (1985, '48UT', 1526, 610, 2122);
insert into CONTAINER (CONTAINERID, ISOCode, payload, tare, gross) values (7936, '42U3', 1966, 492, 2847);
insert into CONTAINER (CONTAINERID, ISOCode, payload, tare, gross) values (2079, '42HR', 48, 441, 575);
insert into CONTAINER (CONTAINERID, ISOCode, payload, tare, gross) values (5068, '4351', 1516, 953, 2433);
insert into CONTAINER (CONTAINERID, ISOCode, payload, tare, gross) values (7637, '42T4', 574, 1324, 2572);
insert into CONTAINER (CONTAINERID, ISOCode, payload, tare, gross) values (2650, '20P1', 580, 343, 1627);
insert into CONTAINER (CONTAINERID, ISOCode, payload, tare, gross) values (6895, '4163', 999, 394, 3961);
insert into CONTAINER (CONTAINERID, ISOCode, payload, tare, gross) values (2533, '4650', 1377, 531, 814);
insert into CONTAINER (CONTAINERID, ISOCode, payload, tare, gross) values (7302, '48UT', 1047, 1359, 3220);
insert into CONTAINER (CONTAINERID, ISOCode, payload, tare, gross) values (280, '4370', 1846, 269, 4169);
insert into CONTAINER (CONTAINERID, ISOCode, payload, tare, gross) values (2847, '2064', 1708, 1327, 1864);
insert into CONTAINER (CONTAINERID, ISOCode, payload, tare, gross) values (2169, '4231', 1693, 1114, 3745);
insert into CONTAINER (CONTAINERID, ISOCode, payload, tare, gross) values (8219, '42TG', 1432, 668, 3988);
insert into CONTAINER (CONTAINERID, ISOCode, payload, tare, gross) values (1555, '42U6', 1448, 631, 3297);
insert into CONTAINER (CONTAINERID, ISOCode, payload, tare, gross) values (9228, '44H1', 1628, 1160, 4018);
insert into CONTAINER (CONTAINERID, ISOCode, payload, tare, gross) values (9670, '42H1', 354, 312, 478);
insert into CONTAINER (CONTAINERID, ISOCode, payload, tare, gross) values (5519, '2760', 193, 308, 2663);
insert into CONTAINER (CONTAINERID, ISOCode, payload, tare, gross) values (7326, '4751', 1193, 628, 1897);
insert into CONTAINER (CONTAINERID, ISOCode, payload, tare, gross) values (202, '2760', 428, 1304, 1490);
insert into CONTAINER (CONTAINERID, ISOCode, payload, tare, gross) values (6649, '4231', 561, 189, 131);
insert into CONTAINER (CONTAINERID, ISOCode, payload, tare, gross) values (8445, '42U4', 204, 1009, 612);
insert into CONTAINER (CONTAINERID, ISOCode, payload, tare, gross) values (5769, '42U4', 204, 1009, 612);

-- ContainerClient

INSERT INTO CONTAINERCLIENT (CLIENTID, CONTAINERID) VALUES (101, 5769);
INSERT INTO CONTAINERCLIENT (CLIENTID, CONTAINERID) VALUES (101, 6649);
INSERT INTO CONTAINERCLIENT (CLIENTID, CONTAINERID) VALUES (102, 5581);
INSERT INTO CONTAINERCLIENT (CLIENTID, CONTAINERID) VALUES (102, 688);
INSERT INTO CONTAINERCLIENT (CLIENTID, CONTAINERID) VALUES (104, 2225);
INSERT INTO CONTAINERCLIENT (CLIENTID, CONTAINERID) VALUES (105, 6900);
INSERT INTO CONTAINERCLIENT (CLIENTID, CONTAINERID) VALUES (105, 1087);
INSERT INTO CONTAINERCLIENT (CLIENTID, CONTAINERID) VALUES (106, 8445);
INSERT INTO CONTAINERCLIENT (CLIENTID, CONTAINERID) VALUES (107, 9670);
INSERT INTO CONTAINERCLIENT (CLIENTID, CONTAINERID) VALUES (108, 9228);
INSERT INTO CONTAINERCLIENT (CLIENTID, CONTAINERID) VALUES (109, 2169);
INSERT INTO CONTAINERCLIENT (CLIENTID, CONTAINERID) VALUES (109, 280);
INSERT INTO CONTAINERCLIENT (CLIENTID, CONTAINERID) VALUES (109, 7637);
INSERT INTO CONTAINERCLIENT (CLIENTID, CONTAINERID) VALUES (109, 2592);

-- Facility

INSERT INTO FACILITY (FACILITYID, FACILITYTYPE, COUNTRYID, LONGITUDE, LATITUDE, NAME) values (1,1,'United Kingdom',-3.03,-3.03,'Liverpool');
INSERT INTO FACILITY (FACILITYID, FACILITYTYPE, COUNTRYID, LONGITUDE, LATITUDE, NAME) values (2,1,'United States',-118.26,-73.15,'Los Angeles');
INSERT INTO FACILITY (FACILITYID, FACILITYTYPE, COUNTRYID, LONGITUDE, LATITUDE, NAME) values (3,1,'United States',-74.17,-74.17,'New Jersey');
INSERT INTO FACILITY (FACILITYID, FACILITYTYPE, COUNTRYID, LONGITUDE, LATITUDE, NAME) values (4,1,'Brazil',-52.07,-52.07,'Rio Grande');
INSERT INTO FACILITY (FACILITYID, FACILITYTYPE, COUNTRYID, LONGITUDE, LATITUDE, NAME) values (5,1,'Brazil',-38.52,-38.52,'Salvador');
INSERT INTO FACILITY (FACILITYID, FACILITYTYPE, COUNTRYID, LONGITUDE, LATITUDE, NAME) values (6,1,'Brazil',-46.32,-46.32,'Santos');
INSERT INTO FACILITY (FACILITYID, FACILITYTYPE, COUNTRYID, LONGITUDE, LATITUDE, NAME) values (7,1,'Canada',-63.57,-63.57,'Halifax');
INSERT INTO FACILITY (FACILITYID, FACILITYTYPE, COUNTRYID, LONGITUDE, LATITUDE, NAME) values (8,1,'Canada',-10,-123.17,'Vancouver');
INSERT INTO FACILITY (FACILITYID, FACILITYTYPE, COUNTRYID, LONGITUDE, LATITUDE, NAME) values (9,1,'Chile',10,4.03,'San Vicente');
INSERT INTO FACILITY (FACILITYID, FACILITYTYPE, COUNTRYID, LONGITUDE, LATITUDE, NAME) values (10,1,'Chile',11.03,-2.03,'Valparaiso');

--Facility Trip

INSERT INTO FACILITYTRIP (FACILITYID, IDTRIP, VEHICLEID, DELIVERYDATE)
values (10, 10, 1, TO_DATE('25/11/2021', 'DD/MM/YYYY'));
INSERT INTO FACILITYTRIP (FACILITYID, IDTRIP, VEHICLEID, DELIVERYDATE)
values (2, 11, 2, TO_DATE('20/11/2021', 'DD/MM/YYYY'));
INSERT INTO FACILITYTRIP (FACILITYID, IDTRIP, VEHICLEID, DELIVERYDATE)
values (3, 12, 3, TO_DATE('19/11/2021', 'DD/MM/YYYY'));
INSERT INTO FACILITYTRIP (FACILITYID, IDTRIP, VEHICLEID, DELIVERYDATE)
values (4, 10, 4, TO_DATE('21/11/2021', 'DD/MM/YYYY'));
INSERT INTO FACILITYTRIP (FACILITYID, IDTRIP, VEHICLEID, DELIVERYDATE)
values (5, 11, 5, TO_DATE('21/11/2021', 'DD/MM/YYYY'));
INSERT INTO FACILITYTRIP (FACILITYID, IDTRIP, VEHICLEID, DELIVERYDATE)
values (6, 12, 6, TO_DATE('22/11/2021', 'DD/MM/YYYY'));
INSERT INTO FACILITYTRIP (FACILITYID, IDTRIP, VEHICLEID, DELIVERYDATE)
values (7, 13, 7, TO_DATE('17/11/2021', 'DD/MM/YYYY'));
INSERT INTO FACILITYTRIP (FACILITYID, IDTRIP, VEHICLEID, DELIVERYDATE)
values (8, 14, 8, TO_DATE('18/11/2021', 'DD/MM/YYYY'));
INSERT INTO FACILITYTRIP (FACILITYID, IDTRIP, VEHICLEID, DELIVERYDATE)
values (9, 15, 9, TO_DATE('19/11/2021', 'DD/MM/YYYY'));

-- Generator

insert into GENERATOR (GeneratorId, NENERGYGEN, GENERATORPOW, REFRIGERATIONTEMPERATURE) values (1, 54, 9, 44);
insert into GENERATOR (GeneratorId, NENERGYGEN, GENERATORPOW, REFRIGERATIONTEMPERATURE) values (2, 90, 54, 67);
insert into GENERATOR (GeneratorId, NENERGYGEN, GENERATORPOW, REFRIGERATIONTEMPERATURE) values (3, 64, 100, 51);
insert into GENERATOR (GeneratorId, NENERGYGEN, GENERATORPOW, REFRIGERATIONTEMPERATURE) values (4, 39, 42, 37);
insert into GENERATOR (GeneratorId, NENERGYGEN, GENERATORPOW, REFRIGERATIONTEMPERATURE) values (5, 55, 53, 40);
insert into GENERATOR (GeneratorId, NENERGYGEN, GENERATORPOW, REFRIGERATIONTEMPERATURE) values (6, 54, 98, 95);
insert into GENERATOR (GeneratorId, NENERGYGEN, GENERATORPOW, REFRIGERATIONTEMPERATURE) values (7, 58, 88, 77);
insert into GENERATOR (GeneratorId, NENERGYGEN, GENERATORPOW, REFRIGERATIONTEMPERATURE) values (8, 32, 73, 55);
insert into GENERATOR (GeneratorId, NENERGYGEN, GENERATORPOW, REFRIGERATIONTEMPERATURE) values (9, 49, 92, 6);
insert into GENERATOR (GeneratorId, NENERGYGEN, GENERATORPOW, REFRIGERATIONTEMPERATURE) values (10, 40, 9, 48);
insert into GENERATOR (GeneratorId, NENERGYGEN, GENERATORPOW, REFRIGERATIONTEMPERATURE) values (11, 53, 45, 96);
insert into GENERATOR (GeneratorId, NENERGYGEN, GENERATORPOW, REFRIGERATIONTEMPERATURE) values (12, 37, 88, 55);
insert into GENERATOR (GeneratorId, NENERGYGEN, GENERATORPOW, REFRIGERATIONTEMPERATURE) values (13, 26, 40, 57);
insert into GENERATOR (GeneratorId, NENERGYGEN, GENERATORPOW, REFRIGERATIONTEMPERATURE) values (14, 4, 90, 84);
insert into GENERATOR (GeneratorId, NENERGYGEN, GENERATORPOW, REFRIGERATIONTEMPERATURE) values (15, 17, 89, 66);
insert into GENERATOR (GeneratorId, NENERGYGEN, GENERATORPOW, REFRIGERATIONTEMPERATURE) values (16, 23, 63, 24);
insert into GENERATOR (GeneratorId, NENERGYGEN, GENERATORPOW, REFRIGERATIONTEMPERATURE) values (17, 40, 66, 87);
insert into GENERATOR (GeneratorId, NENERGYGEN, GENERATORPOW, REFRIGERATIONTEMPERATURE) values (18, 14, 28, 7);
insert into GENERATOR (GeneratorId, NENERGYGEN, GENERATORPOW, REFRIGERATIONTEMPERATURE) values (19, 15, 84, 28);
insert into GENERATOR (GeneratorId, NENERGYGEN, GENERATORPOW, REFRIGERATIONTEMPERATURE) values (20, 25, 2, 48);

-- Ship

insert into SHIP (mmsi, vehicleId, VESSELTYPE, IMO, CALLSIGN, NAME, LENGTH, WIDTH, CAPACITY, DRAFT) values (255806169, 2, 71, 'IMO9465095', 'CQAG7', 'NORTHERN JAVELIN', 333, 43, 71, 12.6);
insert into SHIP (mmsi, vehicleId, VESSELTYPE, IMO, CALLSIGN, NAME, LENGTH, WIDTH, CAPACITY, DRAFT) values (255806194, 3, 71, 'IMO9241475', 'CQAJ8', 'NORDBALTIC', 207, 30, 71, 9);
insert into SHIP (mmsi, vehicleId, VESSELTYPE, IMO, CALLSIGN, NAME, LENGTH, WIDTH, CAPACITY, DRAFT) values (255806239, 4, 71, 'IMO9486427', 'CQAP5', 'SEA DOLPHIN C', 181, 30, 70, 9.1);
insert into SHIP (mmsi, vehicleId, VESSELTYPE, IMO, CALLSIGN, NAME, LENGTH, WIDTH, CAPACITY, DRAFT) values (210950000, 5, 71, 'IMO9395044', 'C4SQ2', 'VARAMO', 166, 25, 0, 9.5);
insert into SHIP (mmsi, vehicleId, VESSELTYPE, IMO, CALLSIGN, NAME, LENGTH, WIDTH, CAPACITY, DRAFT) values (212180000, 6, 71, 'IMO9643544', '5BBA4', 'SAITA I', 228, 32, 0, 14.4);
insert into SHIP (mmsi, vehicleId, VESSELTYPE, IMO, CALLSIGN, NAME, LENGTH, WIDTH, CAPACITY, DRAFT) values (212351000, 7, 71, 'IMO9305685', '5BZP3', 'HYUNDAI SINGAPORE', 303, 40, 79, 14.5);
insert into SHIP (mmsi, vehicleId, VESSELTYPE, IMO, CALLSIGN, NAME, LENGTH, WIDTH, CAPACITY, DRAFT) values (222222222, 8, 71, 'IMO1111111', 'AA', 'aa', 10, 10, 30, 10);
insert into SHIP (mmsi, vehicleId, VESSELTYPE, IMO, CALLSIGN, NAME, LENGTH, WIDTH, CAPACITY, DRAFT) values (228339600, 9, 71, 'IMO9450648', 'FLSU', 'CMA CGM ALMAVIVA', 334, 42, 79, 15);
insert into SHIP (mmsi, vehicleId, VESSELTYPE, IMO, CALLSIGN, NAME, LENGTH, WIDTH, CAPACITY, DRAFT) values (229767000, 10, 80, 'IMO9645970', '9HA3589', 'ARCTIC AURORA', 288, 44, 0, 12.5);
insert into SHIP (mmsi, vehicleId, VESSELTYPE, IMO, CALLSIGN, NAME, LENGTH, WIDTH, CAPACITY, DRAFT) values (257799000, 11, 71, 'IMO9299305', 'LAFO6', 'SPAR DRACO', 189, 32, 0, 12.5);
insert into SHIP (mmsi, vehicleId, VESSELTYPE, IMO, CALLSIGN, NAME, LENGTH, WIDTH, CAPACITY, DRAFT) values (303296000, 12, 31, 'IMO6604810', 'WDJ5683', 'COLUMBIA LANE', 36, 9, 31, 4.9);
insert into SHIP (mmsi, vehicleId, VESSELTYPE, IMO, CALLSIGN, NAME, LENGTH, WIDTH, CAPACITY, DRAFT) values (303352000, 13, 79, 'IMO9295220', 'KPES', 'PRESIDENT EISENHOWER', 298, 42, 79, 12);
insert into SHIP (mmsi, vehicleId, VESSELTYPE, IMO, CALLSIGN, NAME, LENGTH, WIDTH, CAPACITY, DRAFT) values (303589000, 14, 90, 'IMO7917800', 'WDB4450', 'DODGE ISLAND', 85, 15, 0, 5.4);
insert into SHIP (mmsi, vehicleId, VESSELTYPE, IMO, CALLSIGN, NAME, LENGTH, WIDTH, CAPACITY, DRAFT) values (310567000, 15, 60, 'IMO9378462', 'ZCDY2', 'RUBY PRINCESS', 288, 36, 69, 8.5);
insert into SHIP (mmsi, vehicleId, VESSELTYPE, IMO, CALLSIGN, NAME, LENGTH, WIDTH, CAPACITY, DRAFT) values (311056900, 16, 71, 'IMO9600994', 'C6ZJ6', 'CSL TECUMSEH', 228, 32, 0, 13.5);

--Positional Messages

insert into POSITIONALMESSAGE (BASEDATETIME, MMSI, VEHICLEID, LONGITUDE, LATITUDE, SOG, COG, HEADING, TRANSCEIVERID) values (TO_DATE('2020-11-22 07:35:00','YYYY-MM-DD HH24:MI:SS'), 255806169, 2, -80.01982, 24.5121, 20.3, 177.7, 230, 1);
insert into POSITIONALMESSAGE (BASEDATETIME, MMSI, VEHICLEID, LONGITUDE, LATITUDE, SOG, COG, HEADING, TRANSCEIVERID) values (TO_DATE('2020-11-17 01:40:00','YYYY-MM-DD HH24:MI:SS'), 255806169, 2, -79.3437, 26.04499, 20.6, 199.8, 197, 1);
insert into POSITIONALMESSAGE (BASEDATETIME, MMSI, VEHICLEID, LONGITUDE, LATITUDE, SOG, COG, HEADING, TRANSCEIVERID) values (TO_DATE('2020-12-01 10:18:00','YYYY-MM-DD HH24:MI:SS'), 255806194, 3, -90.10811, 29.91172, 0, 93.6, 272, 1);
insert into POSITIONALMESSAGE (BASEDATETIME, MMSI, VEHICLEID, LONGITUDE, LATITUDE, SOG, COG, HEADING, TRANSCEIVERID) values (TO_DATE('2020-11-02 07:35:00','YYYY-MM-DD HH24:MI:SS'), 255806194, 3, -90.10811, 29.91172, 0, 92.5, 272, 1);
insert into POSITIONALMESSAGE (BASEDATETIME, MMSI, VEHICLEID, LONGITUDE, LATITUDE, SOG, COG, HEADING, TRANSCEIVERID) values (TO_DATE('2020-12-12 02:35:00','YYYY-MM-DD HH24:MI:SS'), 255806239, 4, -74.75574, 40.13777, 0, 132, 189, 1);
insert into POSITIONALMESSAGE (BASEDATETIME, MMSI, VEHICLEID, LONGITUDE, LATITUDE, SOG, COG, HEADING, TRANSCEIVERID) values (TO_DATE('2020-12-14 02:54:00','YYYY-MM-DD HH24:MI:SS'), 210950000, 5, -74.84733, 40.09657, 8.8, 170.1, 240, 1);
insert into POSITIONALMESSAGE (BASEDATETIME, MMSI, VEHICLEID, LONGITUDE, LATITUDE, SOG, COG, HEADING, TRANSCEIVERID) values (TO_DATE('2020-12-15 08:17:00','YYYY-MM-DD HH24:MI:SS'), 210950000, 5, -66.97001, 42.97875, 12.9, 13.1, 355, 1);
insert into POSITIONALMESSAGE (BASEDATETIME, MMSI, VEHICLEID, LONGITUDE, LATITUDE, SOG, COG, HEADING, TRANSCEIVERID) values (TO_DATE('2020-12-16 17:19:00','YYYY-MM-DD HH24:MI:SS'), 212180000, 6, -66.97243, 42.92236, 12.5, 2.4, 358, 1);
insert into POSITIONALMESSAGE (BASEDATETIME, MMSI, VEHICLEID, LONGITUDE, LATITUDE, SOG, COG, HEADING, TRANSCEIVERID) values (TO_DATE('2020-11-29 19:37:00','YYYY-MM-DD HH24:MI:SS'), 212351000, 7, -85.12394, 24.34573, 11.7, 119.9, 117, 2);
insert into POSITIONALMESSAGE (BASEDATETIME, MMSI, VEHICLEID, LONGITUDE, LATITUDE, SOG, COG, HEADING, TRANSCEIVERID) values (TO_DATE('2020-12-02 21:49:00','YYYY-MM-DD HH24:MI:SS'), 228339600, 9, -84.72268, 24.14301, 11.7, 116.6, 114, 2);
insert into POSITIONALMESSAGE (BASEDATETIME, MMSI, VEHICLEID, LONGITUDE, LATITUDE, SOG, COG, HEADING, TRANSCEIVERID) values (TO_DATE('2020-12-01 23:03:00','YYYY-MM-DD HH24:MI:SS'), 228339600, 9, -167.63625, 55.09307, 3.5, 61.6, 232, 1);
insert into POSITIONALMESSAGE (BASEDATETIME, MMSI, VEHICLEID, LONGITUDE, LATITUDE, SOG, COG, HEADING, TRANSCEIVERID) values (TO_DATE('2020-11-19 07:35:00','YYYY-MM-DD HH24:MI:SS'), 229767000, 10, -88.78563, 28.30354, 11.7, 129.9, 131, 1);
insert into POSITIONALMESSAGE (BASEDATETIME, MMSI, VEHICLEID, LONGITUDE, LATITUDE, SOG, COG, HEADING, TRANSCEIVERID) values (TO_DATE('2020-12-29 08:42:00','YYYY-MM-DD HH24:MI:SS'), 229767000, 10, -88.50578, 28.08366, 11.5, 131, 131, 1);
insert into POSITIONALMESSAGE (BASEDATETIME, MMSI, VEHICLEID, LONGITUDE, LATITUDE, SOG, COG, HEADING, TRANSCEIVERID) values (TO_DATE('2020-11-29 05:42:00','YYYY-MM-DD HH24:MI:SS'), 303296000, 12, -88.50578, 28.08366, 11.5, 131, 131, 1);
insert into POSITIONALMESSAGE (BASEDATETIME, MMSI, VEHICLEID, LONGITUDE, LATITUDE, SOG, COG, HEADING, TRANSCEIVERID) values (TO_DATE('2020-12-22 07:41:00','YYYY-MM-DD HH24:MI:SS'), 303589000, 14, -88.50578, 28.08366, 11.5, 131, 131, 1);
insert into POSITIONALMESSAGE (BASEDATETIME, MMSI, VEHICLEID, LONGITUDE, LATITUDE, SOG, COG, HEADING, TRANSCEIVERID) values (TO_DATE('2020-12-01 11:20:00','YYYY-MM-DD HH24:MI:SS'), 310567000, 15, -88.50578, 28.08366, 11.5, 131, 131, 1);
insert into POSITIONALMESSAGE (BASEDATETIME, MMSI, VEHICLEID, LONGITUDE, LATITUDE, SOG, COG, HEADING, TRANSCEIVERID) values (TO_DATE('2020-12-02 09:12:00','YYYY-MM-DD HH24:MI:SS'), 311056900, 16, -88.50578, 28.08366, 11.5, 131, 131, 1);

--Ship generator

insert into SHIPGENERATOR (mmsi, vehicleId, generatorid) values (255806169, 2, 1);
insert into SHIPGENERATOR (mmsi, vehicleId, generatorid) values (255806194, 3, 2);
insert into SHIPGENERATOR (mmsi, vehicleId, generatorid) values (255806239, 4, 3);
insert into SHIPGENERATOR (mmsi, vehicleId, generatorid) values (210950000, 5, 4);
insert into SHIPGENERATOR (mmsi, vehicleId, generatorid) values (212180000, 6, 5);
insert into SHIPGENERATOR (mmsi, vehicleId, generatorid) values (212351000, 7, 6);
insert into SHIPGENERATOR (mmsi, vehicleId, generatorid) values (222222222, 8, 7);
insert into SHIPGENERATOR (mmsi, vehicleId, generatorid) values (228339600, 9, 8);
insert into SHIPGENERATOR (mmsi, vehicleId, generatorid) values (229767000, 10, 9);
insert into SHIPGENERATOR (mmsi, vehicleId, generatorid) values (257799000, 11, 10);
insert into SHIPGENERATOR (mmsi, vehicleId, generatorid) values (303296000, 12, 11);
insert into SHIPGENERATOR (mmsi, vehicleId, generatorid) values (303352000, 13, 12);

-- Employee

INSERT INTO EMPLOYEE
VALUES (101, 'FM', 101, 'MARIAJOHNSON1911@GMAIL.COM','MARIA JOHNSON');
INSERT INTO EMPLOYEE
VALUES (102, 'PMA', 101, 'TIAGOVSKI@GMAIL.COM','TIAGO SARAMAGO');
INSERT INTO EMPLOYEE
VALUES (107, 'SC', 101, 'GOVERNO@GOV.PT','PRESIDENTE MARCELO');
INSERT INTO EMPLOYEE
VALUES (104, 'TD', 101, 'SPACEX@GMAIL.COM','ELON MUSK');

--EmployeeFacility

INSERT into EMPLOYEEFACILITY (FACILITYID, EMPLOYEEID) VALUES (6,101);
INSERT into EMPLOYEEFACILITY (FACILITYID, EMPLOYEEID) VALUES (6,107);
INSERT into EMPLOYEEFACILITY (FACILITYID, EMPLOYEEID) VALUES (10,102);

--TripEmployee

INSERT INTO TRIPEMPLOYEES (IDTRIP, VEHICLEID, EMPLOYEEID) VALUES(107,13,101);
INSERT INTO TRIPEMPLOYEES (IDTRIP, VEHICLEID, EMPLOYEEID) VALUES(110,15,104);
INSERT INTO TRIPEMPLOYEES (IDTRIP, VEHICLEID, EMPLOYEEID) VALUES(11,16,107);
INSERT INTO TRIPEMPLOYEES (IDTRIP, VEHICLEID, EMPLOYEEID) VALUES(13,18,102);

--ContainerPosition

INSERT INTO CONTAINERPOSITION (CONTAINERID, XPOS, YPOS, ZPOS) VALUES (2592,1,5,6);
INSERT INTO CONTAINERPOSITION (CONTAINERID, XPOS, YPOS, ZPOS) VALUES (9217,1,5,6);
INSERT INTO CONTAINERPOSITION (CONTAINERID, XPOS, YPOS, ZPOS) VALUES (712,1,5,5);
INSERT INTO CONTAINERPOSITION (CONTAINERID, XPOS, YPOS, ZPOS) VALUES (405,1,10,6);
INSERT INTO CONTAINERPOSITION (CONTAINERID, XPOS, YPOS, ZPOS) VALUES (297,4,5,6);
INSERT INTO CONTAINERPOSITION (CONTAINERID, XPOS, YPOS, ZPOS) VALUES (8251,1,5,9);
INSERT INTO CONTAINERPOSITION (CONTAINERID, XPOS, YPOS, ZPOS) VALUES (39,1,5,6);
INSERT INTO CONTAINERPOSITION (CONTAINERID, XPOS, YPOS, ZPOS) VALUES (6085,1,5,11);
INSERT INTO CONTAINERPOSITION (CONTAINERID, XPOS, YPOS, ZPOS) VALUES (8083,1,5,6);
INSERT INTO CONTAINERPOSITION (CONTAINERID, XPOS, YPOS, ZPOS) VALUES (5412,4,5,6);
INSERT INTO CONTAINERPOSITION (CONTAINERID, XPOS, YPOS, ZPOS) VALUES (6409,1,3,6);
INSERT INTO CONTAINERPOSITION (CONTAINERID, XPOS, YPOS, ZPOS) VALUES (2995,1,5,3);
INSERT INTO CONTAINERPOSITION (CONTAINERID, XPOS, YPOS, ZPOS) VALUES (7537,8,5,6);
INSERT INTO CONTAINERPOSITION (CONTAINERID, XPOS, YPOS, ZPOS) VALUES (3915,1,2,6);
INSERT INTO CONTAINERPOSITION (CONTAINERID, XPOS, YPOS, ZPOS) VALUES (6900,1,5,9);

--RefrigeratorContainer

INSERT INTO REFRIGERATORCONTAINER(CONTAINERID, ENERGYCONSUME, TEMPERATURE) values (2592,10,7);
INSERT INTO REFRIGERATORCONTAINER(CONTAINERID, ENERGYCONSUME, TEMPERATURE) values (9217,7,1);
INSERT INTO REFRIGERATORCONTAINER(CONTAINERID, ENERGYCONSUME, TEMPERATURE) values (2995,2,10);
INSERT INTO REFRIGERATORCONTAINER(CONTAINERID, ENERGYCONSUME, TEMPERATURE) values (3915,10,2);
INSERT INTO REFRIGERATORCONTAINER(CONTAINERID, ENERGYCONSUME, TEMPERATURE) values (39,20,1);
INSERT INTO REFRIGERATORCONTAINER(CONTAINERID, ENERGYCONSUME, TEMPERATURE) values (405,40,20);
INSERT INTO REFRIGERATORCONTAINER(CONTAINERID, ENERGYCONSUME, TEMPERATURE) values (8251,10,20);
INSERT INTO REFRIGERATORCONTAINER(CONTAINERID, ENERGYCONSUME, TEMPERATURE) values (6900,30,40);
INSERT INTO REFRIGERATORCONTAINER(CONTAINERID, ENERGYCONSUME, TEMPERATURE) values (5412,50,50);
INSERT INTO REFRIGERATORCONTAINER(CONTAINERID, ENERGYCONSUME, TEMPERATURE) values (297,60,60);

--CargoManifest

insert into CARGOMANIFEST (cargoManifestId, vehicleId, idTrip, FACILITYID, cargoManifestType, cargoManifestDate) values (1, 1, 10, 1, 2, TO_DATE('21/11/2021','DD/MM/YYYY'));
insert into CARGOMANIFEST (cargoManifestId, vehicleId, idTrip, FACILITYID, cargoManifestType, cargoManifestDate) values (2,2,11, 2, 2, TO_DATE('9/12/2021','DD/MM/YYYY'));
insert into CARGOMANIFEST (cargoManifestId, vehicleId, idTrip, FACILITYID, cargoManifestType, cargoManifestDate) values (3,3,12, 3, 2, TO_DATE('10/11/2021','DD/MM/YYYY'));
insert into CARGOMANIFEST (cargoManifestId, vehicleId, idTrip, FACILITYID, cargoManifestType, cargoManifestDate) values (4,4,10, 4, 1, TO_DATE('15/11/2021','DD/MM/YYYY'));
insert into CARGOMANIFEST (cargoManifestId, vehicleId, idTrip, FACILITYID, cargoManifestType, cargoManifestDate) values (5,5,11, 5, 2, TO_DATE('11/11/2021','DD/MM/YYYY'));
insert into CARGOMANIFEST (cargoManifestId, vehicleId, idTrip, FACILITYID, cargoManifestType, cargoManifestDate) values (6,6,12, 6, 2, TO_DATE('25/02/2021','DD/MM/YYYY'));
insert into CARGOMANIFEST (cargoManifestId, vehicleId, idTrip, FACILITYID, cargoManifestType, cargoManifestDate) values (7,7,13, 7, 2, TO_DATE('3/12/2021','DD/MM/YYYY'));
insert into CARGOMANIFEST (cargoManifestId, vehicleId, idTrip, FACILITYID, cargoManifestType, cargoManifestDate) values (8,8,14, 8, 2, TO_DATE('23/10/2021','DD/MM/YYYY'));
insert into CARGOMANIFEST (cargoManifestId, vehicleId, idTrip, FACILITYID, cargoManifestType, cargoManifestDate) values (9,9,15, 9, 2, TO_DATE('22/11/2021','DD/MM/YYYY'));
insert into CARGOMANIFEST (cargoManifestId, vehicleId, idTrip, FACILITYID, cargoManifestType, cargoManifestDate) values (10,10,15, 10, 2, TO_DATE('18/07/2021','DD/MM/YYYY'));
insert into CARGOMANIFEST (cargoManifestId, vehicleId, idTrip, FACILITYID, cargoManifestType, cargoManifestDate) values (11,101, 10, 1, 1, TO_DATE('10/10/2021','DD/MM/YYYY'));
insert into CARGOMANIFEST (cargoManifestId, vehicleId, idTrip, FACILITYID, cargoManifestType, cargoManifestDate) values (12, 102, 11, 2, 1, TO_DATE('09/04/2021','DD/MM/YYYY'));
insert into CARGOMANIFEST (cargoManifestId, vehicleId, idTrip, FACILITYID, cargoManifestType, cargoManifestDate) values (13, 103, 12, 3, 2, TO_DATE('28/02/2021','DD/MM/YYYY'));
insert into CARGOMANIFEST (cargoManifestId, vehicleId, idTrip, FACILITYID, cargoManifestType, cargoManifestDate) values (14, 104, 10, 4, 1, TO_DATE('13/11/2021','DD/MM/YYYY'));
insert into CARGOMANIFEST (cargoManifestId, vehicleId, idTrip, FACILITYID, cargoManifestType, cargoManifestDate) values (15, 105, 11, 5, 2, TO_DATE('16/10/2021','DD/MM/YYYY'));
insert into CARGOMANIFEST (cargoManifestId, vehicleId, idTrip, FACILITYID, cargoManifestType, cargoManifestDate) values (101, 106, 12, 6, 2, TO_DATE('25/08/2021','DD/MM/YYYY'));
insert into CARGOMANIFEST (cargoManifestId, vehicleId, idTrip, FACILITYID, cargoManifestType, cargoManifestDate) values (102, 107, 13, 7, 1, TO_DATE('01/08/2021','DD/MM/YYYY'));
insert into CARGOMANIFEST (cargoManifestId, vehicleId, idTrip, FACILITYID, cargoManifestType, cargoManifestDate) values (103, 108, 14, 8, 2, TO_DATE('15/11/2021','DD/MM/YYYY'));
insert into CARGOMANIFEST (cargoManifestId, vehicleId, idTrip, FACILITYID, cargoManifestType, cargoManifestDate) values (104, 109, 15, 9, 1, TO_DATE('12/11/2021','DD/MM/YYYY'));
insert into CARGOMANIFEST (cargoManifestId, vehicleId, idTrip, FACILITYID, cargoManifestType, cargoManifestDate) values (105, 110, 15, 10, 1, TO_DATE('25/12/2021','DD/MM/YYYY'));


--CargoManifestContainer

INSERT INTO CARGOMANIFESTCONTAINER (CARGOMANIFESTID, CONTAINERID) VALUES (1,2592);
INSERT INTO CARGOMANIFESTCONTAINER (CARGOMANIFESTID, CONTAINERID) VALUES (1,9217);
INSERT INTO CARGOMANIFESTCONTAINER (CARGOMANIFESTID, CONTAINERID) VALUES (1,39);
INSERT INTO CARGOMANIFESTCONTAINER (CARGOMANIFESTID, CONTAINERID) VALUES (1,6612);
INSERT INTO CARGOMANIFESTCONTAINER (CARGOMANIFESTID, CONTAINERID) VALUES (3,2995);
INSERT INTO CARGOMANIFESTCONTAINER (CARGOMANIFESTID, CONTAINERID) VALUES (3,1087);
INSERT INTO CARGOMANIFESTCONTAINER (CARGOMANIFESTID, CONTAINERID) VALUES (3,2225);
INSERT INTO CARGOMANIFESTCONTAINER (CARGOMANIFESTID, CONTAINERID) VALUES (3,6877);
INSERT INTO CARGOMANIFESTCONTAINER (CARGOMANIFESTID, CONTAINERID) VALUES (3,297);
INSERT INTO CARGOMANIFESTCONTAINER (CARGOMANIFESTID, CONTAINERID) VALUES (5,9446);
INSERT INTO CARGOMANIFESTCONTAINER (CARGOMANIFESTID, CONTAINERID) VALUES (5,5247);
INSERT INTO CARGOMANIFESTCONTAINER (CARGOMANIFESTID, CONTAINERID) VALUES (5,688);
INSERT INTO CARGOMANIFESTCONTAINER (CARGOMANIFESTID, CONTAINERID) VALUES (101,8251);
INSERT INTO CARGOMANIFESTCONTAINER (CARGOMANIFESTID, CONTAINERID) VALUES (101,4142);
INSERT INTO CARGOMANIFESTCONTAINER (CARGOMANIFESTID, CONTAINERID) VALUES (101,8034);
INSERT INTO CARGOMANIFESTCONTAINER (CARGOMANIFESTID, CONTAINERID) VALUES (101,9233);
INSERT INTO CARGOMANIFESTCONTAINER (CARGOMANIFESTID, CONTAINERID) VALUES (101,688);
INSERT INTO CARGOMANIFESTCONTAINER (CARGOMANIFESTID, CONTAINERID) VALUES (102,1555);
INSERT INTO CARGOMANIFESTCONTAINER (CARGOMANIFESTID, CONTAINERID) VALUES (102,8219);
INSERT INTO CARGOMANIFESTCONTAINER (CARGOMANIFESTID, CONTAINERID) VALUES (102,2169);
INSERT INTO CARGOMANIFESTCONTAINER (CARGOMANIFESTID, CONTAINERID) VALUES (103,2847);
INSERT INTO CARGOMANIFESTCONTAINER (CARGOMANIFESTID, CONTAINERID) VALUES (103,280);
INSERT INTO CARGOMANIFESTCONTAINER (CARGOMANIFESTID, CONTAINERID) VALUES (103,7302);
INSERT INTO CARGOMANIFESTCONTAINER (CARGOMANIFESTID, CONTAINERID) VALUES (105,2533);
INSERT INTO CARGOMANIFESTCONTAINER (CARGOMANIFESTID, CONTAINERID) VALUES (105,6895);
INSERT INTO CARGOMANIFESTCONTAINER (CARGOMANIFESTID, CONTAINERID) VALUES (105,2650);
INSERT INTO CARGOMANIFESTCONTAINER (CARGOMANIFESTID, CONTAINERID) VALUES (105,7637);
INSERT INTO CARGOMANIFESTCONTAINER (CARGOMANIFESTID, CONTAINERID) VALUES (6,5068);
INSERT INTO CARGOMANIFESTCONTAINER (CARGOMANIFESTID, CONTAINERID) VALUES (6,2079);
INSERT INTO CARGOMANIFESTCONTAINER (CARGOMANIFESTID, CONTAINERID) VALUES (6,7936);
INSERT INTO CARGOMANIFESTCONTAINER (CARGOMANIFESTID, CONTAINERID) VALUES (6,1985);
INSERT INTO CARGOMANIFESTCONTAINER (CARGOMANIFESTID, CONTAINERID) VALUES (7,3000);
INSERT INTO CARGOMANIFESTCONTAINER (CARGOMANIFESTID, CONTAINERID) VALUES (7,5692);
INSERT INTO CARGOMANIFESTCONTAINER (CARGOMANIFESTID, CONTAINERID) VALUES (7,8392);
INSERT INTO CARGOMANIFESTCONTAINER (CARGOMANIFESTID, CONTAINERID) VALUES (7,360);
INSERT INTO CARGOMANIFESTCONTAINER (CARGOMANIFESTID, CONTAINERID) VALUES (4,2579);
INSERT INTO CARGOMANIFESTCONTAINER (CARGOMANIFESTID, CONTAINERID) VALUES (4,2687);
INSERT INTO CARGOMANIFESTCONTAINER (CARGOMANIFESTID, CONTAINERID) VALUES (4,1593);
INSERT INTO CARGOMANIFESTCONTAINER (CARGOMANIFESTID, CONTAINERID) VALUES (4,511);
INSERT INTO CARGOMANIFESTCONTAINER (CARGOMANIFESTID, CONTAINERID) VALUES (8,5095);
INSERT INTO CARGOMANIFESTCONTAINER (CARGOMANIFESTID, CONTAINERID) VALUES (8,8245);
INSERT INTO CARGOMANIFESTCONTAINER (CARGOMANIFESTID, CONTAINERID) VALUES (8,1267);
INSERT INTO CARGOMANIFESTCONTAINER (CARGOMANIFESTID, CONTAINERID) VALUES (8,1567);