--Boot Script

INSERT INTO  CONTINENT (NAME) VALUES ('Africa');
INSERT INTO  CONTINENT (NAME) VALUES ('America');
INSERT INTO  CONTINENT (NAME) VALUES ('Antarctica');
INSERT INTO  CONTINENT (NAME) VALUES ('Asia');
INSERT INTO  CONTINENT (NAME) VALUES ('Europe');
INSERT INTO  CONTINENT (NAME) VALUES ('Oceania');

INSERT INTO COUNTRY (ALPHA2CODE, ALPHA3CODE, CONTINENT, NAME, CAPITAL, POPULATION) VALUES ('GR', 'GRC', 'Europe', 'Greece', 'Athens', 10.76);
INSERT INTO COUNTRY (ALPHA2CODE, ALPHA3CODE, CONTINENT, NAME, CAPITAL, POPULATION) VALUES ('PT', 'PRT', 'Europe', 'Portugal', 'Lisbon', 10.31);
INSERT INTO COUNTRY (ALPHA2CODE, ALPHA3CODE, CONTINENT, NAME, CAPITAL, POPULATION) VALUES ('TR', 'TUR', 'Europe', 'Turkey', 'Ankara', 79.81);
INSERT INTO COUNTRY (ALPHA2CODE, ALPHA3CODE, CONTINENT, NAME, CAPITAL, POPULATION) VALUES ('AM', 'ARM', 'Europe', 'Armenia', 'Yerevan', 3.01);
INSERT INTO COUNTRY (ALPHA2CODE, ALPHA3CODE, CONTINENT, NAME, CAPITAL, POPULATION) VALUES ('ES', 'ESP', 'Europe', 'Spain', 'Madrid', 46.53);
INSERT INTO COUNTRY (ALPHA2CODE, ALPHA3CODE, CONTINENT, NAME, CAPITAL, POPULATION) VALUES ('AL', 'ALB', 'Europe', 'Albania', 'Tirana', 2.88);
INSERT INTO COUNTRY (ALPHA2CODE, ALPHA3CODE, CONTINENT, NAME, CAPITAL, POPULATION) VALUES ('GE', 'GEO', 'Europe', 'Georgia', 'Tbilisi', 3.71);
INSERT INTO COUNTRY (ALPHA2CODE, ALPHA3CODE, CONTINENT, NAME, CAPITAL, POPULATION) VALUES ('IT', 'ITA', 'Europe', 'Italy', 'Rome', 60.59);
INSERT INTO COUNTRY (ALPHA2CODE, ALPHA3CODE, CONTINENT, NAME, CAPITAL, POPULATION) VALUES ('MK', 'MKD', 'Europe', 'Macedonia', 'Skopje', 2.07);
INSERT INTO COUNTRY (ALPHA2CODE, ALPHA3CODE, CONTINENT, NAME, CAPITAL, POPULATION) VALUES ('ME', 'MNE', 'Europe', 'Montenegro', 'Podgorica', 0.62);
INSERT INTO COUNTRY (ALPHA2CODE, ALPHA3CODE, CONTINENT, NAME, CAPITAL, POPULATION) VALUES ('KO', 'KOS', 'Europe', 'Kosovo', 'Pristina', 1.77);
INSERT INTO COUNTRY (ALPHA2CODE, ALPHA3CODE, CONTINENT, NAME, CAPITAL, POPULATION) VALUES ('BG', 'BGR', 'Europe', 'Bulgaria', 'Sofia', 7.1);
INSERT INTO COUNTRY (ALPHA2CODE, ALPHA3CODE, CONTINENT, NAME, CAPITAL, POPULATION) VALUES ('MC', 'MCO', 'Europe', 'Monaco', 'Monaco', 0.04);
INSERT INTO COUNTRY (ALPHA2CODE, ALPHA3CODE, CONTINENT, NAME, CAPITAL, POPULATION) VALUES ('BA', 'BIH', 'Europe', 'Bosnia', 'Sarajevo', 3.75);
INSERT INTO COUNTRY (ALPHA2CODE, ALPHA3CODE, CONTINENT, NAME, CAPITAL, POPULATION) VALUES ('RO', 'ROU', 'Europe', 'Romania', 'Bucharest', 19.64);
INSERT INTO COUNTRY (ALPHA2CODE, ALPHA3CODE, CONTINENT, NAME, CAPITAL, POPULATION) VALUES ('RS', 'SRB', 'Europe', 'Serbia', 'Belgrade', 7.04);
INSERT INTO COUNTRY (ALPHA2CODE, ALPHA3CODE, CONTINENT, NAME, CAPITAL, POPULATION) VALUES ('HR', 'HRV', 'Europe', 'Croatia', 'Zagreb', 4.15);
INSERT INTO COUNTRY (ALPHA2CODE, ALPHA3CODE, CONTINENT, NAME, CAPITAL, POPULATION) VALUES ('SI', 'SVN', 'Europe', 'Slovenia', 'Ljubljana', 2.06);
INSERT INTO COUNTRY (ALPHA2CODE, ALPHA3CODE, CONTINENT, NAME, CAPITAL, POPULATION) VALUES ('CH', 'CHE', 'Europe', 'Switzerland', 'Bern', 8.42);
INSERT INTO COUNTRY (ALPHA2CODE, ALPHA3CODE, CONTINENT, NAME, CAPITAL, POPULATION) VALUES ('MD', 'MDA', 'Europe', 'Moldova', 'Chisinau', 3.55);
INSERT INTO COUNTRY (ALPHA2CODE, ALPHA3CODE, CONTINENT, NAME, CAPITAL, POPULATION) VALUES ('LI', 'LIE', 'Europe', 'Liechtenstein', 'Vaduz', 0.04);
INSERT INTO COUNTRY (ALPHA2CODE, ALPHA3CODE, CONTINENT, NAME, CAPITAL, POPULATION) VALUES ('HU', 'HUN', 'Europe', 'Hungary', 'Budapest', 9.8);
INSERT INTO COUNTRY (ALPHA2CODE, ALPHA3CODE, CONTINENT, NAME, CAPITAL, POPULATION) VALUES ('SK', 'SVK', 'Europe', 'Slovakia', 'Bratislava', 5.44);
INSERT INTO COUNTRY (ALPHA2CODE, ALPHA3CODE, CONTINENT, NAME, CAPITAL, POPULATION) VALUES ('AT', 'AUT', 'Europe', 'Austria', 'Vienna', 8.77);
INSERT INTO COUNTRY (ALPHA2CODE, ALPHA3CODE, CONTINENT, NAME, CAPITAL, POPULATION) VALUES ('FR', 'FRA', 'Europe', 'France', 'Paris', 66.99);
INSERT INTO COUNTRY (ALPHA2CODE, ALPHA3CODE, CONTINENT, NAME, CAPITAL, POPULATION) VALUES ('LU', 'LUX', 'Europe', 'Luxembourg', 'Luxembourg', 0.59);
INSERT INTO COUNTRY (ALPHA2CODE, ALPHA3CODE, CONTINENT, NAME, CAPITAL, POPULATION) VALUES ('CZ', 'CZE', 'Europe', 'Czech Republic', 'Prague', 10.57);
INSERT INTO COUNTRY (ALPHA2CODE, ALPHA3CODE, CONTINENT, NAME, CAPITAL, POPULATION) VALUES ('UA', 'UKR', 'Europe', 'Ukraine', 'Kyiv', 42.59);
INSERT INTO COUNTRY (ALPHA2CODE, ALPHA3CODE, CONTINENT, NAME, CAPITAL, POPULATION) VALUES ('BE', 'BEL', 'Europe', 'Belgium', 'Brussels', 11.37);
INSERT INTO COUNTRY (ALPHA2CODE, ALPHA3CODE, CONTINENT, NAME, CAPITAL, POPULATION) VALUES ('GB', 'GBR', 'Europe', 'United Kingdom', 'London', 65.81);
INSERT INTO COUNTRY (ALPHA2CODE, ALPHA3CODE, CONTINENT, NAME, CAPITAL, POPULATION) VALUES ('PL', 'POL', 'Europe', 'Poland', 'Warsaw', 38.42);
INSERT INTO COUNTRY (ALPHA2CODE, ALPHA3CODE, CONTINENT, NAME, CAPITAL, POPULATION) VALUES ('NL', 'NLD', 'Europe', 'Netherlands', 'Amsterdam', 17.08);
INSERT INTO COUNTRY (ALPHA2CODE, ALPHA3CODE, CONTINENT, NAME, CAPITAL, POPULATION) VALUES ('DE', 'DEU', 'Europe', 'Germany', 'Berlin', 82.8);
INSERT INTO COUNTRY (ALPHA2CODE, ALPHA3CODE, CONTINENT, NAME, CAPITAL, POPULATION) VALUES ('IE', 'IRL', 'Europe', 'Ireland', 'Dublin', 4.77);
INSERT INTO COUNTRY (ALPHA2CODE, ALPHA3CODE, CONTINENT, NAME, CAPITAL, POPULATION) VALUES ('BY', 'BLR', 'Europe', 'Belarus', 'Minsk', 9.48);
INSERT INTO COUNTRY (ALPHA2CODE, ALPHA3CODE, CONTINENT, NAME, CAPITAL, POPULATION) VALUES ('LT', 'LTU', 'Europe', 'Lithuania', 'Vilnius', 2.85);
INSERT INTO COUNTRY (ALPHA2CODE, ALPHA3CODE, CONTINENT, NAME, CAPITAL, POPULATION) VALUES ('DK', 'DNK', 'Europe', 'Denmark', 'Copenhagen', 5.75);
INSERT INTO COUNTRY (ALPHA2CODE, ALPHA3CODE, CONTINENT, NAME, CAPITAL, POPULATION) VALUES ('RU', 'RUS', 'Europe', 'Russia', 'Moscow', 146.5);
INSERT INTO COUNTRY (ALPHA2CODE, ALPHA3CODE, CONTINENT, NAME, CAPITAL, POPULATION) VALUES ('LV', 'LVA', 'Europe', 'Latvia', 'Riga', 1.98);
INSERT INTO COUNTRY (ALPHA2CODE, ALPHA3CODE, CONTINENT, NAME, CAPITAL, POPULATION) VALUES ('SE', 'SWE', 'Europe', 'Sweden', 'Stockholm', 10);
INSERT INTO COUNTRY (ALPHA2CODE, ALPHA3CODE, CONTINENT, NAME, CAPITAL, POPULATION) VALUES ('EE', 'EST', 'Europe', 'Estonia', 'Tallinn', 1.32);
INSERT INTO COUNTRY (ALPHA2CODE, ALPHA3CODE, CONTINENT, NAME, CAPITAL, POPULATION) VALUES ('CY', 'CYP', 'Europe', 'Cyprus', 'Nicosia', 0.85);
INSERT INTO COUNTRY (ALPHA2CODE, ALPHA3CODE, CONTINENT, NAME, CAPITAL, POPULATION) VALUES ('MT', 'MLT', 'Europe', 'Malta', 'Valletta', 0.44);
INSERT INTO COUNTRY (ALPHA2CODE, ALPHA3CODE, CONTINENT, NAME, CAPITAL, POPULATION) VALUES ('NO', 'NOR', 'Europe', 'Norway', 'Oslo', 5.26);
INSERT INTO COUNTRY (ALPHA2CODE, ALPHA3CODE, CONTINENT, NAME, CAPITAL, POPULATION) VALUES ('FI', 'FIN', 'Europe', 'Finland', 'Helsinki', 5.5);
INSERT INTO COUNTRY (ALPHA2CODE, ALPHA3CODE, CONTINENT, NAME, CAPITAL, POPULATION) VALUES ('IS', 'ISL', 'Europe', 'Iceland', 'Reykjavik', 0.34);
INSERT INTO COUNTRY (ALPHA2CODE, ALPHA3CODE, CONTINENT, NAME, CAPITAL, POPULATION) VALUES ('MX', 'MEX', 'America', 'Mexico', 'Mexico City', 128.9);
INSERT INTO COUNTRY (ALPHA2CODE, ALPHA3CODE, CONTINENT, NAME, CAPITAL, POPULATION) VALUES ('CA', 'CAN', 'America', 'Canada', 'Ottawa', 37.7);
INSERT INTO COUNTRY (ALPHA2CODE, ALPHA3CODE, CONTINENT, NAME, CAPITAL, POPULATION) VALUES ('US', 'USA', 'America', 'United States', 'Washington', 331);
INSERT INTO COUNTRY (ALPHA2CODE, ALPHA3CODE, CONTINENT, NAME, CAPITAL, POPULATION) VALUES ('PA', 'PAN', 'America', 'Panama', 'Panama City', 4.3);
INSERT INTO COUNTRY (ALPHA2CODE, ALPHA3CODE, CONTINENT, NAME, CAPITAL, POPULATION) VALUES ('CR', 'CRI', 'America', 'Costa Rica', 'San Jose', 5.1);
INSERT INTO COUNTRY (ALPHA2CODE, ALPHA3CODE, CONTINENT, NAME, CAPITAL, POPULATION) VALUES ('NI', 'NIC', 'America', 'Nicaragua', 'Managua', 6.6);
INSERT INTO COUNTRY (ALPHA2CODE, ALPHA3CODE, CONTINENT, NAME, CAPITAL, POPULATION) VALUES ('SV', 'SLV', 'America', 'El Salvador', 'San Salvador', 6.48);
INSERT INTO COUNTRY (ALPHA2CODE, ALPHA3CODE, CONTINENT, NAME, CAPITAL, POPULATION) VALUES ('HN', 'HND', 'America', 'Honduras', 'Tegucigalpa', 9.9);
INSERT INTO COUNTRY (ALPHA2CODE, ALPHA3CODE, CONTINENT, NAME, CAPITAL, POPULATION) VALUES ('GT', 'GTM', 'America', 'Guatemala', 'Guatemala City', 17.91);
INSERT INTO COUNTRY (ALPHA2CODE, ALPHA3CODE, CONTINENT, NAME, CAPITAL, POPULATION) VALUES ('BZ', 'BLZ', 'America', 'Belize', 'Belmopan', 397.6);
INSERT INTO COUNTRY (ALPHA2CODE, ALPHA3CODE, CONTINENT, NAME, CAPITAL, POPULATION) VALUES ('UY', 'URY', 'America', 'Uruguay', 'Montevideo', 3.35);
INSERT INTO COUNTRY (ALPHA2CODE, ALPHA3CODE, CONTINENT, NAME, CAPITAL, POPULATION) VALUES ('AR', 'ARG', 'America', 'Argentina', 'Buenos Aires', 41.67);
INSERT INTO COUNTRY (ALPHA2CODE, ALPHA3CODE, CONTINENT, NAME, CAPITAL, POPULATION) VALUES ('CL', 'CHL', 'America', 'Chile', 'Santiago', 16.8);
INSERT INTO COUNTRY (ALPHA2CODE, ALPHA3CODE, CONTINENT, NAME, CAPITAL, POPULATION) VALUES ('PY', 'PRY', 'America', 'Paraguay', 'Asuncion', 6.24);
INSERT INTO COUNTRY (ALPHA2CODE, ALPHA3CODE, CONTINENT, NAME, CAPITAL, POPULATION) VALUES ('BO', 'BOL', 'America', 'Bolivia', 'La Paz', 9.7);
INSERT INTO COUNTRY (ALPHA2CODE, ALPHA3CODE, CONTINENT, NAME, CAPITAL, POPULATION) VALUES ('BR', 'BRA', 'America', 'Brazil', 'Brasilia', 206.12);
INSERT INTO COUNTRY (ALPHA2CODE, ALPHA3CODE, CONTINENT, NAME, CAPITAL, POPULATION) VALUES ('PE', 'PER', 'America', 'Peru', 'Lima', 28.22);
INSERT INTO COUNTRY (ALPHA2CODE, ALPHA3CODE, CONTINENT, NAME, CAPITAL, POPULATION) VALUES ('EC', 'ECU', 'America', 'Ecuador', 'Quito', 14.88);
INSERT INTO COUNTRY (ALPHA2CODE, ALPHA3CODE, CONTINENT, NAME, CAPITAL, POPULATION) VALUES ('CO', 'COL', 'America', 'Colombia', 'Bogota', 46.86);
INSERT INTO COUNTRY (ALPHA2CODE, ALPHA3CODE, CONTINENT, NAME, CAPITAL, POPULATION) VALUES ('SR', 'SUR', 'America', 'Suriname', 'Paramaribo', 0.04);
INSERT INTO COUNTRY (ALPHA2CODE, ALPHA3CODE, CONTINENT, NAME, CAPITAL, POPULATION) VALUES ('GY', 'GUY', 'America', 'Guyana', 'Georgetown', 786.5);
INSERT INTO COUNTRY (ALPHA2CODE, ALPHA3CODE, CONTINENT, NAME, CAPITAL, POPULATION) VALUES ('VE', 'VEN', 'America', 'Venezuela', 'Caracas', 31.02);


INSERT INTO  CITY (CITYID, COUNTRYALPHA2CODE, COUNTRYALPHA3CODE, NAME, LATITUDE, LONGITUDE) VALUES ('3', 'GR', 'GRC', 'Athens', 37.98333333, 23.733333);
INSERT INTO  CITY (CITYID, COUNTRYALPHA2CODE, COUNTRYALPHA3CODE, NAME, LATITUDE, LONGITUDE) VALUES ('4', 'PT', 'PRT', 'Lisbon', 38.71666667, -9.133333);
INSERT INTO  CITY (CITYID, COUNTRYALPHA2CODE, COUNTRYALPHA3CODE, NAME, LATITUDE, LONGITUDE) VALUES ('5', 'TR', 'TUR', 'Ankara', 39.93333333, 32.866667);
INSERT INTO  CITY (CITYID, COUNTRYALPHA2CODE, COUNTRYALPHA3CODE, NAME, LATITUDE, LONGITUDE) VALUES ('6', 'AM', 'ARM', 'Yerevan', 40.16666667, 44.5);
INSERT INTO  CITY (CITYID, COUNTRYALPHA2CODE, COUNTRYALPHA3CODE, NAME, LATITUDE, LONGITUDE) VALUES ('7', 'ES', 'ESP', 'Madrid', 40.4, -3.683333);
INSERT INTO  CITY (CITYID, COUNTRYALPHA2CODE, COUNTRYALPHA3CODE, NAME, LATITUDE, LONGITUDE) VALUES ('8', 'AL', 'ALB', 'Tirana', 41.31666667, 19.816667);
INSERT INTO  CITY (CITYID, COUNTRYALPHA2CODE, COUNTRYALPHA3CODE, NAME, LATITUDE, LONGITUDE) VALUES ('9', 'GE', 'GEO', 'Tbilisi', 41.68333333, 44.833333);
INSERT INTO  CITY (CITYID, COUNTRYALPHA2CODE, COUNTRYALPHA3CODE, NAME, LATITUDE, LONGITUDE) VALUES ('11', 'IT', 'ITA', 'Rome', 41.9, 12.483333);
INSERT INTO  CITY (CITYID, COUNTRYALPHA2CODE, COUNTRYALPHA3CODE, NAME, LATITUDE, LONGITUDE) VALUES ('12', 'MK', 'MKD', 'Skopje', 42, 21.433333);
INSERT INTO  CITY (CITYID, COUNTRYALPHA2CODE, COUNTRYALPHA3CODE, NAME, LATITUDE, LONGITUDE) VALUES ('13', 'ME', 'MNE', 'Podgorica', 42.43333333, 19.266667);
INSERT INTO  CITY (CITYID, COUNTRYALPHA2CODE, COUNTRYALPHA3CODE, NAME, LATITUDE, LONGITUDE) VALUES ('14', 'KO', 'KOS', 'Pristina', 42.66666667, 21.166667);
INSERT INTO  CITY (CITYID, COUNTRYALPHA2CODE, COUNTRYALPHA3CODE, NAME, LATITUDE, LONGITUDE) VALUES ('15', 'BG', 'BGR', 'Sofia', 42.68333333, 23.316667);
INSERT INTO  CITY (CITYID, COUNTRYALPHA2CODE, COUNTRYALPHA3CODE, NAME, LATITUDE, LONGITUDE) VALUES ('16', 'MC', 'MCO', 'Monaco', 43.73333333, 7.416667);
INSERT INTO  CITY (CITYID, COUNTRYALPHA2CODE, COUNTRYALPHA3CODE, NAME, LATITUDE, LONGITUDE) VALUES ('17', 'BA', 'BIH', 'Sarajevo', 43.86666667, 18.416667);
INSERT INTO  CITY (CITYID, COUNTRYALPHA2CODE, COUNTRYALPHA3CODE, NAME, LATITUDE, LONGITUDE) VALUES ('18', 'RO', 'ROU', 'Bucharest', 44.43333333, 26.1);
INSERT INTO  CITY (CITYID, COUNTRYALPHA2CODE, COUNTRYALPHA3CODE, NAME, LATITUDE, LONGITUDE) VALUES ('19', 'RS', 'SRB', 'Belgrade', 44.83333333, 20.5);
INSERT INTO  CITY (CITYID, COUNTRYALPHA2CODE, COUNTRYALPHA3CODE, NAME, LATITUDE, LONGITUDE) VALUES ('20', 'HR', 'HRV', 'Zagreb', 45.8, 16);
INSERT INTO  CITY (CITYID, COUNTRYALPHA2CODE, COUNTRYALPHA3CODE, NAME, LATITUDE, LONGITUDE) VALUES ('21', 'SI', 'SVN', 'Ljubljana', 46.05, 14.516667);
INSERT INTO  CITY (CITYID, COUNTRYALPHA2CODE, COUNTRYALPHA3CODE, NAME, LATITUDE, LONGITUDE) VALUES ('22', 'CH', 'CHE', 'Bern', 46.91666667, 7.466667);
INSERT INTO  CITY (CITYID, COUNTRYALPHA2CODE, COUNTRYALPHA3CODE, NAME, LATITUDE, LONGITUDE) VALUES ('23', 'MD', 'MDA', 'Chisinau', 47, 28.85);
INSERT INTO  CITY (CITYID, COUNTRYALPHA2CODE, COUNTRYALPHA3CODE, NAME, LATITUDE, LONGITUDE) VALUES ('24', 'LI', 'LIE', 'Vaduz', 47.13333333, 9.516667);
INSERT INTO  CITY (CITYID, COUNTRYALPHA2CODE, COUNTRYALPHA3CODE, NAME, LATITUDE, LONGITUDE) VALUES ('25', 'HU', 'HUN', 'Budapest', 47.5, 19.083333);
INSERT INTO  CITY (CITYID, COUNTRYALPHA2CODE, COUNTRYALPHA3CODE, NAME, LATITUDE, LONGITUDE) VALUES ('26', 'SK', 'SVK', 'Bratislava', 48.15, 17.116667);
INSERT INTO  CITY (CITYID, COUNTRYALPHA2CODE, COUNTRYALPHA3CODE, NAME, LATITUDE, LONGITUDE) VALUES ('27', 'AT', 'AUT', 'Vienna', 48.2, 16.366667);
INSERT INTO  CITY (CITYID, COUNTRYALPHA2CODE, COUNTRYALPHA3CODE, NAME, LATITUDE, LONGITUDE) VALUES ('28', 'FR', 'FRA', 'Paris', 48.86666667, 2.333333);
INSERT INTO  CITY (CITYID, COUNTRYALPHA2CODE, COUNTRYALPHA3CODE, NAME, LATITUDE, LONGITUDE) VALUES ('29', 'LU', 'LUX', 'Luxembourg', 49.6, 6.116667);
INSERT INTO  CITY (CITYID, COUNTRYALPHA2CODE, COUNTRYALPHA3CODE, NAME, LATITUDE, LONGITUDE) VALUES ('30', 'CZ', 'CZE', 'Prague', 50.08333333, 14.466667);
INSERT INTO  CITY (CITYID, COUNTRYALPHA2CODE, COUNTRYALPHA3CODE, NAME, LATITUDE, LONGITUDE) VALUES ('31', 'UA', 'UKR', 'Kyiv', 50.43333333, 30.516667);
INSERT INTO  CITY (CITYID, COUNTRYALPHA2CODE, COUNTRYALPHA3CODE, NAME, LATITUDE, LONGITUDE) VALUES ('32', 'BE', 'BEL', 'Brussels', 50.83333333, 4.333333);
INSERT INTO  CITY (CITYID, COUNTRYALPHA2CODE, COUNTRYALPHA3CODE, NAME, LATITUDE, LONGITUDE) VALUES ('33', 'GB', 'GBR', 'London', 51.5, -0.083333);
INSERT INTO  CITY (CITYID, COUNTRYALPHA2CODE, COUNTRYALPHA3CODE, NAME, LATITUDE, LONGITUDE) VALUES ('34', 'PL', 'POL', 'Warsaw', 52.25, 21);
INSERT INTO  CITY (CITYID, COUNTRYALPHA2CODE, COUNTRYALPHA3CODE, NAME, LATITUDE, LONGITUDE) VALUES ('35', 'NL', 'NLD', 'Amsterdam', 52.35, 4.916667);
INSERT INTO  CITY (CITYID, COUNTRYALPHA2CODE, COUNTRYALPHA3CODE, NAME, LATITUDE, LONGITUDE) VALUES ('36', 'DE', 'DEU', 'Berlin', 52.51666667, 13.4);
INSERT INTO  CITY (CITYID, COUNTRYALPHA2CODE, COUNTRYALPHA3CODE, NAME, LATITUDE, LONGITUDE) VALUES ('37', 'IE', 'IRL', 'Dublin', 53.31666667, -6.233333);
INSERT INTO  CITY (CITYID, COUNTRYALPHA2CODE, COUNTRYALPHA3CODE, NAME, LATITUDE, LONGITUDE) VALUES ('38', 'BY', 'BLR', 'Minsk', 53.9, 27.566667);
INSERT INTO  CITY (CITYID, COUNTRYALPHA2CODE, COUNTRYALPHA3CODE, NAME, LATITUDE, LONGITUDE) VALUES ('39', 'LT', 'LTU', 'Vilnius', 54.68333333, 25.316667);
INSERT INTO  CITY (CITYID, COUNTRYALPHA2CODE, COUNTRYALPHA3CODE, NAME, LATITUDE, LONGITUDE) VALUES ('40', 'DK', 'DNK', 'Copenhagen', 55.66666667, 12.583333);
INSERT INTO  CITY (CITYID, COUNTRYALPHA2CODE, COUNTRYALPHA3CODE, NAME, LATITUDE, LONGITUDE) VALUES ('41', 'RU', 'RUS', 'Moscow', 55.75, 37.6);
INSERT INTO  CITY (CITYID, COUNTRYALPHA2CODE, COUNTRYALPHA3CODE, NAME, LATITUDE, LONGITUDE) VALUES ('42', 'LV', 'LVA', 'Riga', 56.95, 24.1);
INSERT INTO  CITY (CITYID, COUNTRYALPHA2CODE, COUNTRYALPHA3CODE, NAME, LATITUDE, LONGITUDE) VALUES ('43', 'SE', 'SWE', 'Stockholm', 59.33333333, 18.05);
INSERT INTO  CITY (CITYID, COUNTRYALPHA2CODE, COUNTRYALPHA3CODE, NAME, LATITUDE, LONGITUDE) VALUES ('44', 'EE', 'EST', 'Tallinn', 59.43333333, 24.716667);
INSERT INTO  CITY (CITYID, COUNTRYALPHA2CODE, COUNTRYALPHA3CODE, NAME, LATITUDE, LONGITUDE) VALUES ('45', 'NO', 'NOR', 'Oslo', 59.91666667, 10.75);
INSERT INTO  CITY (CITYID, COUNTRYALPHA2CODE, COUNTRYALPHA3CODE, NAME, LATITUDE, LONGITUDE) VALUES ('46', 'FI', 'FIN', 'Helsinki', 60.16666667, 24.933333);
INSERT INTO  CITY (CITYID, COUNTRYALPHA2CODE, COUNTRYALPHA3CODE, NAME, LATITUDE, LONGITUDE) VALUES ('47', 'IS', 'ISL', 'Reykjavik', 64.15, -21.95);
INSERT INTO  CITY (CITYID, COUNTRYALPHA2CODE, COUNTRYALPHA3CODE, NAME, LATITUDE, LONGITUDE) VALUES ('48', 'MX', 'MEX', 'Mexico City', 19.43333333, -99.133333);
INSERT INTO  CITY (CITYID, COUNTRYALPHA2CODE, COUNTRYALPHA3CODE, NAME, LATITUDE, LONGITUDE) VALUES ('49', 'CA', 'CAN', 'Ottawa', 45.41666667, -75.7);
INSERT INTO  CITY (CITYID, COUNTRYALPHA2CODE, COUNTRYALPHA3CODE, NAME, LATITUDE, LONGITUDE) VALUES ('50', 'US', 'USA', 'Washington', 38.89511, -77.03637);
INSERT INTO  CITY (CITYID, COUNTRYALPHA2CODE, COUNTRYALPHA3CODE, NAME, LATITUDE, LONGITUDE) VALUES ('51', 'PA', 'PAN', 'Panama City', 8.966666667, -79.533333);
INSERT INTO  CITY (CITYID, COUNTRYALPHA2CODE, COUNTRYALPHA3CODE, NAME, LATITUDE, LONGITUDE) VALUES ('52', 'CR', 'CRI', 'San Jose', 9.933333333, -84.083333);
INSERT INTO  CITY (CITYID, COUNTRYALPHA2CODE, COUNTRYALPHA3CODE, NAME, LATITUDE, LONGITUDE) VALUES ('53', 'NI', 'NIC', 'Managua', 12.13333333, -86.25);
INSERT INTO  CITY (CITYID, COUNTRYALPHA2CODE, COUNTRYALPHA3CODE, NAME, LATITUDE, LONGITUDE) VALUES ('54', 'SV', 'SLV', 'San Salvador', 13.7, -89.2);
INSERT INTO  CITY (CITYID, COUNTRYALPHA2CODE, COUNTRYALPHA3CODE, NAME, LATITUDE, LONGITUDE) VALUES ('55', 'HN', 'HND', 'Tegucigalpa', 14.1, -87.216667);
INSERT INTO  CITY (CITYID, COUNTRYALPHA2CODE, COUNTRYALPHA3CODE, NAME, LATITUDE, LONGITUDE) VALUES ('56', 'GT', 'GTM', 'Guatemala City', 14.61666667, -90.516667);
INSERT INTO  CITY (CITYID, COUNTRYALPHA2CODE, COUNTRYALPHA3CODE, NAME, LATITUDE, LONGITUDE) VALUES ('57', 'BZ', 'BLZ', 'Belmopan', 17.25, -88.766667);
INSERT INTO  CITY (CITYID, COUNTRYALPHA2CODE, COUNTRYALPHA3CODE, NAME, LATITUDE, LONGITUDE) VALUES ('58', 'UY', 'URY', 'Montevideo', -34.85, -56.166667);
INSERT INTO  CITY (CITYID, COUNTRYALPHA2CODE, COUNTRYALPHA3CODE, NAME, LATITUDE, LONGITUDE) VALUES ('59', 'AR', 'ARG', 'Buenos Aires', -34.58333333, -58.666667);
INSERT INTO  CITY (CITYID, COUNTRYALPHA2CODE, COUNTRYALPHA3CODE, NAME, LATITUDE, LONGITUDE) VALUES ('60', 'CL', 'CHL', 'Santiago', -33.45, -70.666667);
INSERT INTO  CITY (CITYID, COUNTRYALPHA2CODE, COUNTRYALPHA3CODE, NAME, LATITUDE, LONGITUDE) VALUES ('61', 'PY', 'PRY', 'Asuncion', -25.26666667, -57.666667);
INSERT INTO  CITY (CITYID, COUNTRYALPHA2CODE, COUNTRYALPHA3CODE, NAME, LATITUDE, LONGITUDE) VALUES ('62', 'BO', 'BOL', 'La Paz', -16.5, -68.15);
INSERT INTO  CITY (CITYID, COUNTRYALPHA2CODE, COUNTRYALPHA3CODE, NAME, LATITUDE, LONGITUDE) VALUES ('63', 'BR', 'BRA', 'Brasilia', -15.78333333, -47.916667);
INSERT INTO  CITY (CITYID, COUNTRYALPHA2CODE, COUNTRYALPHA3CODE, NAME, LATITUDE, LONGITUDE) VALUES ('64', 'PE', 'PER', 'Lima', -12.05, -77.05);
INSERT INTO  CITY (CITYID, COUNTRYALPHA2CODE, COUNTRYALPHA3CODE, NAME, LATITUDE, LONGITUDE) VALUES ('65', 'EC', 'ECU', 'Quito', -0.216666667, -78.5);
INSERT INTO  CITY (CITYID, COUNTRYALPHA2CODE, COUNTRYALPHA3CODE, NAME, LATITUDE, LONGITUDE) VALUES ('66', 'CO', 'COL', 'Bogota', 4.6, -74.083333);
INSERT INTO  CITY (CITYID, COUNTRYALPHA2CODE, COUNTRYALPHA3CODE, NAME, LATITUDE, LONGITUDE) VALUES ('67', 'SR', 'SUR', 'Paramaribo', 5.833333333, -55.166667);
INSERT INTO  CITY (CITYID, COUNTRYALPHA2CODE, COUNTRYALPHA3CODE, NAME, LATITUDE, LONGITUDE) VALUES ('68', 'GY', 'GUY', 'Georgetown', 6.8, -58.15);
INSERT INTO  CITY (CITYID, COUNTRYALPHA2CODE, COUNTRYALPHA3CODE, NAME, LATITUDE, LONGITUDE) VALUES ('69', 'VE', 'VEN', 'Caracas', 10.48333333, -66.866667);
INSERT INTO  CITY (CITYID, COUNTRYALPHA2CODE, COUNTRYALPHA3CODE, NAME, LATITUDE, LONGITUDE) VALUES ('1', 'CY', 'CYP', 'Nicosia', 35.16666667, 33.366667);
INSERT INTO  CITY (CITYID, COUNTRYALPHA2CODE, COUNTRYALPHA3CODE, NAME, LATITUDE, LONGITUDE) VALUES ('2', 'MT', 'MLT', 'Valletta', 35.88333333, 14.5);

INSERT INTO BORDER (FIRSTCOUNTRYALPHA2CODE, FIRSTCOUNTRYALPHA3CODE, SECONDCOUNTRYALPHA2CODE, SECONDCOUNTRYALPHA3CODE) VALUES ('AL', 'ALB', 'GR', 'GRC');
INSERT INTO BORDER (FIRSTCOUNTRYALPHA2CODE, FIRSTCOUNTRYALPHA3CODE, SECONDCOUNTRYALPHA2CODE, SECONDCOUNTRYALPHA3CODE) VALUES ('AL', 'ALB', 'KO', 'KOS');
INSERT INTO BORDER (FIRSTCOUNTRYALPHA2CODE, FIRSTCOUNTRYALPHA3CODE, SECONDCOUNTRYALPHA2CODE, SECONDCOUNTRYALPHA3CODE) VALUES ('AL', 'ALB', 'ME', 'MNE');
INSERT INTO BORDER (FIRSTCOUNTRYALPHA2CODE, FIRSTCOUNTRYALPHA3CODE, SECONDCOUNTRYALPHA2CODE, SECONDCOUNTRYALPHA3CODE) VALUES ('AL', 'ALB', 'MK', 'MKD');
INSERT INTO BORDER (FIRSTCOUNTRYALPHA2CODE, FIRSTCOUNTRYALPHA3CODE, SECONDCOUNTRYALPHA2CODE, SECONDCOUNTRYALPHA3CODE) VALUES ('AM', 'ARM', 'GE', 'GEO');
INSERT INTO BORDER (FIRSTCOUNTRYALPHA2CODE, FIRSTCOUNTRYALPHA3CODE, SECONDCOUNTRYALPHA2CODE, SECONDCOUNTRYALPHA3CODE) VALUES ('AM', 'ARM', 'TR', 'TUR');
INSERT INTO BORDER (FIRSTCOUNTRYALPHA2CODE, FIRSTCOUNTRYALPHA3CODE, SECONDCOUNTRYALPHA2CODE, SECONDCOUNTRYALPHA3CODE) VALUES ('AR', 'ARG', 'BO', 'BOL');
INSERT INTO BORDER (FIRSTCOUNTRYALPHA2CODE, FIRSTCOUNTRYALPHA3CODE, SECONDCOUNTRYALPHA2CODE, SECONDCOUNTRYALPHA3CODE) VALUES ('AR', 'ARG', 'BR', 'BRA');
INSERT INTO BORDER (FIRSTCOUNTRYALPHA2CODE, FIRSTCOUNTRYALPHA3CODE, SECONDCOUNTRYALPHA2CODE, SECONDCOUNTRYALPHA3CODE) VALUES ('AR', 'ARG', 'CL', 'CHL');
INSERT INTO BORDER (FIRSTCOUNTRYALPHA2CODE, FIRSTCOUNTRYALPHA3CODE, SECONDCOUNTRYALPHA2CODE, SECONDCOUNTRYALPHA3CODE) VALUES ('AR', 'ARG', 'PY', 'PRY');
INSERT INTO BORDER (FIRSTCOUNTRYALPHA2CODE, FIRSTCOUNTRYALPHA3CODE, SECONDCOUNTRYALPHA2CODE, SECONDCOUNTRYALPHA3CODE) VALUES ('AR', 'ARG', 'UY', 'URY');
INSERT INTO BORDER (FIRSTCOUNTRYALPHA2CODE, FIRSTCOUNTRYALPHA3CODE, SECONDCOUNTRYALPHA2CODE, SECONDCOUNTRYALPHA3CODE) VALUES ('AT', 'AUT', 'CH', 'CHE');
INSERT INTO BORDER (FIRSTCOUNTRYALPHA2CODE, FIRSTCOUNTRYALPHA3CODE, SECONDCOUNTRYALPHA2CODE, SECONDCOUNTRYALPHA3CODE) VALUES ('AT', 'AUT', 'CZ', 'CZE');
INSERT INTO BORDER (FIRSTCOUNTRYALPHA2CODE, FIRSTCOUNTRYALPHA3CODE, SECONDCOUNTRYALPHA2CODE, SECONDCOUNTRYALPHA3CODE) VALUES ('AT', 'AUT', 'HU', 'HUN');
INSERT INTO BORDER (FIRSTCOUNTRYALPHA2CODE, FIRSTCOUNTRYALPHA3CODE, SECONDCOUNTRYALPHA2CODE, SECONDCOUNTRYALPHA3CODE) VALUES ('AT', 'AUT', 'IT', 'ITA');
INSERT INTO BORDER (FIRSTCOUNTRYALPHA2CODE, FIRSTCOUNTRYALPHA3CODE, SECONDCOUNTRYALPHA2CODE, SECONDCOUNTRYALPHA3CODE) VALUES ('AT', 'AUT', 'LI', 'LIE');
INSERT INTO BORDER (FIRSTCOUNTRYALPHA2CODE, FIRSTCOUNTRYALPHA3CODE, SECONDCOUNTRYALPHA2CODE, SECONDCOUNTRYALPHA3CODE) VALUES ('AT', 'AUT', 'SI', 'SVN');
INSERT INTO BORDER (FIRSTCOUNTRYALPHA2CODE, FIRSTCOUNTRYALPHA3CODE, SECONDCOUNTRYALPHA2CODE, SECONDCOUNTRYALPHA3CODE) VALUES ('AT', 'AUT', 'SK', 'SVK');
INSERT INTO BORDER (FIRSTCOUNTRYALPHA2CODE, FIRSTCOUNTRYALPHA3CODE, SECONDCOUNTRYALPHA2CODE, SECONDCOUNTRYALPHA3CODE) VALUES ('BA', 'BIH', 'HR', 'HRV');
INSERT INTO BORDER (FIRSTCOUNTRYALPHA2CODE, FIRSTCOUNTRYALPHA3CODE, SECONDCOUNTRYALPHA2CODE, SECONDCOUNTRYALPHA3CODE) VALUES ('BA', 'BIH', 'ME', 'MNE');
INSERT INTO BORDER (FIRSTCOUNTRYALPHA2CODE, FIRSTCOUNTRYALPHA3CODE, SECONDCOUNTRYALPHA2CODE, SECONDCOUNTRYALPHA3CODE) VALUES ('BA', 'BIH', 'RS', 'SRB');
INSERT INTO BORDER (FIRSTCOUNTRYALPHA2CODE, FIRSTCOUNTRYALPHA3CODE, SECONDCOUNTRYALPHA2CODE, SECONDCOUNTRYALPHA3CODE) VALUES ('BE', 'BEL', 'FR', 'FRA');
INSERT INTO BORDER (FIRSTCOUNTRYALPHA2CODE, FIRSTCOUNTRYALPHA3CODE, SECONDCOUNTRYALPHA2CODE, SECONDCOUNTRYALPHA3CODE) VALUES ('BE', 'BEL', 'LU', 'LUX');
INSERT INTO BORDER (FIRSTCOUNTRYALPHA2CODE, FIRSTCOUNTRYALPHA3CODE, SECONDCOUNTRYALPHA2CODE, SECONDCOUNTRYALPHA3CODE) VALUES ('BE', 'BEL', 'NL', 'NLD');
INSERT INTO BORDER (FIRSTCOUNTRYALPHA2CODE, FIRSTCOUNTRYALPHA3CODE, SECONDCOUNTRYALPHA2CODE, SECONDCOUNTRYALPHA3CODE) VALUES ('BG', 'BGR', 'GR', 'GRC');
INSERT INTO BORDER (FIRSTCOUNTRYALPHA2CODE, FIRSTCOUNTRYALPHA3CODE, SECONDCOUNTRYALPHA2CODE, SECONDCOUNTRYALPHA3CODE) VALUES ('BG', 'BGR', 'MK', 'MKD');
INSERT INTO BORDER (FIRSTCOUNTRYALPHA2CODE, FIRSTCOUNTRYALPHA3CODE, SECONDCOUNTRYALPHA2CODE, SECONDCOUNTRYALPHA3CODE) VALUES ('BG', 'BGR', 'RO', 'ROU');
INSERT INTO BORDER (FIRSTCOUNTRYALPHA2CODE, FIRSTCOUNTRYALPHA3CODE, SECONDCOUNTRYALPHA2CODE, SECONDCOUNTRYALPHA3CODE) VALUES ('BG', 'BGR', 'RS', 'SRB');
INSERT INTO BORDER (FIRSTCOUNTRYALPHA2CODE, FIRSTCOUNTRYALPHA3CODE, SECONDCOUNTRYALPHA2CODE, SECONDCOUNTRYALPHA3CODE) VALUES ('BG', 'BGR', 'TR', 'TUR');
INSERT INTO BORDER (FIRSTCOUNTRYALPHA2CODE, FIRSTCOUNTRYALPHA3CODE, SECONDCOUNTRYALPHA2CODE, SECONDCOUNTRYALPHA3CODE) VALUES ('BO', 'BOL', 'BR', 'BRA');
INSERT INTO BORDER (FIRSTCOUNTRYALPHA2CODE, FIRSTCOUNTRYALPHA3CODE, SECONDCOUNTRYALPHA2CODE, SECONDCOUNTRYALPHA3CODE) VALUES ('BO', 'BOL', 'CL', 'CHL');
INSERT INTO BORDER (FIRSTCOUNTRYALPHA2CODE, FIRSTCOUNTRYALPHA3CODE, SECONDCOUNTRYALPHA2CODE, SECONDCOUNTRYALPHA3CODE) VALUES ('BO', 'BOL', 'PE', 'PER');
INSERT INTO BORDER (FIRSTCOUNTRYALPHA2CODE, FIRSTCOUNTRYALPHA3CODE, SECONDCOUNTRYALPHA2CODE, SECONDCOUNTRYALPHA3CODE) VALUES ('BO', 'BOL', 'PY', 'PRY');
INSERT INTO BORDER (FIRSTCOUNTRYALPHA2CODE, FIRSTCOUNTRYALPHA3CODE, SECONDCOUNTRYALPHA2CODE, SECONDCOUNTRYALPHA3CODE) VALUES ('BR', 'BRA', 'CO', 'COL');
INSERT INTO BORDER (FIRSTCOUNTRYALPHA2CODE, FIRSTCOUNTRYALPHA3CODE, SECONDCOUNTRYALPHA2CODE, SECONDCOUNTRYALPHA3CODE) VALUES ('BR', 'BRA', 'GY', 'GUY');
INSERT INTO BORDER (FIRSTCOUNTRYALPHA2CODE, FIRSTCOUNTRYALPHA3CODE, SECONDCOUNTRYALPHA2CODE, SECONDCOUNTRYALPHA3CODE) VALUES ('BR', 'BRA', 'PE', 'PER');
INSERT INTO BORDER (FIRSTCOUNTRYALPHA2CODE, FIRSTCOUNTRYALPHA3CODE, SECONDCOUNTRYALPHA2CODE, SECONDCOUNTRYALPHA3CODE) VALUES ('BR', 'BRA', 'PY', 'PRY');
INSERT INTO BORDER (FIRSTCOUNTRYALPHA2CODE, FIRSTCOUNTRYALPHA3CODE, SECONDCOUNTRYALPHA2CODE, SECONDCOUNTRYALPHA3CODE) VALUES ('BR', 'BRA', 'SR', 'SUR');
INSERT INTO BORDER (FIRSTCOUNTRYALPHA2CODE, FIRSTCOUNTRYALPHA3CODE, SECONDCOUNTRYALPHA2CODE, SECONDCOUNTRYALPHA3CODE) VALUES ('BR', 'BRA', 'UY', 'URY');
INSERT INTO BORDER (FIRSTCOUNTRYALPHA2CODE, FIRSTCOUNTRYALPHA3CODE, SECONDCOUNTRYALPHA2CODE, SECONDCOUNTRYALPHA3CODE) VALUES ('BR', 'BRA', 'VE', 'VEN');
INSERT INTO BORDER (FIRSTCOUNTRYALPHA2CODE, FIRSTCOUNTRYALPHA3CODE, SECONDCOUNTRYALPHA2CODE, SECONDCOUNTRYALPHA3CODE) VALUES ('BY', 'BLR', 'LT', 'LTU');
INSERT INTO BORDER (FIRSTCOUNTRYALPHA2CODE, FIRSTCOUNTRYALPHA3CODE, SECONDCOUNTRYALPHA2CODE, SECONDCOUNTRYALPHA3CODE) VALUES ('BY', 'BLR', 'LV', 'LVA');
INSERT INTO BORDER (FIRSTCOUNTRYALPHA2CODE, FIRSTCOUNTRYALPHA3CODE, SECONDCOUNTRYALPHA2CODE, SECONDCOUNTRYALPHA3CODE) VALUES ('BY', 'BLR', 'PL', 'POL');
INSERT INTO BORDER (FIRSTCOUNTRYALPHA2CODE, FIRSTCOUNTRYALPHA3CODE, SECONDCOUNTRYALPHA2CODE, SECONDCOUNTRYALPHA3CODE) VALUES ('BY', 'BLR', 'RU', 'RUS');
INSERT INTO BORDER (FIRSTCOUNTRYALPHA2CODE, FIRSTCOUNTRYALPHA3CODE, SECONDCOUNTRYALPHA2CODE, SECONDCOUNTRYALPHA3CODE) VALUES ('BY', 'BLR', 'UA', 'UKR');
INSERT INTO BORDER (FIRSTCOUNTRYALPHA2CODE, FIRSTCOUNTRYALPHA3CODE, SECONDCOUNTRYALPHA2CODE, SECONDCOUNTRYALPHA3CODE) VALUES ('BZ', 'BLZ', 'MX', 'MEX');
INSERT INTO BORDER (FIRSTCOUNTRYALPHA2CODE, FIRSTCOUNTRYALPHA3CODE, SECONDCOUNTRYALPHA2CODE, SECONDCOUNTRYALPHA3CODE) VALUES ('CA', 'CAN', 'US', 'USA');
INSERT INTO BORDER (FIRSTCOUNTRYALPHA2CODE, FIRSTCOUNTRYALPHA3CODE, SECONDCOUNTRYALPHA2CODE, SECONDCOUNTRYALPHA3CODE) VALUES ('CL', 'CHL', 'PE', 'PER');
INSERT INTO BORDER (FIRSTCOUNTRYALPHA2CODE, FIRSTCOUNTRYALPHA3CODE, SECONDCOUNTRYALPHA2CODE, SECONDCOUNTRYALPHA3CODE) VALUES ('CO', 'COL', 'EC', 'ECU');
INSERT INTO BORDER (FIRSTCOUNTRYALPHA2CODE, FIRSTCOUNTRYALPHA3CODE, SECONDCOUNTRYALPHA2CODE, SECONDCOUNTRYALPHA3CODE) VALUES ('CO', 'COL', 'PE', 'PER');
INSERT INTO BORDER (FIRSTCOUNTRYALPHA2CODE, FIRSTCOUNTRYALPHA3CODE, SECONDCOUNTRYALPHA2CODE, SECONDCOUNTRYALPHA3CODE) VALUES ('CO', 'COL', 'VE', 'VEN');
INSERT INTO BORDER (FIRSTCOUNTRYALPHA2CODE, FIRSTCOUNTRYALPHA3CODE, SECONDCOUNTRYALPHA2CODE, SECONDCOUNTRYALPHA3CODE) VALUES ('CR', 'CRI', 'NI', 'NIC');
INSERT INTO BORDER (FIRSTCOUNTRYALPHA2CODE, FIRSTCOUNTRYALPHA3CODE, SECONDCOUNTRYALPHA2CODE, SECONDCOUNTRYALPHA3CODE) VALUES ('CR', 'CRI', 'PA', 'PAN');
INSERT INTO BORDER (FIRSTCOUNTRYALPHA2CODE, FIRSTCOUNTRYALPHA3CODE, SECONDCOUNTRYALPHA2CODE, SECONDCOUNTRYALPHA3CODE) VALUES ('DE', 'DEU', 'AT', 'AUT');
INSERT INTO BORDER (FIRSTCOUNTRYALPHA2CODE, FIRSTCOUNTRYALPHA3CODE, SECONDCOUNTRYALPHA2CODE, SECONDCOUNTRYALPHA3CODE) VALUES ('DE', 'DEU', 'BE', 'BEL');
INSERT INTO BORDER (FIRSTCOUNTRYALPHA2CODE, FIRSTCOUNTRYALPHA3CODE, SECONDCOUNTRYALPHA2CODE, SECONDCOUNTRYALPHA3CODE) VALUES ('DE', 'DEU', 'CH', 'CHE');
INSERT INTO BORDER (FIRSTCOUNTRYALPHA2CODE, FIRSTCOUNTRYALPHA3CODE, SECONDCOUNTRYALPHA2CODE, SECONDCOUNTRYALPHA3CODE) VALUES ('DE', 'DEU', 'CZ', 'CZE');
INSERT INTO BORDER (FIRSTCOUNTRYALPHA2CODE, FIRSTCOUNTRYALPHA3CODE, SECONDCOUNTRYALPHA2CODE, SECONDCOUNTRYALPHA3CODE) VALUES ('DE', 'DEU', 'DK', 'DNK');
INSERT INTO BORDER (FIRSTCOUNTRYALPHA2CODE, FIRSTCOUNTRYALPHA3CODE, SECONDCOUNTRYALPHA2CODE, SECONDCOUNTRYALPHA3CODE) VALUES ('DE', 'DEU', 'FR', 'FRA');
INSERT INTO BORDER (FIRSTCOUNTRYALPHA2CODE, FIRSTCOUNTRYALPHA3CODE, SECONDCOUNTRYALPHA2CODE, SECONDCOUNTRYALPHA3CODE) VALUES ('DE', 'DEU', 'LU', 'LUX');
INSERT INTO BORDER (FIRSTCOUNTRYALPHA2CODE, FIRSTCOUNTRYALPHA3CODE, SECONDCOUNTRYALPHA2CODE, SECONDCOUNTRYALPHA3CODE) VALUES ('DE', 'DEU', 'NL', 'NLD');
INSERT INTO BORDER (FIRSTCOUNTRYALPHA2CODE, FIRSTCOUNTRYALPHA3CODE, SECONDCOUNTRYALPHA2CODE, SECONDCOUNTRYALPHA3CODE) VALUES ('DE', 'DEU', 'PL', 'POL');
INSERT INTO BORDER (FIRSTCOUNTRYALPHA2CODE, FIRSTCOUNTRYALPHA3CODE, SECONDCOUNTRYALPHA2CODE, SECONDCOUNTRYALPHA3CODE) VALUES ('EC', 'ECU', 'PE', 'PER');
INSERT INTO BORDER (FIRSTCOUNTRYALPHA2CODE, FIRSTCOUNTRYALPHA3CODE, SECONDCOUNTRYALPHA2CODE, SECONDCOUNTRYALPHA3CODE) VALUES ('EE', 'EST', 'LV', 'LVA');
INSERT INTO BORDER (FIRSTCOUNTRYALPHA2CODE, FIRSTCOUNTRYALPHA3CODE, SECONDCOUNTRYALPHA2CODE, SECONDCOUNTRYALPHA3CODE) VALUES ('EE', 'EST', 'RU', 'RUS');
INSERT INTO BORDER (FIRSTCOUNTRYALPHA2CODE, FIRSTCOUNTRYALPHA3CODE, SECONDCOUNTRYALPHA2CODE, SECONDCOUNTRYALPHA3CODE) VALUES ('ES', 'ESP', 'FR', 'FRA');
INSERT INTO BORDER (FIRSTCOUNTRYALPHA2CODE, FIRSTCOUNTRYALPHA3CODE, SECONDCOUNTRYALPHA2CODE, SECONDCOUNTRYALPHA3CODE) VALUES ('ES', 'ESP', 'PT', 'PRT');
INSERT INTO BORDER (FIRSTCOUNTRYALPHA2CODE, FIRSTCOUNTRYALPHA3CODE, SECONDCOUNTRYALPHA2CODE, SECONDCOUNTRYALPHA3CODE) VALUES ('FI', 'FIN', 'NO', 'NOR');
INSERT INTO BORDER (FIRSTCOUNTRYALPHA2CODE, FIRSTCOUNTRYALPHA3CODE, SECONDCOUNTRYALPHA2CODE, SECONDCOUNTRYALPHA3CODE) VALUES ('FI', 'FIN', 'RU', 'RUS');
INSERT INTO BORDER (FIRSTCOUNTRYALPHA2CODE, FIRSTCOUNTRYALPHA3CODE, SECONDCOUNTRYALPHA2CODE, SECONDCOUNTRYALPHA3CODE) VALUES ('FI', 'FIN', 'SE', 'SWE');
INSERT INTO BORDER (FIRSTCOUNTRYALPHA2CODE, FIRSTCOUNTRYALPHA3CODE, SECONDCOUNTRYALPHA2CODE, SECONDCOUNTRYALPHA3CODE) VALUES ('FR', 'FRA', 'CH', 'CHE');
INSERT INTO BORDER (FIRSTCOUNTRYALPHA2CODE, FIRSTCOUNTRYALPHA3CODE, SECONDCOUNTRYALPHA2CODE, SECONDCOUNTRYALPHA3CODE) VALUES ('FR', 'FRA', 'IT', 'ITA');
INSERT INTO BORDER (FIRSTCOUNTRYALPHA2CODE, FIRSTCOUNTRYALPHA3CODE, SECONDCOUNTRYALPHA2CODE, SECONDCOUNTRYALPHA3CODE) VALUES ('FR', 'FRA', 'LU', 'LUX');
INSERT INTO BORDER (FIRSTCOUNTRYALPHA2CODE, FIRSTCOUNTRYALPHA3CODE, SECONDCOUNTRYALPHA2CODE, SECONDCOUNTRYALPHA3CODE) VALUES ('FR', 'FRA', 'MC', 'MCO');
INSERT INTO BORDER (FIRSTCOUNTRYALPHA2CODE, FIRSTCOUNTRYALPHA3CODE, SECONDCOUNTRYALPHA2CODE, SECONDCOUNTRYALPHA3CODE) VALUES ('GE', 'GEO', 'RU', 'RUS');
INSERT INTO BORDER (FIRSTCOUNTRYALPHA2CODE, FIRSTCOUNTRYALPHA3CODE, SECONDCOUNTRYALPHA2CODE, SECONDCOUNTRYALPHA3CODE) VALUES ('GE', 'GEO', 'TR', 'TUR');
INSERT INTO BORDER (FIRSTCOUNTRYALPHA2CODE, FIRSTCOUNTRYALPHA3CODE, SECONDCOUNTRYALPHA2CODE, SECONDCOUNTRYALPHA3CODE) VALUES ('GR', 'GRC', 'MK', 'MKD');
INSERT INTO BORDER (FIRSTCOUNTRYALPHA2CODE, FIRSTCOUNTRYALPHA3CODE, SECONDCOUNTRYALPHA2CODE, SECONDCOUNTRYALPHA3CODE) VALUES ('GR', 'GRC', 'TR', 'TUR');
INSERT INTO BORDER (FIRSTCOUNTRYALPHA2CODE, FIRSTCOUNTRYALPHA3CODE, SECONDCOUNTRYALPHA2CODE, SECONDCOUNTRYALPHA3CODE) VALUES ('GT', 'GTM', 'MX', 'MEX');
INSERT INTO BORDER (FIRSTCOUNTRYALPHA2CODE, FIRSTCOUNTRYALPHA3CODE, SECONDCOUNTRYALPHA2CODE, SECONDCOUNTRYALPHA3CODE) VALUES ('GT', 'GTM', 'SV', 'SLV');
INSERT INTO BORDER (FIRSTCOUNTRYALPHA2CODE, FIRSTCOUNTRYALPHA3CODE, SECONDCOUNTRYALPHA2CODE, SECONDCOUNTRYALPHA3CODE) VALUES ('GY', 'GUY', 'SR', 'SUR');
INSERT INTO BORDER (FIRSTCOUNTRYALPHA2CODE, FIRSTCOUNTRYALPHA3CODE, SECONDCOUNTRYALPHA2CODE, SECONDCOUNTRYALPHA3CODE) VALUES ('GY', 'GUY', 'VE', 'VEN');
INSERT INTO BORDER (FIRSTCOUNTRYALPHA2CODE, FIRSTCOUNTRYALPHA3CODE, SECONDCOUNTRYALPHA2CODE, SECONDCOUNTRYALPHA3CODE) VALUES ('HN', 'HND', 'NI', 'NIC');
INSERT INTO BORDER (FIRSTCOUNTRYALPHA2CODE, FIRSTCOUNTRYALPHA3CODE, SECONDCOUNTRYALPHA2CODE, SECONDCOUNTRYALPHA3CODE) VALUES ('HN', 'HND', 'SV', 'SLV');
INSERT INTO BORDER (FIRSTCOUNTRYALPHA2CODE, FIRSTCOUNTRYALPHA3CODE, SECONDCOUNTRYALPHA2CODE, SECONDCOUNTRYALPHA3CODE) VALUES ('HR', 'HRV', 'HU', 'HUN');
INSERT INTO BORDER (FIRSTCOUNTRYALPHA2CODE, FIRSTCOUNTRYALPHA3CODE, SECONDCOUNTRYALPHA2CODE, SECONDCOUNTRYALPHA3CODE) VALUES ('HR', 'HRV', 'ME', 'MNE');
INSERT INTO BORDER (FIRSTCOUNTRYALPHA2CODE, FIRSTCOUNTRYALPHA3CODE, SECONDCOUNTRYALPHA2CODE, SECONDCOUNTRYALPHA3CODE) VALUES ('HR', 'HRV', 'RS', 'SRB');
INSERT INTO BORDER (FIRSTCOUNTRYALPHA2CODE, FIRSTCOUNTRYALPHA3CODE, SECONDCOUNTRYALPHA2CODE, SECONDCOUNTRYALPHA3CODE) VALUES ('HR', 'HRV', 'SI', 'SVN');
INSERT INTO BORDER (FIRSTCOUNTRYALPHA2CODE, FIRSTCOUNTRYALPHA3CODE, SECONDCOUNTRYALPHA2CODE, SECONDCOUNTRYALPHA3CODE) VALUES ('HU', 'HUN', 'RO', 'ROU');
INSERT INTO BORDER (FIRSTCOUNTRYALPHA2CODE, FIRSTCOUNTRYALPHA3CODE, SECONDCOUNTRYALPHA2CODE, SECONDCOUNTRYALPHA3CODE) VALUES ('HU', 'HUN', 'RS', 'SRB');
INSERT INTO BORDER (FIRSTCOUNTRYALPHA2CODE, FIRSTCOUNTRYALPHA3CODE, SECONDCOUNTRYALPHA2CODE, SECONDCOUNTRYALPHA3CODE) VALUES ('HU', 'HUN', 'UA', 'UKR');
INSERT INTO BORDER (FIRSTCOUNTRYALPHA2CODE, FIRSTCOUNTRYALPHA3CODE, SECONDCOUNTRYALPHA2CODE, SECONDCOUNTRYALPHA3CODE) VALUES ('IE', 'IRL', 'GB', 'GBR');
INSERT INTO BORDER (FIRSTCOUNTRYALPHA2CODE, FIRSTCOUNTRYALPHA3CODE, SECONDCOUNTRYALPHA2CODE, SECONDCOUNTRYALPHA3CODE) VALUES ('IT', 'ITA', 'CH', 'CHE');
INSERT INTO BORDER (FIRSTCOUNTRYALPHA2CODE, FIRSTCOUNTRYALPHA3CODE, SECONDCOUNTRYALPHA2CODE, SECONDCOUNTRYALPHA3CODE) VALUES ('KO', 'KOS', 'ME', 'MNE');
INSERT INTO BORDER (FIRSTCOUNTRYALPHA2CODE, FIRSTCOUNTRYALPHA3CODE, SECONDCOUNTRYALPHA2CODE, SECONDCOUNTRYALPHA3CODE) VALUES ('KO', 'KOS', 'MK', 'MKD');
INSERT INTO BORDER (FIRSTCOUNTRYALPHA2CODE, FIRSTCOUNTRYALPHA3CODE, SECONDCOUNTRYALPHA2CODE, SECONDCOUNTRYALPHA3CODE) VALUES ('KO', 'KOS', 'RS', 'SRB');
INSERT INTO BORDER (FIRSTCOUNTRYALPHA2CODE, FIRSTCOUNTRYALPHA3CODE, SECONDCOUNTRYALPHA2CODE, SECONDCOUNTRYALPHA3CODE) VALUES ('LI', 'LIE', 'CH', 'CHE');
INSERT INTO BORDER (FIRSTCOUNTRYALPHA2CODE, FIRSTCOUNTRYALPHA3CODE, SECONDCOUNTRYALPHA2CODE, SECONDCOUNTRYALPHA3CODE) VALUES ('LT', 'LTU', 'PL', 'POL');
INSERT INTO BORDER (FIRSTCOUNTRYALPHA2CODE, FIRSTCOUNTRYALPHA3CODE, SECONDCOUNTRYALPHA2CODE, SECONDCOUNTRYALPHA3CODE) VALUES ('LT', 'LTU', 'RU', 'RUS');
INSERT INTO BORDER (FIRSTCOUNTRYALPHA2CODE, FIRSTCOUNTRYALPHA3CODE, SECONDCOUNTRYALPHA2CODE, SECONDCOUNTRYALPHA3CODE) VALUES ('LV', 'LVA', 'LT', 'LTU');
INSERT INTO BORDER (FIRSTCOUNTRYALPHA2CODE, FIRSTCOUNTRYALPHA3CODE, SECONDCOUNTRYALPHA2CODE, SECONDCOUNTRYALPHA3CODE) VALUES ('LV', 'LVA', 'RU', 'RUS');
INSERT INTO BORDER (FIRSTCOUNTRYALPHA2CODE, FIRSTCOUNTRYALPHA3CODE, SECONDCOUNTRYALPHA2CODE, SECONDCOUNTRYALPHA3CODE) VALUES ('MD', 'MDA', 'RO', 'ROU');
INSERT INTO BORDER (FIRSTCOUNTRYALPHA2CODE, FIRSTCOUNTRYALPHA3CODE, SECONDCOUNTRYALPHA2CODE, SECONDCOUNTRYALPHA3CODE) VALUES ('MD', 'MDA', 'UA', 'UKR');
INSERT INTO BORDER (FIRSTCOUNTRYALPHA2CODE, FIRSTCOUNTRYALPHA3CODE, SECONDCOUNTRYALPHA2CODE, SECONDCOUNTRYALPHA3CODE) VALUES ('ME', 'MNE', 'RS', 'SRB');
INSERT INTO BORDER (FIRSTCOUNTRYALPHA2CODE, FIRSTCOUNTRYALPHA3CODE, SECONDCOUNTRYALPHA2CODE, SECONDCOUNTRYALPHA3CODE) VALUES ('MK', 'MKD', 'RS', 'SRB');
INSERT INTO BORDER (FIRSTCOUNTRYALPHA2CODE, FIRSTCOUNTRYALPHA3CODE, SECONDCOUNTRYALPHA2CODE, SECONDCOUNTRYALPHA3CODE) VALUES ('MX', 'MEX', 'US', 'USA');
INSERT INTO BORDER (FIRSTCOUNTRYALPHA2CODE, FIRSTCOUNTRYALPHA3CODE, SECONDCOUNTRYALPHA2CODE, SECONDCOUNTRYALPHA3CODE) VALUES ('NO', 'NOR', 'RU', 'RUS');
INSERT INTO BORDER (FIRSTCOUNTRYALPHA2CODE, FIRSTCOUNTRYALPHA3CODE, SECONDCOUNTRYALPHA2CODE, SECONDCOUNTRYALPHA3CODE) VALUES ('NO', 'NOR', 'SE', 'SWE');
INSERT INTO BORDER (FIRSTCOUNTRYALPHA2CODE, FIRSTCOUNTRYALPHA3CODE, SECONDCOUNTRYALPHA2CODE, SECONDCOUNTRYALPHA3CODE) VALUES ('PA', 'PAN', 'CO', 'COL');
INSERT INTO BORDER (FIRSTCOUNTRYALPHA2CODE, FIRSTCOUNTRYALPHA3CODE, SECONDCOUNTRYALPHA2CODE, SECONDCOUNTRYALPHA3CODE) VALUES ('PL', 'POL', 'CZ', 'CZE');
INSERT INTO BORDER (FIRSTCOUNTRYALPHA2CODE, FIRSTCOUNTRYALPHA3CODE, SECONDCOUNTRYALPHA2CODE, SECONDCOUNTRYALPHA3CODE) VALUES ('PL', 'POL', 'RU', 'RUS');
INSERT INTO BORDER (FIRSTCOUNTRYALPHA2CODE, FIRSTCOUNTRYALPHA3CODE, SECONDCOUNTRYALPHA2CODE, SECONDCOUNTRYALPHA3CODE) VALUES ('PL', 'POL', 'UA', 'UKR');
INSERT INTO BORDER (FIRSTCOUNTRYALPHA2CODE, FIRSTCOUNTRYALPHA3CODE, SECONDCOUNTRYALPHA2CODE, SECONDCOUNTRYALPHA3CODE) VALUES ('RO', 'ROU', 'RS', 'SRB');
INSERT INTO BORDER (FIRSTCOUNTRYALPHA2CODE, FIRSTCOUNTRYALPHA3CODE, SECONDCOUNTRYALPHA2CODE, SECONDCOUNTRYALPHA3CODE) VALUES ('RO', 'ROU', 'UA', 'UKR');
INSERT INTO BORDER (FIRSTCOUNTRYALPHA2CODE, FIRSTCOUNTRYALPHA3CODE, SECONDCOUNTRYALPHA2CODE, SECONDCOUNTRYALPHA3CODE) VALUES ('RU', 'RUS', 'UA', 'UKR');
INSERT INTO BORDER (FIRSTCOUNTRYALPHA2CODE, FIRSTCOUNTRYALPHA3CODE, SECONDCOUNTRYALPHA2CODE, SECONDCOUNTRYALPHA3CODE) VALUES ('SI', 'SVN', 'HU', 'HUN');
INSERT INTO BORDER (FIRSTCOUNTRYALPHA2CODE, FIRSTCOUNTRYALPHA3CODE, SECONDCOUNTRYALPHA2CODE, SECONDCOUNTRYALPHA3CODE) VALUES ('SI', 'SVN', 'IT', 'ITA');
INSERT INTO BORDER (FIRSTCOUNTRYALPHA2CODE, FIRSTCOUNTRYALPHA3CODE, SECONDCOUNTRYALPHA2CODE, SECONDCOUNTRYALPHA3CODE) VALUES ('SK', 'SVK', 'CZ', 'CZE');
INSERT INTO BORDER (FIRSTCOUNTRYALPHA2CODE, FIRSTCOUNTRYALPHA3CODE, SECONDCOUNTRYALPHA2CODE, SECONDCOUNTRYALPHA3CODE) VALUES ('SK', 'SVK', 'HU', 'HUN');
INSERT INTO BORDER (FIRSTCOUNTRYALPHA2CODE, FIRSTCOUNTRYALPHA3CODE, SECONDCOUNTRYALPHA2CODE, SECONDCOUNTRYALPHA3CODE) VALUES ('SK', 'SVK', 'PL', 'POL');
INSERT INTO BORDER (FIRSTCOUNTRYALPHA2CODE, FIRSTCOUNTRYALPHA3CODE, SECONDCOUNTRYALPHA2CODE, SECONDCOUNTRYALPHA3CODE) VALUES ('SK', 'SVK', 'UA', 'UKR');

INSERT INTO FACILITY (FACILITYID, ALPHA2CODE, ALPHA3CODE, LONGITUDE, LATITUDE, NAME, CAPACITY) VALUES ('500', 'GB', 'GBR', 80, 15, 'EnglishWarehouse', '500');
INSERT INTO  FACILITY (FACILITYID, ALPHA2CODE, ALPHA3CODE, LONGITUDE, LATITUDE, NAME, CAPACITY) VALUES ('10138', 'MT', 'MLT', 14.54306, 35.84194, 'Marsaxlokk', '200');
INSERT INTO  FACILITY (FACILITYID, ALPHA2CODE, ALPHA3CODE, LONGITUDE, LATITUDE, NAME, CAPACITY) VALUES ('10563', 'DK', 'DNK', 12.61666667, 55.7, 'Copenhagen', '200');
INSERT INTO  FACILITY (FACILITYID, ALPHA2CODE, ALPHA3CODE, LONGITUDE, LATITUDE, NAME, CAPACITY) VALUES ('10860', 'PE', 'PER', -72.1, -17, 'Matarani', '200');
INSERT INTO  FACILITY (FACILITYID, ALPHA2CODE, ALPHA3CODE, LONGITUDE, LATITUDE, NAME, CAPACITY) VALUES ('11174', 'IT', 'ITA', 8.933333333, 44.4, 'Genoa', '200');
INSERT INTO  FACILITY (FACILITYID, ALPHA2CODE, ALPHA3CODE, LONGITUDE, LATITUDE, NAME, CAPACITY) VALUES ('11180', 'IS', 'ISL', -21.7781, 64.3572, 'Grundartangi', '200');
INSERT INTO  FACILITY (FACILITYID, ALPHA2CODE, ALPHA3CODE, LONGITUDE, LATITUDE, NAME, CAPACITY) VALUES ('11771', 'RU', 'RUS', 20.48333333, 54.7, 'Kaliningrad', '200');
INSERT INTO  FACILITY (FACILITYID, ALPHA2CODE, ALPHA3CODE, LONGITUDE, LATITUDE, NAME, CAPACITY) VALUES ('12543', 'PL', 'POL', 18.68333333, 54.35, 'Gdansk', '200');
INSERT INTO  FACILITY (FACILITYID, ALPHA2CODE, ALPHA3CODE, LONGITUDE, LATITUDE, NAME, CAPACITY) VALUES ('13012', 'PT', 'PRT', -8.7, 41.18333333, 'Leixoes', '200');
INSERT INTO  FACILITY (FACILITYID, ALPHA2CODE, ALPHA3CODE, LONGITUDE, LATITUDE, NAME, CAPACITY) VALUES ('13176', 'IT', 'ITA', 12.33333333, 45.43333333, 'Venice', '200');
INSERT INTO  FACILITY (FACILITYID, ALPHA2CODE, ALPHA3CODE, LONGITUDE, LATITUDE, NAME, CAPACITY) VALUES ('13390', 'PT', 'PRT', -8.916666667, 38.5, 'Setubal', '200');
INSERT INTO  FACILITY (FACILITYID, ALPHA2CODE, ALPHA3CODE, LONGITUDE, LATITUDE, NAME, CAPACITY) VALUES ('14113', 'AR', 'ARG', -62.26666667, -38.78333333, 'Bahia Blanca', '200');
INSERT INTO  FACILITY (FACILITYID, ALPHA2CODE, ALPHA3CODE, LONGITUDE, LATITUDE, NAME, CAPACITY) VALUES ('14226', 'EC', 'ECU', -79.63333333, 1, 'Esmeraldas', '200');
INSERT INTO  FACILITY (FACILITYID, ALPHA2CODE, ALPHA3CODE, LONGITUDE, LATITUDE, NAME, CAPACITY) VALUES ('14277', 'MX', 'MEX', -104.3333333, 19.05, 'Manzanillo', '200');
INSERT INTO  FACILITY (FACILITYID, ALPHA2CODE, ALPHA3CODE, LONGITUDE, LATITUDE, NAME, CAPACITY) VALUES ('14459', 'RO', 'ROU', 28.65, 44.16666667, 'Constantza', '200');
INSERT INTO  FACILITY (FACILITYID, ALPHA2CODE, ALPHA3CODE, LONGITUDE, LATITUDE, NAME, CAPACITY) VALUES ('14470', 'RO', 'ROU', 28.08333333, 45.41666667, 'Galatz', '200');
INSERT INTO  FACILITY (FACILITYID, ALPHA2CODE, ALPHA3CODE, LONGITUDE, LATITUDE, NAME, CAPACITY) VALUES ('14635', 'US', 'USA', -118.2666667, 33.71666667, 'Los Angeles', '200');
INSERT INTO  FACILITY (FACILITYID, ALPHA2CODE, ALPHA3CODE, LONGITUDE, LATITUDE, NAME, CAPACITY) VALUES ('15107', 'SV', 'SLV', -87.81666667, 13.33333333, 'Cutuco', '200');
INSERT INTO  FACILITY (FACILITYID, ALPHA2CODE, ALPHA3CODE, LONGITUDE, LATITUDE, NAME, CAPACITY) VALUES ('16485', 'FI', 'FIN', 24.95, 60.16666667, 'Helsinki', '200');
INSERT INTO  FACILITY (FACILITYID, ALPHA2CODE, ALPHA3CODE, LONGITUDE, LATITUDE, NAME, CAPACITY) VALUES ('16737', 'FI', 'FIN', 26.95, 60.46666667, 'Kotka', '200');
INSERT INTO  FACILITY (FACILITYID, ALPHA2CODE, ALPHA3CODE, LONGITUDE, LATITUDE, NAME, CAPACITY) VALUES ('17386', 'ES', 'ESP', 2.166666667, 41.33333333, 'Barcelona', '200');
INSERT INTO  FACILITY (FACILITYID, ALPHA2CODE, ALPHA3CODE, LONGITUDE, LATITUDE, NAME, CAPACITY) VALUES ('17941', 'UY', 'URY', -56.21666667, -34.9, 'Montevideo', '200');
INSERT INTO  FACILITY (FACILITYID, ALPHA2CODE, ALPHA3CODE, LONGITUDE, LATITUDE, NAME, CAPACITY) VALUES ('18012', 'FR', 'FRA', -4.5, 48.4, 'Brest', '200');
INSERT INTO  FACILITY (FACILITYID, ALPHA2CODE, ALPHA3CODE, LONGITUDE, LATITUDE, NAME, CAPACITY) VALUES ('18137', 'GE', 'GEO', 41.63333333, 41.65, 'Batumi', '200');
INSERT INTO  FACILITY (FACILITYID, ALPHA2CODE, ALPHA3CODE, LONGITUDE, LATITUDE, NAME, CAPACITY) VALUES ('18200', 'AL', 'ALB', 19.48333333, 40.48333333, 'Vlore', '200');
INSERT INTO  FACILITY (FACILITYID, ALPHA2CODE, ALPHA3CODE, LONGITUDE, LATITUDE, NAME, CAPACITY) VALUES ('18326', 'FR', 'FRA', 2.366666667, 51.05, 'Dunkirk', '200');
INSERT INTO  FACILITY (FACILITYID, ALPHA2CODE, ALPHA3CODE, LONGITUDE, LATITUDE, NAME, CAPACITY) VALUES ('18433', 'PT', 'PRT', -28.61666667, 38.53333333, 'Horta', '200');
INSERT INTO  FACILITY (FACILITYID, ALPHA2CODE, ALPHA3CODE, LONGITUDE, LATITUDE, NAME, CAPACITY) VALUES ('18454', 'RU', 'RUS', 30.21666667, 59.88333333, 'St Petersburg', '200');
INSERT INTO  FACILITY (FACILITYID, ALPHA2CODE, ALPHA3CODE, LONGITUDE, LATITUDE, NAME, CAPACITY) VALUES ('18476', 'PT', 'PRT', -25.66666667, 37.73333333, 'Ponta Delgada', '200');
INSERT INTO  FACILITY (FACILITYID, ALPHA2CODE, ALPHA3CODE, LONGITUDE, LATITUDE, NAME, CAPACITY) VALUES ('18682', 'GE', 'GEO', 41.65, 42.13333333, 'Poti', '200');
INSERT INTO  FACILITY (FACILITYID, ALPHA2CODE, ALPHA3CODE, LONGITUDE, LATITUDE, NAME, CAPACITY) VALUES ('18867', 'EE', 'EST', 24.76666667, 59.45, 'Tallinn', '200');
INSERT INTO  FACILITY (FACILITYID, ALPHA2CODE, ALPHA3CODE, LONGITUDE, LATITUDE, NAME, CAPACITY) VALUES ('18937', 'ES', 'ESP', -0.3, 39.45, 'Valencia', '200');
INSERT INTO  FACILITY (FACILITYID, ALPHA2CODE, ALPHA3CODE, LONGITUDE, LATITUDE, NAME, CAPACITY) VALUES ('19057', 'BE', 'BEL', 4.466666667, 51.23333333, 'Antwerp', '200');
INSERT INTO  FACILITY (FACILITYID, ALPHA2CODE, ALPHA3CODE, LONGITUDE, LATITUDE, NAME, CAPACITY) VALUES ('19473', 'BE', 'BEL', 3.2, 51.33333333, 'Zeebrugge', '200');
INSERT INTO  FACILITY (FACILITYID, ALPHA2CODE, ALPHA3CODE, LONGITUDE, LATITUDE, NAME, CAPACITY) VALUES ('20072', 'DE', 'DEU', 12.1, 54.15, 'Rostock', '200');
INSERT INTO  FACILITY (FACILITYID, ALPHA2CODE, ALPHA3CODE, LONGITUDE, LATITUDE, NAME, CAPACITY) VALUES ('20301', 'BR', 'BRA', -52.06666667, -32.06666667, 'Rio Grande', '200');
INSERT INTO  FACILITY (FACILITYID, ALPHA2CODE, ALPHA3CODE, LONGITUDE, LATITUDE, NAME, CAPACITY) VALUES ('20351', 'BR', 'BRA', -38.51666667, -12.96666667, 'Salvador', '200');
INSERT INTO  FACILITY (FACILITYID, ALPHA2CODE, ALPHA3CODE, LONGITUDE, LATITUDE, NAME, CAPACITY) VALUES ('20512', 'SE', 'SWE', 11.41666667, 58.26666667, 'Lysekil', '200');
INSERT INTO  FACILITY (FACILITYID, ALPHA2CODE, ALPHA3CODE, LONGITUDE, LATITUDE, NAME, CAPACITY) VALUES ('20826', 'BG', 'BGR', 27.48333333, 42.5, 'Bourgas', '200');
INSERT INTO  FACILITY (FACILITYID, ALPHA2CODE, ALPHA3CODE, LONGITUDE, LATITUDE, NAME, CAPACITY) VALUES ('20847', 'BG', 'BGR', 27.95, 43.2, 'Varna', '200');
INSERT INTO  FACILITY (FACILITYID, ALPHA2CODE, ALPHA3CODE, LONGITUDE, LATITUDE, NAME, CAPACITY) VALUES ('21206', 'SE', 'SWE', 18.05, 59.33333333, 'Stockholm', '200');
INSERT INTO  FACILITY (FACILITYID, ALPHA2CODE, ALPHA3CODE, LONGITUDE, LATITUDE, NAME, CAPACITY) VALUES ('21381', 'SI', 'SVN', 13.73333333, 45.55, 'Koper', '200');
INSERT INTO  FACILITY (FACILITYID, ALPHA2CODE, ALPHA3CODE, LONGITUDE, LATITUDE, NAME, CAPACITY) VALUES ('21451', 'MX', 'MEX', -96.13333333, 19.2, 'Veracruz', '200');
INSERT INTO  FACILITY (FACILITYID, ALPHA2CODE, ALPHA3CODE, LONGITUDE, LATITUDE, NAME, CAPACITY) VALUES ('21457', 'MC', 'MCO', 7.45, 43.73333333, 'Monaco', '200');
INSERT INTO  FACILITY (FACILITYID, ALPHA2CODE, ALPHA3CODE, LONGITUDE, LATITUDE, NAME, CAPACITY) VALUES ('21556', 'HR', 'HRV', 16.43333333, 43.5, 'Split', '200');
INSERT INTO  FACILITY (FACILITYID, ALPHA2CODE, ALPHA3CODE, LONGITUDE, LATITUDE, NAME, CAPACITY) VALUES ('21852', 'GR', 'GRC', 23.63333333, 37.95, 'Piraeus', '200');
INSERT INTO  FACILITY (FACILITYID, ALPHA2CODE, ALPHA3CODE, LONGITUDE, LATITUDE, NAME, CAPACITY) VALUES ('21863', 'GR', 'GRC', 23.58333333, 38.03333333, 'Aspropyrgos', '200');
INSERT INTO  FACILITY (FACILITYID, ALPHA2CODE, ALPHA3CODE, LONGITUDE, LATITUDE, NAME, CAPACITY) VALUES ('22226', 'CA', 'CAN', -63.56666667, 44.65, 'Halifax', '200');
INSERT INTO  FACILITY (FACILITYID, ALPHA2CODE, ALPHA3CODE, LONGITUDE, LATITUDE, NAME, CAPACITY) VALUES ('22522', 'TR', 'TUR', 34.65, 36.76666667, 'Mersin', '200');
INSERT INTO  FACILITY (FACILITYID, ALPHA2CODE, ALPHA3CODE, LONGITUDE, LATITUDE, NAME, CAPACITY) VALUES ('22770', 'SI', 'SVN', 13.6, 45.51666667, 'Piran', '200');
INSERT INTO  FACILITY (FACILITYID, ALPHA2CODE, ALPHA3CODE, LONGITUDE, LATITUDE, NAME, CAPACITY) VALUES ('23247', 'NL', 'NLD', 3.6, 51.45, 'Vlissingen', '200');
INSERT INTO  FACILITY (FACILITYID, ALPHA2CODE, ALPHA3CODE, LONGITUDE, LATITUDE, NAME, CAPACITY) VALUES ('23428', 'PT', 'PRT', -16.91666667, 32.65, 'Funchal', '200');
INSERT INTO  FACILITY (FACILITYID, ALPHA2CODE, ALPHA3CODE, LONGITUDE, LATITUDE, NAME, CAPACITY) VALUES ('24795', 'SI', 'SVN', 13.68333333, 45.51666667, 'Izola', '200');
INSERT INTO  FACILITY (FACILITYID, ALPHA2CODE, ALPHA3CODE, LONGITUDE, LATITUDE, NAME, CAPACITY) VALUES ('24951', 'HR', 'HRV', 14.43333333, 45.31666667, 'Rijeka', '200');
INSERT INTO  FACILITY (FACILITYID, ALPHA2CODE, ALPHA3CODE, LONGITUDE, LATITUDE, NAME, CAPACITY) VALUES ('25007', 'US', 'USA', -74.16666667, 40.66666667, 'New Jersey', '200');
INSERT INTO  FACILITY (FACILITYID, ALPHA2CODE, ALPHA3CODE, LONGITUDE, LATITUDE, NAME, CAPACITY) VALUES ('25350', 'CA', 'CAN', -123.1166667, 49.28333333, 'Vancouver', '200');
INSERT INTO  FACILITY (FACILITYID, ALPHA2CODE, ALPHA3CODE, LONGITUDE, LATITUDE, NAME, CAPACITY) VALUES ('26147', 'NO', 'NOR', 5.3, 60.38333333, 'Bergen', '200');
INSERT INTO  FACILITY (FACILITYID, ALPHA2CODE, ALPHA3CODE, LONGITUDE, LATITUDE, NAME, CAPACITY) VALUES ('26670', 'AR', 'ARG', -58.38333333, -34.56666667, 'Buenos Aires', '200');
INSERT INTO  FACILITY (FACILITYID, ALPHA2CODE, ALPHA3CODE, LONGITUDE, LATITUDE, NAME, CAPACITY) VALUES ('27248', 'BR', 'BRA', -46.31666667, -23.93333333, 'Santos', '200');
INSERT INTO  FACILITY (FACILITYID, ALPHA2CODE, ALPHA3CODE, LONGITUDE, LATITUDE, NAME, CAPACITY) VALUES ('27728', 'NO', 'NOR', 17.41666667, 68.41666667, 'Narvik', '200');
INSERT INTO  FACILITY (FACILITYID, ALPHA2CODE, ALPHA3CODE, LONGITUDE, LATITUDE, NAME, CAPACITY) VALUES ('27792', 'CL', 'CHL', -73.15, -36.73333333, 'San Vicente', '200');
INSERT INTO  FACILITY (FACILITYID, ALPHA2CODE, ALPHA3CODE, LONGITUDE, LATITUDE, NAME, CAPACITY) VALUES ('28082', 'CL', 'CHL', -71.63333333, -33.01666667, 'Valparaiso', '200');
INSERT INTO  FACILITY (FACILITYID, ALPHA2CODE, ALPHA3CODE, LONGITUDE, LATITUDE, NAME, CAPACITY) VALUES ('28261', 'CO', 'COL', -77.05, 3.916666667, 'Buenaventura', '200');
INSERT INTO  FACILITY (FACILITYID, ALPHA2CODE, ALPHA3CODE, LONGITUDE, LATITUDE, NAME, CAPACITY) VALUES ('28313', 'CO', 'COL', -75.53333333, 10.41666667, 'Cartagena', '200');
INSERT INTO  FACILITY (FACILITYID, ALPHA2CODE, ALPHA3CODE, LONGITUDE, LATITUDE, NAME, CAPACITY) VALUES ('28781', 'CR', 'CRI', -83.01666667, 10, 'Puerto Limon', '200');
INSERT INTO  FACILITY (FACILITYID, ALPHA2CODE, ALPHA3CODE, LONGITUDE, LATITUDE, NAME, CAPACITY) VALUES ('29002', 'GB', 'GBR', -3.033333333, 53.46666667, 'Liverpool', '200');
INSERT INTO  FACILITY (FACILITYID, ALPHA2CODE, ALPHA3CODE, LONGITUDE, LATITUDE, NAME, CAPACITY) VALUES ('29239', 'GB', 'GBR', -0.066666667, 51.5, 'London', '200');
INSERT INTO  FACILITY (FACILITYID, ALPHA2CODE, ALPHA3CODE, LONGITUDE, LATITUDE, NAME, CAPACITY) VALUES ('29749', 'IE', 'IRL', -6.266666667, 53.35, 'Dublin', '200');
INSERT INTO  FACILITY (FACILITYID, ALPHA2CODE, ALPHA3CODE, LONGITUDE, LATITUDE, NAME, CAPACITY) VALUES ('29876', 'EC', 'ECU', -79.9, -2.266666667, 'Guayaquil', '200');
INSERT INTO  FACILITY (FACILITYID, ALPHA2CODE, ALPHA3CODE, LONGITUDE, LATITUDE, NAME, CAPACITY) VALUES ('29973', 'GT', 'GTM', -90.78333333, 13.91666667, 'Puerto Quetzal', '200');
INSERT INTO  FACILITY (FACILITYID, ALPHA2CODE, ALPHA3CODE, LONGITUDE, LATITUDE, NAME, CAPACITY) VALUES ('30045', 'PE', 'PER', -77.16666667, -12.05, 'Callao', '200');
INSERT INTO  FACILITY (FACILITYID, ALPHA2CODE, ALPHA3CODE, LONGITUDE, LATITUDE, NAME, CAPACITY) VALUES ('213737', 'UA', 'UKR', 35.38333333, 45.01666667, 'Feodosia', '200');
INSERT INTO  FACILITY (FACILITYID, ALPHA2CODE, ALPHA3CODE, LONGITUDE, LATITUDE, NAME, CAPACITY) VALUES ('216592', 'PA', 'PAN', -79.91666667, 9.35, 'Cristobal', '200');
INSERT INTO  FACILITY (FACILITYID, ALPHA2CODE, ALPHA3CODE, LONGITUDE, LATITUDE, NAME, CAPACITY) VALUES ('216593', 'PA', 'PAN', -79.56666667, 8.966666667, 'Balboa', '200');
INSERT INTO  FACILITY (FACILITYID, ALPHA2CODE, ALPHA3CODE, LONGITUDE, LATITUDE, NAME, CAPACITY) VALUES ('224858', 'DE', 'DEU', 9.983333333, 53.55, 'Hamburg', '200');
INSERT INTO  FACILITY (FACILITYID, ALPHA2CODE, ALPHA3CODE, LONGITUDE, LATITUDE, NAME, CAPACITY) VALUES ('228264', 'AL', 'ALB', 19.48333333, 40.48333333, 'Vlone', '200');
INSERT INTO  FACILITY (FACILITYID, ALPHA2CODE, ALPHA3CODE, LONGITUDE, LATITUDE, NAME, CAPACITY) VALUES ('246265', 'TR', 'TUR', 28.53333333, 40.98333333, 'Ambarli', '200');
INSERT INTO  FACILITY (FACILITYID, ALPHA2CODE, ALPHA3CODE, LONGITUDE, LATITUDE, NAME, CAPACITY) VALUES ('1', 'GB', 'GBR', -3.03, -3.03, 'Liverpool', '200000');
INSERT INTO  FACILITY (FACILITYID, ALPHA2CODE, ALPHA3CODE, LONGITUDE, LATITUDE, NAME, CAPACITY) VALUES ('2', 'US', 'USA', 38.89511, -77.03637, 'Los Angeles', '1500');
INSERT INTO  FACILITY (FACILITYID, ALPHA2CODE, ALPHA3CODE, LONGITUDE, LATITUDE, NAME, CAPACITY) VALUES ('3', 'US', 'USA', -74.17, -74.17, 'New Jersey', '500000');
INSERT INTO  FACILITY (FACILITYID, ALPHA2CODE, ALPHA3CODE, LONGITUDE, LATITUDE, NAME, CAPACITY) VALUES ('4', 'BR', 'BRA', -52.07, -52.07, 'Rio Grande', '2500');
INSERT INTO  FACILITY (FACILITYID, ALPHA2CODE, ALPHA3CODE, LONGITUDE, LATITUDE, NAME, CAPACITY) VALUES ('5', 'BR', 'BRA', -38.52, -38.52, 'Salvador', '100');
INSERT INTO  FACILITY (FACILITYID, ALPHA2CODE, ALPHA3CODE, LONGITUDE, LATITUDE, NAME, CAPACITY) VALUES ('6', 'BR', 'BRA', -46.32, -46.32, 'Santos', '250');
INSERT INTO  FACILITY (FACILITYID, ALPHA2CODE, ALPHA3CODE, LONGITUDE, LATITUDE, NAME, CAPACITY) VALUES ('7', 'CA', 'CAN', -63.57, -63.57, 'Halifax', '3000');
INSERT INTO  FACILITY (FACILITYID, ALPHA2CODE, ALPHA3CODE, LONGITUDE, LATITUDE, NAME, CAPACITY) VALUES ('8', 'CA', 'CAN', -10, -23.17, 'Vancouver', '100');
INSERT INTO  FACILITY (FACILITYID, ALPHA2CODE, ALPHA3CODE, LONGITUDE, LATITUDE, NAME, CAPACITY) VALUES ('9', 'CL', 'CHL', -33.45, -70.666667, 'San Vicente', '5000');
INSERT INTO  FACILITY (FACILITYID, ALPHA2CODE, ALPHA3CODE, LONGITUDE, LATITUDE, NAME, CAPACITY) VALUES ('10', 'CL', 'CHL', 11.03, 2.03, 'Valparaiso', '200');

INSERT INTO  PORT (ID, FACILITYID, DOCKINGAREA) VALUES ('10563', '10563', '300');
INSERT INTO  PORT (ID, FACILITYID, DOCKINGAREA) VALUES ('10860', '10860', '300');
INSERT INTO  PORT (ID, FACILITYID, DOCKINGAREA) VALUES ('11174', '11174', '300');
INSERT INTO  PORT (ID, FACILITYID, DOCKINGAREA) VALUES ('11180', '11180', '300');
INSERT INTO  PORT (ID, FACILITYID, DOCKINGAREA) VALUES ('11771', '11771', '300');
INSERT INTO  PORT (ID, FACILITYID, DOCKINGAREA) VALUES ('12543', '12543', '300');
INSERT INTO  PORT (ID, FACILITYID, DOCKINGAREA) VALUES ('13012', '13012', '300');
INSERT INTO  PORT (ID, FACILITYID, DOCKINGAREA) VALUES ('13176', '13176', '300');
INSERT INTO  PORT (ID, FACILITYID, DOCKINGAREA) VALUES ('13390', '13390', '300');
INSERT INTO  PORT (ID, FACILITYID, DOCKINGAREA) VALUES ('14113', '14113', '300');
INSERT INTO  PORT (ID, FACILITYID, DOCKINGAREA) VALUES ('14226', '14226', '300');
INSERT INTO  PORT (ID, FACILITYID, DOCKINGAREA) VALUES ('14277', '14277', '300');
INSERT INTO  PORT (ID, FACILITYID, DOCKINGAREA) VALUES ('14459', '14459', '300');
INSERT INTO  PORT (ID, FACILITYID, DOCKINGAREA) VALUES ('14470', '14470', '300');
INSERT INTO  PORT (ID, FACILITYID, DOCKINGAREA) VALUES ('14635', '14635', '300');
INSERT INTO  PORT (ID, FACILITYID, DOCKINGAREA) VALUES ('15107', '15107', '300');
INSERT INTO  PORT (ID, FACILITYID, DOCKINGAREA) VALUES ('16485', '16485', '300');
INSERT INTO  PORT (ID, FACILITYID, DOCKINGAREA) VALUES ('16737', '16737', '300');
INSERT INTO  PORT (ID, FACILITYID, DOCKINGAREA) VALUES ('17386', '17386', '300');
INSERT INTO  PORT (ID, FACILITYID, DOCKINGAREA) VALUES ('17941', '17941', '300');
INSERT INTO  PORT (ID, FACILITYID, DOCKINGAREA) VALUES ('18012', '18012', '300');
INSERT INTO  PORT (ID, FACILITYID, DOCKINGAREA) VALUES ('18137', '18137', '300');
INSERT INTO  PORT (ID, FACILITYID, DOCKINGAREA) VALUES ('18200', '18200', '300');
INSERT INTO  PORT (ID, FACILITYID, DOCKINGAREA) VALUES ('18326', '18326', '300');
INSERT INTO  PORT (ID, FACILITYID, DOCKINGAREA) VALUES ('18433', '18433', '300');
INSERT INTO  PORT (ID, FACILITYID, DOCKINGAREA) VALUES ('18454', '18454', '300');
INSERT INTO  PORT (ID, FACILITYID, DOCKINGAREA) VALUES ('18476', '18476', '300');
INSERT INTO  PORT (ID, FACILITYID, DOCKINGAREA) VALUES ('18682', '18682', '300');
INSERT INTO  PORT (ID, FACILITYID, DOCKINGAREA) VALUES ('18867', '18867', '300');
INSERT INTO  PORT (ID, FACILITYID, DOCKINGAREA) VALUES ('18937', '18937', '300');
INSERT INTO  PORT (ID, FACILITYID, DOCKINGAREA) VALUES ('19057', '19057', '300');
INSERT INTO  PORT (ID, FACILITYID, DOCKINGAREA) VALUES ('19473', '19473', '300');
INSERT INTO  PORT (ID, FACILITYID, DOCKINGAREA) VALUES ('20072', '20072', '300');
INSERT INTO  PORT (ID, FACILITYID, DOCKINGAREA) VALUES ('20301', '20301', '300');
INSERT INTO  PORT (ID, FACILITYID, DOCKINGAREA) VALUES ('20351', '20351', '300');
INSERT INTO  PORT (ID, FACILITYID, DOCKINGAREA) VALUES ('20512', '20512', '300');
INSERT INTO  PORT (ID, FACILITYID, DOCKINGAREA) VALUES ('20826', '20826', '300');
INSERT INTO  PORT (ID, FACILITYID, DOCKINGAREA) VALUES ('20847', '20847', '300');
INSERT INTO  PORT (ID, FACILITYID, DOCKINGAREA) VALUES ('21206', '21206', '300');
INSERT INTO  PORT (ID, FACILITYID, DOCKINGAREA) VALUES ('21381', '21381', '300');
INSERT INTO  PORT (ID, FACILITYID, DOCKINGAREA) VALUES ('21451', '21451', '300');
INSERT INTO  PORT (ID, FACILITYID, DOCKINGAREA) VALUES ('21457', '21457', '300');
INSERT INTO  PORT (ID, FACILITYID, DOCKINGAREA) VALUES ('21556', '21556', '300');
INSERT INTO  PORT (ID, FACILITYID, DOCKINGAREA) VALUES ('21852', '21852', '300');
INSERT INTO  PORT (ID, FACILITYID, DOCKINGAREA) VALUES ('21863', '21863', '300');
INSERT INTO  PORT (ID, FACILITYID, DOCKINGAREA) VALUES ('22226', '22226', '300');
INSERT INTO  PORT (ID, FACILITYID, DOCKINGAREA) VALUES ('22522', '22522', '300');
INSERT INTO  PORT (ID, FACILITYID, DOCKINGAREA) VALUES ('22770', '22770', '300');
INSERT INTO  PORT (ID, FACILITYID, DOCKINGAREA) VALUES ('23247', '23247', '300');
INSERT INTO  PORT (ID, FACILITYID, DOCKINGAREA) VALUES ('23428', '23428', '300');
INSERT INTO  PORT (ID, FACILITYID, DOCKINGAREA) VALUES ('24795', '24795', '300');
INSERT INTO  PORT (ID, FACILITYID, DOCKINGAREA) VALUES ('24951', '24951', '300');
INSERT INTO  PORT (ID, FACILITYID, DOCKINGAREA) VALUES ('25007', '25007', '300');
INSERT INTO  PORT (ID, FACILITYID, DOCKINGAREA) VALUES ('25350', '25350', '300');
INSERT INTO  PORT (ID, FACILITYID, DOCKINGAREA) VALUES ('26147', '26147', '300');
INSERT INTO  PORT (ID, FACILITYID, DOCKINGAREA) VALUES ('26670', '26670', '300');
INSERT INTO  PORT (ID, FACILITYID, DOCKINGAREA) VALUES ('27248', '27248', '300');
INSERT INTO  PORT (ID, FACILITYID, DOCKINGAREA) VALUES ('27728', '27728', '300');
INSERT INTO  PORT (ID, FACILITYID, DOCKINGAREA) VALUES ('27792', '27792', '300');
INSERT INTO  PORT (ID, FACILITYID, DOCKINGAREA) VALUES ('28082', '28082', '300');
INSERT INTO  PORT (ID, FACILITYID, DOCKINGAREA) VALUES ('28261', '28261', '300');
INSERT INTO  PORT (ID, FACILITYID, DOCKINGAREA) VALUES ('28313', '28313', '300');
INSERT INTO  PORT (ID, FACILITYID, DOCKINGAREA) VALUES ('28781', '28781', '300');
INSERT INTO  PORT (ID, FACILITYID, DOCKINGAREA) VALUES ('29002', '29002', '300');
INSERT INTO  PORT (ID, FACILITYID, DOCKINGAREA) VALUES ('29239', '29239', '300');
INSERT INTO  PORT (ID, FACILITYID, DOCKINGAREA) VALUES ('29749', '29749', '300');
INSERT INTO  PORT (ID, FACILITYID, DOCKINGAREA) VALUES ('29876', '29876', '300');
INSERT INTO  PORT (ID, FACILITYID, DOCKINGAREA) VALUES ('29973', '29973', '300');
INSERT INTO  PORT (ID, FACILITYID, DOCKINGAREA) VALUES ('30045', '30045', '300');
INSERT INTO  PORT (ID, FACILITYID, DOCKINGAREA) VALUES ('213737', '213737', '300');
INSERT INTO  PORT (ID, FACILITYID, DOCKINGAREA) VALUES ('216592', '216592', '300');
INSERT INTO  PORT (ID, FACILITYID, DOCKINGAREA) VALUES ('216593', '216593', '300');
INSERT INTO  PORT (ID, FACILITYID, DOCKINGAREA) VALUES ('224858', '224858', '300');
INSERT INTO  PORT (ID, FACILITYID, DOCKINGAREA) VALUES ('228264', '228264', '300');
INSERT INTO  PORT (ID, FACILITYID, DOCKINGAREA) VALUES ('246265', '246265', '300');
INSERT INTO  PORT (ID, FACILITYID, DOCKINGAREA) VALUES ('1', '8', '10000');

INSERT INTO SEADISTANCE (FIRSTPORTID, SECONDPORTID, SEADISTANCE) VALUES ('11174', '27728', 3255);
INSERT INTO SEADISTANCE (FIRSTPORTID, SECONDPORTID, SEADISTANCE) VALUES ('11174', '25007', 4060);
INSERT INTO SEADISTANCE (FIRSTPORTID, SECONDPORTID, SEADISTANCE) VALUES ('11174', '22770', 1107);
INSERT INTO SEADISTANCE (FIRSTPORTID, SECONDPORTID, SEADISTANCE) VALUES ('11174', '13390', 1131);
INSERT INTO SEADISTANCE (FIRSTPORTID, SECONDPORTID, SEADISTANCE) VALUES ('11174', '18454', 3450);
INSERT INTO SEADISTANCE (FIRSTPORTID, SECONDPORTID, SEADISTANCE) VALUES ('11174', '21206', 3181);
INSERT INTO SEADISTANCE (FIRSTPORTID, SECONDPORTID, SEADISTANCE) VALUES ('11174', '18937', 510);
INSERT INTO SEADISTANCE (FIRSTPORTID, SECONDPORTID, SEADISTANCE) VALUES ('11174', '13176', 1127);
INSERT INTO SEADISTANCE (FIRSTPORTID, SECONDPORTID, SEADISTANCE) VALUES ('11174', '21451', 5666);
INSERT INTO SEADISTANCE (FIRSTPORTID, SECONDPORTID, SEADISTANCE) VALUES ('11174', '23247', 2163);
INSERT INTO SEADISTANCE (FIRSTPORTID, SECONDPORTID, SEADISTANCE) VALUES ('29876', '246265', 6986);
INSERT INTO SEADISTANCE (FIRSTPORTID, SECONDPORTID, SEADISTANCE) VALUES ('29876', '21863', 6690);
INSERT INTO SEADISTANCE (FIRSTPORTID, SECONDPORTID, SEADISTANCE) VALUES ('29876', '216593', 837);
INSERT INTO SEADISTANCE (FIRSTPORTID, SECONDPORTID, SEADISTANCE) VALUES ('29876', '17386', 5716);
INSERT INTO SEADISTANCE (FIRSTPORTID, SECONDPORTID, SEADISTANCE) VALUES ('29876', '18137', 7587);
INSERT INTO SEADISTANCE (FIRSTPORTID, SECONDPORTID, SEADISTANCE) VALUES ('29876', '26147', 5710);
INSERT INTO SEADISTANCE (FIRSTPORTID, SECONDPORTID, SEADISTANCE) VALUES ('29876', '18012', 5293);
INSERT INTO SEADISTANCE (FIRSTPORTID, SECONDPORTID, SEADISTANCE) VALUES ('29876', '30045', 706);
INSERT INTO SEADISTANCE (FIRSTPORTID, SECONDPORTID, SEADISTANCE) VALUES ('29876', '14459', 7197);
INSERT INTO SEADISTANCE (FIRSTPORTID, SECONDPORTID, SEADISTANCE) VALUES ('29876', '216592', 876);
INSERT INTO SEADISTANCE (FIRSTPORTID, SECONDPORTID, SEADISTANCE) VALUES ('29876', '15107', 1180);
INSERT INTO SEADISTANCE (FIRSTPORTID, SECONDPORTID, SEADISTANCE) VALUES ('29876', '29749', 5337);
INSERT INTO SEADISTANCE (FIRSTPORTID, SECONDPORTID, SEADISTANCE) VALUES ('29876', '18326', 5583);
INSERT INTO SEADISTANCE (FIRSTPORTID, SECONDPORTID, SEADISTANCE) VALUES ('29876', '213737', 7392);
INSERT INTO SEADISTANCE (FIRSTPORTID, SECONDPORTID, SEADISTANCE) VALUES ('29876', '23428', 4615);
INSERT INTO SEADISTANCE (FIRSTPORTID, SECONDPORTID, SEADISTANCE) VALUES ('29876', '14470', 7321);
INSERT INTO SEADISTANCE (FIRSTPORTID, SECONDPORTID, SEADISTANCE) VALUES ('29876', '12543', 6286);
INSERT INTO SEADISTANCE (FIRSTPORTID, SECONDPORTID, SEADISTANCE) VALUES ('29876', '11174', 6048);
INSERT INTO SEADISTANCE (FIRSTPORTID, SECONDPORTID, SEADISTANCE) VALUES ('29876', '224858', 5930);
INSERT INTO SEADISTANCE (FIRSTPORTID, SECONDPORTID, SEADISTANCE) VALUES ('29876', '16485', 6570);
INSERT INTO SEADISTANCE (FIRSTPORTID, SECONDPORTID, SEADISTANCE) VALUES ('29876', '24795', 6845);
INSERT INTO SEADISTANCE (FIRSTPORTID, SECONDPORTID, SEADISTANCE) VALUES ('29876', '11771', 6321);
INSERT INTO SEADISTANCE (FIRSTPORTID, SECONDPORTID, SEADISTANCE) VALUES ('29876', '21381', 6845);
INSERT INTO SEADISTANCE (FIRSTPORTID, SECONDPORTID, SEADISTANCE) VALUES ('29876', '16737', 6625);
INSERT INTO SEADISTANCE (FIRSTPORTID, SECONDPORTID, SEADISTANCE) VALUES ('29876', '13012', 5066);
INSERT INTO SEADISTANCE (FIRSTPORTID, SECONDPORTID, SEADISTANCE) VALUES ('29876', '29002', 5416);
INSERT INTO SEADISTANCE (FIRSTPORTID, SECONDPORTID, SEADISTANCE) VALUES ('29876', '29239', 5636);
INSERT INTO SEADISTANCE (FIRSTPORTID, SECONDPORTID, SEADISTANCE) VALUES ('29876', '14635', 3228);
INSERT INTO SEADISTANCE (FIRSTPORTID, SECONDPORTID, SEADISTANCE) VALUES ('29876', '20512', 5893);
INSERT INTO SEADISTANCE (FIRSTPORTID, SECONDPORTID, SEADISTANCE) VALUES ('29876', '14277', 2036);
INSERT INTO SEADISTANCE (FIRSTPORTID, SECONDPORTID, SEADISTANCE) VALUES ('29876', '10860', 1146);
INSERT INTO SEADISTANCE (FIRSTPORTID, SECONDPORTID, SEADISTANCE) VALUES ('29876', '22522', 7162);
INSERT INTO SEADISTANCE (FIRSTPORTID, SECONDPORTID, SEADISTANCE) VALUES ('29876', '21457', 5970);
INSERT INTO SEADISTANCE (FIRSTPORTID, SECONDPORTID, SEADISTANCE) VALUES ('29876', '17941', 4596);
INSERT INTO SEADISTANCE (FIRSTPORTID, SECONDPORTID, SEADISTANCE) VALUES ('29876', '27728', 6111);
INSERT INTO SEADISTANCE (FIRSTPORTID, SECONDPORTID, SEADISTANCE) VALUES ('29876', '25007', 2855);
INSERT INTO SEADISTANCE (FIRSTPORTID, SECONDPORTID, SEADISTANCE) VALUES ('29876', '21852', 6682);
INSERT INTO SEADISTANCE (FIRSTPORTID, SECONDPORTID, SEADISTANCE) VALUES ('29876', '22770', 6845);
INSERT INTO SEADISTANCE (FIRSTPORTID, SECONDPORTID, SEADISTANCE) VALUES ('29876', '18682', 7604);
INSERT INTO SEADISTANCE (FIRSTPORTID, SECONDPORTID, SEADISTANCE) VALUES ('29876', '29973', 1290);
INSERT INTO SEADISTANCE (FIRSTPORTID, SECONDPORTID, SEADISTANCE) VALUES ('29876', '20072', 6129);
INSERT INTO SEADISTANCE (FIRSTPORTID, SECONDPORTID, SEADISTANCE) VALUES ('29876', '13390', 5046);
INSERT INTO SEADISTANCE (FIRSTPORTID, SECONDPORTID, SEADISTANCE) VALUES ('29876', '18454', 6711);
INSERT INTO SEADISTANCE (FIRSTPORTID, SECONDPORTID, SEADISTANCE) VALUES ('29876', '21206', 6442);
INSERT INTO SEADISTANCE (FIRSTPORTID, SECONDPORTID, SEADISTANCE) VALUES ('29876', '18867', 6549);
INSERT INTO SEADISTANCE (FIRSTPORTID, SECONDPORTID, SEADISTANCE) VALUES ('29876', '18937', 5588);
INSERT INTO SEADISTANCE (FIRSTPORTID, SECONDPORTID, SEADISTANCE) VALUES ('29876', '13176', 6865);
INSERT INTO SEADISTANCE (FIRSTPORTID, SECONDPORTID, SEADISTANCE) VALUES ('29876', '21451', 2286);
INSERT INTO SEADISTANCE (FIRSTPORTID, SECONDPORTID, SEADISTANCE) VALUES ('29876', '23247', 5632);
INSERT INTO SEADISTANCE (FIRSTPORTID, SECONDPORTID, SEADISTANCE) VALUES ('22226', '246265', 4499);
INSERT INTO SEADISTANCE (FIRSTPORTID, SECONDPORTID, SEADISTANCE) VALUES ('22226', '21863', 4203);
INSERT INTO SEADISTANCE (FIRSTPORTID, SECONDPORTID, SEADISTANCE) VALUES ('22226', '216593', 2337);
INSERT INTO SEADISTANCE (FIRSTPORTID, SECONDPORTID, SEADISTANCE) VALUES ('22226', '17386', 3229);
INSERT INTO SEADISTANCE (FIRSTPORTID, SECONDPORTID, SEADISTANCE) VALUES ('22226', '18137', 5100);
INSERT INTO SEADISTANCE (FIRSTPORTID, SECONDPORTID, SEADISTANCE) VALUES ('22226', '26147', 2720);
INSERT INTO SEADISTANCE (FIRSTPORTID, SECONDPORTID, SEADISTANCE) VALUES ('22226', '18012', 2431);
INSERT INTO SEADISTANCE (FIRSTPORTID, SECONDPORTID, SEADISTANCE) VALUES ('22226', '28261', 2691);
INSERT INTO SEADISTANCE (FIRSTPORTID, SECONDPORTID, SEADISTANCE) VALUES ('22226', '30045', 3677);
INSERT INTO SEADISTANCE (FIRSTPORTID, SECONDPORTID, SEADISTANCE) VALUES ('22226', '28313', 2175);
INSERT INTO SEADISTANCE (FIRSTPORTID, SECONDPORTID, SEADISTANCE) VALUES ('22226', '14459', 4710);
INSERT INTO SEADISTANCE (FIRSTPORTID, SECONDPORTID, SEADISTANCE) VALUES ('22226', '10563', 3030);
INSERT INTO SEADISTANCE (FIRSTPORTID, SECONDPORTID, SEADISTANCE) VALUES ('22226', '216592', 2298);
INSERT INTO SEADISTANCE (FIRSTPORTID, SECONDPORTID, SEADISTANCE) VALUES ('22226', '15107', 3078);
INSERT INTO SEADISTANCE (FIRSTPORTID, SECONDPORTID, SEADISTANCE) VALUES ('22226', '29749', 2423);
INSERT INTO SEADISTANCE (FIRSTPORTID, SECONDPORTID, SEADISTANCE) VALUES ('22226', '18326', 2688);
INSERT INTO SEADISTANCE (FIRSTPORTID, SECONDPORTID, SEADISTANCE) VALUES ('22226', '14226', 2817);
INSERT INTO SEADISTANCE (FIRSTPORTID, SECONDPORTID, SEADISTANCE) VALUES ('22226', '213737', 4905);
INSERT INTO SEADISTANCE (FIRSTPORTID, SECONDPORTID, SEADISTANCE) VALUES ('22226', '23428', 2279);
INSERT INTO SEADISTANCE (FIRSTPORTID, SECONDPORTID, SEADISTANCE) VALUES ('22226', '14470', 4834);
INSERT INTO SEADISTANCE (FIRSTPORTID, SECONDPORTID, SEADISTANCE) VALUES ('22226', '12543', 3296);
INSERT INTO SEADISTANCE (FIRSTPORTID, SECONDPORTID, SEADISTANCE) VALUES ('22226', '11174', 3561);
INSERT INTO SEADISTANCE (FIRSTPORTID, SECONDPORTID, SEADISTANCE) VALUES ('22226', '29876', 3174);
INSERT INTO SEADISTANCE (FIRSTPORTID, SECONDPORTID, SEADISTANCE) VALUES ('22226', '224858', 2975);
INSERT INTO SEADISTANCE (FIRSTPORTID, SECONDPORTID, SEADISTANCE) VALUES ('22226', '16485', 3580);
INSERT INTO SEADISTANCE (FIRSTPORTID, SECONDPORTID, SEADISTANCE) VALUES ('22226', '24795', 4358);
INSERT INTO SEADISTANCE (FIRSTPORTID, SECONDPORTID, SEADISTANCE) VALUES ('22226', '11771', 3331);
INSERT INTO SEADISTANCE (FIRSTPORTID, SECONDPORTID, SEADISTANCE) VALUES ('22226', '21381', 4358);
INSERT INTO SEADISTANCE (FIRSTPORTID, SECONDPORTID, SEADISTANCE) VALUES ('22226', '16737', 3635);
INSERT INTO SEADISTANCE (FIRSTPORTID, SECONDPORTID, SEADISTANCE) VALUES ('22226', '13012', 2466);
INSERT INTO SEADISTANCE (FIRSTPORTID, SECONDPORTID, SEADISTANCE) VALUES ('22226', '29002', 2493);
INSERT INTO SEADISTANCE (FIRSTPORTID, SECONDPORTID, SEADISTANCE) VALUES ('22226', '29239', 2741);
INSERT INTO SEADISTANCE (FIRSTPORTID, SECONDPORTID, SEADISTANCE) VALUES ('22226', '14635', 5249);
INSERT INTO SEADISTANCE (FIRSTPORTID, SECONDPORTID, SEADISTANCE) VALUES ('22226', '20512', 2903);
INSERT INTO SEADISTANCE (FIRSTPORTID, SECONDPORTID, SEADISTANCE) VALUES ('22226', '14277', 4062);
INSERT INTO SEADISTANCE (FIRSTPORTID, SECONDPORTID, SEADISTANCE) VALUES ('22226', '10860', 4112);
INSERT INTO SEADISTANCE (FIRSTPORTID, SECONDPORTID, SEADISTANCE) VALUES ('22226', '22522', 4675);
INSERT INTO SEADISTANCE (FIRSTPORTID, SECONDPORTID, SEADISTANCE) VALUES ('22226', '21457', 3483);
INSERT INTO SEADISTANCE (FIRSTPORTID, SECONDPORTID, SEADISTANCE) VALUES ('22226', '17941', 5618);
INSERT INTO SEADISTANCE (FIRSTPORTID, SECONDPORTID, SEADISTANCE) VALUES ('22226', '27728', 3121);
INSERT INTO SEADISTANCE (FIRSTPORTID, SECONDPORTID, SEADISTANCE) VALUES ('22226', '25007', 600);
INSERT INTO SEADISTANCE (FIRSTPORTID, SECONDPORTID, SEADISTANCE) VALUES ('22226', '21852', 4195);
INSERT INTO SEADISTANCE (FIRSTPORTID, SECONDPORTID, SEADISTANCE) VALUES ('22226', '22770', 4358);
INSERT INTO SEADISTANCE (FIRSTPORTID, SECONDPORTID, SEADISTANCE) VALUES ('22226', '18682', 5117);
INSERT INTO SEADISTANCE (FIRSTPORTID, SECONDPORTID, SEADISTANCE) VALUES ('22226', '28781', 2367);
INSERT INTO SEADISTANCE (FIRSTPORTID, SECONDPORTID, SEADISTANCE) VALUES ('22226', '29973', 3226);
INSERT INTO SEADISTANCE (FIRSTPORTID, SECONDPORTID, SEADISTANCE) VALUES ('22226', '24951', 4322);
INSERT INTO SEADISTANCE (FIRSTPORTID, SECONDPORTID, SEADISTANCE) VALUES ('22226', '20072', 3139);
INSERT INTO SEADISTANCE (FIRSTPORTID, SECONDPORTID, SEADISTANCE) VALUES ('22226', '27792', 5139);
INSERT INTO SEADISTANCE (FIRSTPORTID, SECONDPORTID, SEADISTANCE) VALUES ('22226', '13390', 2507);
INSERT INTO SEADISTANCE (FIRSTPORTID, SECONDPORTID, SEADISTANCE) VALUES ('22226', '21556', 4202);
INSERT INTO SEADISTANCE (FIRSTPORTID, SECONDPORTID, SEADISTANCE) VALUES ('22226', '18454', 3721);
INSERT INTO SEADISTANCE (FIRSTPORTID, SECONDPORTID, SEADISTANCE) VALUES ('22226', '21206', 3452);
INSERT INTO SEADISTANCE (FIRSTPORTID, SECONDPORTID, SEADISTANCE) VALUES ('22226', '18867', 3559);
INSERT INTO SEADISTANCE (FIRSTPORTID, SECONDPORTID, SEADISTANCE) VALUES ('22226', '18937', 3101);
INSERT INTO SEADISTANCE (FIRSTPORTID, SECONDPORTID, SEADISTANCE) VALUES ('22226', '28082', 4952);
INSERT INTO SEADISTANCE (FIRSTPORTID, SECONDPORTID, SEADISTANCE) VALUES ('22226', '25350', 6358);
INSERT INTO SEADISTANCE (FIRSTPORTID, SECONDPORTID, SEADISTANCE) VALUES ('22226', '13176', 4378);
INSERT INTO SEADISTANCE (FIRSTPORTID, SECONDPORTID, SEADISTANCE) VALUES ('22226', '21451', 2399);
INSERT INTO SEADISTANCE (FIRSTPORTID, SECONDPORTID, SEADISTANCE) VALUES ('22226', '23247', 2737);
INSERT INTO SEADISTANCE (FIRSTPORTID, SECONDPORTID, SEADISTANCE) VALUES ('224858', '246265', 3399);
INSERT INTO SEADISTANCE (FIRSTPORTID, SECONDPORTID, SEADISTANCE) VALUES ('224858', '21863', 3103);
INSERT INTO SEADISTANCE (FIRSTPORTID, SECONDPORTID, SEADISTANCE) VALUES ('224858', '216593', 5093);
INSERT INTO SEADISTANCE (FIRSTPORTID, SECONDPORTID, SEADISTANCE) VALUES ('224858', '17386', 2129);
INSERT INTO SEADISTANCE (FIRSTPORTID, SECONDPORTID, SEADISTANCE) VALUES ('224858', '26147', 487);
INSERT INTO SEADISTANCE (FIRSTPORTID, SECONDPORTID, SEADISTANCE) VALUES ('224858', '30045', 6433);
INSERT INTO SEADISTANCE (FIRSTPORTID, SECONDPORTID, SEADISTANCE) VALUES ('224858', '14459', 3610);
INSERT INTO SEADISTANCE (FIRSTPORTID, SECONDPORTID, SEADISTANCE) VALUES ('224858', '216592', 5054);
INSERT INTO SEADISTANCE (FIRSTPORTID, SECONDPORTID, SEADISTANCE) VALUES ('224858', '29749', 881);
INSERT INTO SEADISTANCE (FIRSTPORTID, SECONDPORTID, SEADISTANCE) VALUES ('224858', '213737', 3805);
INSERT INTO SEADISTANCE (FIRSTPORTID, SECONDPORTID, SEADISTANCE) VALUES ('224858', '23428', 1784);
INSERT INTO SEADISTANCE (FIRSTPORTID, SECONDPORTID, SEADISTANCE) VALUES ('224858', '14470', 3734);
INSERT INTO SEADISTANCE (FIRSTPORTID, SECONDPORTID, SEADISTANCE) VALUES ('224858', '12543', 434);
INSERT INTO SEADISTANCE (FIRSTPORTID, SECONDPORTID, SEADISTANCE) VALUES ('224858', '11174', 2461);
INSERT INTO SEADISTANCE (FIRSTPORTID, SECONDPORTID, SEADISTANCE) VALUES ('224858', '24795', 3258);
INSERT INTO SEADISTANCE (FIRSTPORTID, SECONDPORTID, SEADISTANCE) VALUES ('224858', '11771', 455);
INSERT INTO SEADISTANCE (FIRSTPORTID, SECONDPORTID, SEADISTANCE) VALUES ('224858', '21381', 3258);
INSERT INTO SEADISTANCE (FIRSTPORTID, SECONDPORTID, SEADISTANCE) VALUES ('224858', '13012', 1183);
INSERT INTO SEADISTANCE (FIRSTPORTID, SECONDPORTID, SEADISTANCE) VALUES ('224858', '29002', 946);
INSERT INTO SEADISTANCE (FIRSTPORTID, SECONDPORTID, SEADISTANCE) VALUES ('224858', '29239', 428);
INSERT INTO SEADISTANCE (FIRSTPORTID, SECONDPORTID, SEADISTANCE) VALUES ('224858', '14635', 8005);
INSERT INTO SEADISTANCE (FIRSTPORTID, SECONDPORTID, SEADISTANCE) VALUES ('224858', '20512', 393);
INSERT INTO SEADISTANCE (FIRSTPORTID, SECONDPORTID, SEADISTANCE) VALUES ('224858', '14277', 6818);
INSERT INTO SEADISTANCE (FIRSTPORTID, SECONDPORTID, SEADISTANCE) VALUES ('224858', '10860', 6868);
INSERT INTO SEADISTANCE (FIRSTPORTID, SECONDPORTID, SEADISTANCE) VALUES ('224858', '22522', 3575);
INSERT INTO SEADISTANCE (FIRSTPORTID, SECONDPORTID, SEADISTANCE) VALUES ('224858', '21457', 2383);
INSERT INTO SEADISTANCE (FIRSTPORTID, SECONDPORTID, SEADISTANCE) VALUES ('224858', '17941', 6497);
INSERT INTO SEADISTANCE (FIRSTPORTID, SECONDPORTID, SEADISTANCE) VALUES ('224858', '27728', 1077);
INSERT INTO SEADISTANCE (FIRSTPORTID, SECONDPORTID, SEADISTANCE) VALUES ('224858', '25007', 3627);
INSERT INTO SEADISTANCE (FIRSTPORTID, SECONDPORTID, SEADISTANCE) VALUES ('224858', '21852', 3095);
INSERT INTO SEADISTANCE (FIRSTPORTID, SECONDPORTID, SEADISTANCE) VALUES ('224858', '22770', 3258);
INSERT INTO SEADISTANCE (FIRSTPORTID, SECONDPORTID, SEADISTANCE) VALUES ('224858', '29973', 5982);
INSERT INTO SEADISTANCE (FIRSTPORTID, SECONDPORTID, SEADISTANCE) VALUES ('224858', '20072', 174);
INSERT INTO SEADISTANCE (FIRSTPORTID, SECONDPORTID, SEADISTANCE) VALUES ('224858', '13390', 1365);
INSERT INTO SEADISTANCE (FIRSTPORTID, SECONDPORTID, SEADISTANCE) VALUES ('224858', '18454', 868);
INSERT INTO SEADISTANCE (FIRSTPORTID, SECONDPORTID, SEADISTANCE) VALUES ('224858', '21206', 587);
INSERT INTO SEADISTANCE (FIRSTPORTID, SECONDPORTID, SEADISTANCE) VALUES ('224858', '18937', 2001);
INSERT INTO SEADISTANCE (FIRSTPORTID, SECONDPORTID, SEADISTANCE) VALUES ('224858', '13176', 3278);
INSERT INTO SEADISTANCE (FIRSTPORTID, SECONDPORTID, SEADISTANCE) VALUES ('224858', '21451', 5314);
INSERT INTO SEADISTANCE (FIRSTPORTID, SECONDPORTID, SEADISTANCE) VALUES ('224858', '23247', 355);
INSERT INTO SEADISTANCE (FIRSTPORTID, SECONDPORTID, SEADISTANCE) VALUES ('16485', '246265', 4247);
INSERT INTO SEADISTANCE (FIRSTPORTID, SECONDPORTID, SEADISTANCE) VALUES ('16485', '21863', 3951);
INSERT INTO SEADISTANCE (FIRSTPORTID, SECONDPORTID, SEADISTANCE) VALUES ('16485', '216593', 5733);
INSERT INTO SEADISTANCE (FIRSTPORTID, SECONDPORTID, SEADISTANCE) VALUES ('16485', '17386', 2977);
INSERT INTO SEADISTANCE (FIRSTPORTID, SECONDPORTID, SEADISTANCE) VALUES ('16485', '18137', 4848);
INSERT INTO SEADISTANCE (FIRSTPORTID, SECONDPORTID, SEADISTANCE) VALUES ('16485', '26147', 1007);
INSERT INTO SEADISTANCE (FIRSTPORTID, SECONDPORTID, SEADISTANCE) VALUES ('16485', '18012', 1578);
INSERT INTO SEADISTANCE (FIRSTPORTID, SECONDPORTID, SEADISTANCE) VALUES ('16485', '30045', 7073);
INSERT INTO SEADISTANCE (FIRSTPORTID, SECONDPORTID, SEADISTANCE) VALUES ('16485', '14459', 4458);
INSERT INTO SEADISTANCE (FIRSTPORTID, SECONDPORTID, SEADISTANCE) VALUES ('16485', '216592', 5694);
INSERT INTO SEADISTANCE (FIRSTPORTID, SECONDPORTID, SEADISTANCE) VALUES ('16485', '29749', 1570);
INSERT INTO SEADISTANCE (FIRSTPORTID, SECONDPORTID, SEADISTANCE) VALUES ('16485', '18326', 1242);
INSERT INTO SEADISTANCE (FIRSTPORTID, SECONDPORTID, SEADISTANCE) VALUES ('16485', '213737', 4653);
INSERT INTO SEADISTANCE (FIRSTPORTID, SECONDPORTID, SEADISTANCE) VALUES ('16485', '23428', 2632);
INSERT INTO SEADISTANCE (FIRSTPORTID, SECONDPORTID, SEADISTANCE) VALUES ('16485', '14470', 4582);
INSERT INTO SEADISTANCE (FIRSTPORTID, SECONDPORTID, SEADISTANCE) VALUES ('16485', '12543', 422);
INSERT INTO SEADISTANCE (FIRSTPORTID, SECONDPORTID, SEADISTANCE) VALUES ('16485', '11174', 3309);
INSERT INTO SEADISTANCE (FIRSTPORTID, SECONDPORTID, SEADISTANCE) VALUES ('16485', '224858', 721);
INSERT INTO SEADISTANCE (FIRSTPORTID, SECONDPORTID, SEADISTANCE) VALUES ('16485', '24795', 4106);
INSERT INTO SEADISTANCE (FIRSTPORTID, SECONDPORTID, SEADISTANCE) VALUES ('16485', '11771', 424);
INSERT INTO SEADISTANCE (FIRSTPORTID, SECONDPORTID, SEADISTANCE) VALUES ('16485', '21381', 4106);
INSERT INTO SEADISTANCE (FIRSTPORTID, SECONDPORTID, SEADISTANCE) VALUES ('16485', '16737', 87);
INSERT INTO SEADISTANCE (FIRSTPORTID, SECONDPORTID, SEADISTANCE) VALUES ('16485', '13012', 2031);
INSERT INTO SEADISTANCE (FIRSTPORTID, SECONDPORTID, SEADISTANCE) VALUES ('16485', '29002', 1600);
INSERT INTO SEADISTANCE (FIRSTPORTID, SECONDPORTID, SEADISTANCE) VALUES ('16485', '29239', 1255);
INSERT INTO SEADISTANCE (FIRSTPORTID, SECONDPORTID, SEADISTANCE) VALUES ('16485', '14635', 8645);
INSERT INTO SEADISTANCE (FIRSTPORTID, SECONDPORTID, SEADISTANCE) VALUES ('16485', '20512', 723);
INSERT INTO SEADISTANCE (FIRSTPORTID, SECONDPORTID, SEADISTANCE) VALUES ('16485', '14277', 7458);
INSERT INTO SEADISTANCE (FIRSTPORTID, SECONDPORTID, SEADISTANCE) VALUES ('16485', '10860', 7508);
INSERT INTO SEADISTANCE (FIRSTPORTID, SECONDPORTID, SEADISTANCE) VALUES ('16485', '22522', 4423);
INSERT INTO SEADISTANCE (FIRSTPORTID, SECONDPORTID, SEADISTANCE) VALUES ('16485', '21457', 3231);
INSERT INTO SEADISTANCE (FIRSTPORTID, SECONDPORTID, SEADISTANCE) VALUES ('16485', '17941', 7345);
INSERT INTO SEADISTANCE (FIRSTPORTID, SECONDPORTID, SEADISTANCE) VALUES ('16485', '27728', 1609);
INSERT INTO SEADISTANCE (FIRSTPORTID, SECONDPORTID, SEADISTANCE) VALUES ('16485', '25007', 4232);
INSERT INTO SEADISTANCE (FIRSTPORTID, SECONDPORTID, SEADISTANCE) VALUES ('16485', '21852', 3943);
INSERT INTO SEADISTANCE (FIRSTPORTID, SECONDPORTID, SEADISTANCE) VALUES ('16485', '22770', 4106);
INSERT INTO SEADISTANCE (FIRSTPORTID, SECONDPORTID, SEADISTANCE) VALUES ('16485', '18682', 4865);
INSERT INTO SEADISTANCE (FIRSTPORTID, SECONDPORTID, SEADISTANCE) VALUES ('16485', '29973', 6622);
INSERT INTO SEADISTANCE (FIRSTPORTID, SECONDPORTID, SEADISTANCE) VALUES ('16485', '20072', 580);
INSERT INTO SEADISTANCE (FIRSTPORTID, SECONDPORTID, SEADISTANCE) VALUES ('16485', '13390', 2213);
INSERT INTO SEADISTANCE (FIRSTPORTID, SECONDPORTID, SEADISTANCE) VALUES ('16485', '18454', 171);
INSERT INTO SEADISTANCE (FIRSTPORTID, SECONDPORTID, SEADISTANCE) VALUES ('16485', '21206', 237);
INSERT INTO SEADISTANCE (FIRSTPORTID, SECONDPORTID, SEADISTANCE) VALUES ('16485', '18937', 2849);
INSERT INTO SEADISTANCE (FIRSTPORTID, SECONDPORTID, SEADISTANCE) VALUES ('16485', '13176', 4126);
INSERT INTO SEADISTANCE (FIRSTPORTID, SECONDPORTID, SEADISTANCE) VALUES ('16485', '21451', 5919);
INSERT INTO SEADISTANCE (FIRSTPORTID, SECONDPORTID, SEADISTANCE) VALUES ('16485', '23247', 1204);
INSERT INTO SEADISTANCE (FIRSTPORTID, SECONDPORTID, SEADISTANCE) VALUES ('18433', '246265', 2909);
INSERT INTO SEADISTANCE (FIRSTPORTID, SECONDPORTID, SEADISTANCE) VALUES ('18433', '19057', 1615);
INSERT INTO SEADISTANCE (FIRSTPORTID, SECONDPORTID, SEADISTANCE) VALUES ('18433', '21863', 2613);
INSERT INTO SEADISTANCE (FIRSTPORTID, SECONDPORTID, SEADISTANCE) VALUES ('18433', '216593', 3300);
INSERT INTO SEADISTANCE (FIRSTPORTID, SECONDPORTID, SEADISTANCE) VALUES ('18433', '17386', 1639);
INSERT INTO SEADISTANCE (FIRSTPORTID, SECONDPORTID, SEADISTANCE) VALUES ('18433', '18137', 3510);
INSERT INTO SEADISTANCE (FIRSTPORTID, SECONDPORTID, SEADISTANCE) VALUES ('18433', '26147', 1864);
INSERT INTO SEADISTANCE (FIRSTPORTID, SECONDPORTID, SEADISTANCE) VALUES ('18433', '20826', 3050);
INSERT INTO SEADISTANCE (FIRSTPORTID, SECONDPORTID, SEADISTANCE) VALUES ('18433', '18012', 1199);
INSERT INTO SEADISTANCE (FIRSTPORTID, SECONDPORTID, SEADISTANCE) VALUES ('18433', '28261', 3654);
INSERT INTO SEADISTANCE (FIRSTPORTID, SECONDPORTID, SEADISTANCE) VALUES ('18433', '30045', 4640);
INSERT INTO SEADISTANCE (FIRSTPORTID, SECONDPORTID, SEADISTANCE) VALUES ('18433', '28313', 3047);
INSERT INTO SEADISTANCE (FIRSTPORTID, SECONDPORTID, SEADISTANCE) VALUES ('18433', '14459', 3120);
INSERT INTO SEADISTANCE (FIRSTPORTID, SECONDPORTID, SEADISTANCE) VALUES ('18433', '10563', 2161);
INSERT INTO SEADISTANCE (FIRSTPORTID, SECONDPORTID, SEADISTANCE) VALUES ('18433', '216592', 3261);
INSERT INTO SEADISTANCE (FIRSTPORTID, SECONDPORTID, SEADISTANCE) VALUES ('18433', '15107', 4041);
INSERT INTO SEADISTANCE (FIRSTPORTID, SECONDPORTID, SEADISTANCE) VALUES ('18433', '29749', 1324);
INSERT INTO SEADISTANCE (FIRSTPORTID, SECONDPORTID, SEADISTANCE) VALUES ('18433', '18326', 1511);
INSERT INTO SEADISTANCE (FIRSTPORTID, SECONDPORTID, SEADISTANCE) VALUES ('18433', '14226', 3780);
INSERT INTO SEADISTANCE (FIRSTPORTID, SECONDPORTID, SEADISTANCE) VALUES ('18433', '213737', 3315);
INSERT INTO SEADISTANCE (FIRSTPORTID, SECONDPORTID, SEADISTANCE) VALUES ('18433', '23428', 678);
INSERT INTO SEADISTANCE (FIRSTPORTID, SECONDPORTID, SEADISTANCE) VALUES ('18433', '14470', 3244);
INSERT INTO SEADISTANCE (FIRSTPORTID, SECONDPORTID, SEADISTANCE) VALUES ('18433', '12543', 2427);
INSERT INTO SEADISTANCE (FIRSTPORTID, SECONDPORTID, SEADISTANCE) VALUES ('18433', '11174', 1971);
INSERT INTO SEADISTANCE (FIRSTPORTID, SECONDPORTID, SEADISTANCE) VALUES ('18433', '29876', 4137);
INSERT INTO SEADISTANCE (FIRSTPORTID, SECONDPORTID, SEADISTANCE) VALUES ('18433', '22226', 1609);
INSERT INTO SEADISTANCE (FIRSTPORTID, SECONDPORTID, SEADISTANCE) VALUES ('18433', '224858', 1863);
INSERT INTO SEADISTANCE (FIRSTPORTID, SECONDPORTID, SEADISTANCE) VALUES ('18433', '16485', 2711);
INSERT INTO SEADISTANCE (FIRSTPORTID, SECONDPORTID, SEADISTANCE) VALUES ('18433', '24795', 2768);
INSERT INTO SEADISTANCE (FIRSTPORTID, SECONDPORTID, SEADISTANCE) VALUES ('18433', '11771', 2462);
INSERT INTO SEADISTANCE (FIRSTPORTID, SECONDPORTID, SEADISTANCE) VALUES ('18433', '21381', 2768);
INSERT INTO SEADISTANCE (FIRSTPORTID, SECONDPORTID, SEADISTANCE) VALUES ('18433', '16737', 2766);
INSERT INTO SEADISTANCE (FIRSTPORTID, SECONDPORTID, SEADISTANCE) VALUES ('18433', '13012', 937);
INSERT INTO SEADISTANCE (FIRSTPORTID, SECONDPORTID, SEADISTANCE) VALUES ('18433', '29002', 1403);
INSERT INTO SEADISTANCE (FIRSTPORTID, SECONDPORTID, SEADISTANCE) VALUES ('18433', '29239', 1569);
INSERT INTO SEADISTANCE (FIRSTPORTID, SECONDPORTID, SEADISTANCE) VALUES ('18433', '14635', 6212);
INSERT INTO SEADISTANCE (FIRSTPORTID, SECONDPORTID, SEADISTANCE) VALUES ('18433', '20512', 2045);
INSERT INTO SEADISTANCE (FIRSTPORTID, SECONDPORTID, SEADISTANCE) VALUES ('18433', '14277', 5025);
INSERT INTO SEADISTANCE (FIRSTPORTID, SECONDPORTID, SEADISTANCE) VALUES ('18433', '10860', 5075);
INSERT INTO SEADISTANCE (FIRSTPORTID, SECONDPORTID, SEADISTANCE) VALUES ('18433', '22522', 3085);
INSERT INTO SEADISTANCE (FIRSTPORTID, SECONDPORTID, SEADISTANCE) VALUES ('18433', '21457', 1893);
INSERT INTO SEADISTANCE (FIRSTPORTID, SECONDPORTID, SEADISTANCE) VALUES ('18433', '17941', 4898);
INSERT INTO SEADISTANCE (FIRSTPORTID, SECONDPORTID, SEADISTANCE) VALUES ('18433', '27728', 2363);
INSERT INTO SEADISTANCE (FIRSTPORTID, SECONDPORTID, SEADISTANCE) VALUES ('18433', '25007', 2106);
INSERT INTO SEADISTANCE (FIRSTPORTID, SECONDPORTID, SEADISTANCE) VALUES ('18433', '21852', 2605);
INSERT INTO SEADISTANCE (FIRSTPORTID, SECONDPORTID, SEADISTANCE) VALUES ('18433', '22770', 2768);
INSERT INTO SEADISTANCE (FIRSTPORTID, SECONDPORTID, SEADISTANCE) VALUES ('18433', '18476', 155);
INSERT INTO SEADISTANCE (FIRSTPORTID, SECONDPORTID, SEADISTANCE) VALUES ('18433', '18682', 3527);
INSERT INTO SEADISTANCE (FIRSTPORTID, SECONDPORTID, SEADISTANCE) VALUES ('18433', '28781', 3393);
INSERT INTO SEADISTANCE (FIRSTPORTID, SECONDPORTID, SEADISTANCE) VALUES ('18433', '29973', 4189);
INSERT INTO SEADISTANCE (FIRSTPORTID, SECONDPORTID, SEADISTANCE) VALUES ('18433', '24951', 2732);
INSERT INTO SEADISTANCE (FIRSTPORTID, SECONDPORTID, SEADISTANCE) VALUES ('18433', '20301', 4604);
INSERT INTO SEADISTANCE (FIRSTPORTID, SECONDPORTID, SEADISTANCE) VALUES ('18433', '20072', 2270);
INSERT INTO SEADISTANCE (FIRSTPORTID, SECONDPORTID, SEADISTANCE) VALUES ('18433', '20351', 3209);
INSERT INTO SEADISTANCE (FIRSTPORTID, SECONDPORTID, SEADISTANCE) VALUES ('18433', '27792', 6102);
INSERT INTO SEADISTANCE (FIRSTPORTID, SECONDPORTID, SEADISTANCE) VALUES ('18433', '27248', 4082);
INSERT INTO SEADISTANCE (FIRSTPORTID, SECONDPORTID, SEADISTANCE) VALUES ('18433', '13390', 939);
INSERT INTO SEADISTANCE (FIRSTPORTID, SECONDPORTID, SEADISTANCE) VALUES ('18433', '21556', 2612);
INSERT INTO SEADISTANCE (FIRSTPORTID, SECONDPORTID, SEADISTANCE) VALUES ('18433', '18454', 2852);
INSERT INTO SEADISTANCE (FIRSTPORTID, SECONDPORTID, SEADISTANCE) VALUES ('18433', '21206', 2583);
INSERT INTO SEADISTANCE (FIRSTPORTID, SECONDPORTID, SEADISTANCE) VALUES ('18433', '18867', 2690);
INSERT INTO SEADISTANCE (FIRSTPORTID, SECONDPORTID, SEADISTANCE) VALUES ('18433', '18937', 1511);
INSERT INTO SEADISTANCE (FIRSTPORTID, SECONDPORTID, SEADISTANCE) VALUES ('18433', '28082', 5915);
INSERT INTO SEADISTANCE (FIRSTPORTID, SECONDPORTID, SEADISTANCE) VALUES ('18433', '25350', 7321);
INSERT INTO SEADISTANCE (FIRSTPORTID, SECONDPORTID, SEADISTANCE) VALUES ('18433', '20847', 3073);
INSERT INTO SEADISTANCE (FIRSTPORTID, SECONDPORTID, SEADISTANCE) VALUES ('18433', '13176', 2788);
INSERT INTO SEADISTANCE (FIRSTPORTID, SECONDPORTID, SEADISTANCE) VALUES ('18433', '21451', 3704);
INSERT INTO SEADISTANCE (FIRSTPORTID, SECONDPORTID, SEADISTANCE) VALUES ('18433', '23247', 1565);
INSERT INTO SEADISTANCE (FIRSTPORTID, SECONDPORTID, SEADISTANCE) VALUES ('18433', '19473', 1544);
INSERT INTO SEADISTANCE (FIRSTPORTID, SECONDPORTID, SEADISTANCE) VALUES ('24795', '246265', 1133);
INSERT INTO SEADISTANCE (FIRSTPORTID, SECONDPORTID, SEADISTANCE) VALUES ('24795', '17386', 1296);
INSERT INTO SEADISTANCE (FIRSTPORTID, SECONDPORTID, SEADISTANCE) VALUES ('24795', '213737', 1539);
INSERT INTO SEADISTANCE (FIRSTPORTID, SECONDPORTID, SEADISTANCE) VALUES ('24795', '29002', 2910);
INSERT INTO SEADISTANCE (FIRSTPORTID, SECONDPORTID, SEADISTANCE) VALUES ('24795', '29239', 2964);
INSERT INTO SEADISTANCE (FIRSTPORTID, SECONDPORTID, SEADISTANCE) VALUES ('24795', '14635', 8920);
INSERT INTO SEADISTANCE (FIRSTPORTID, SECONDPORTID, SEADISTANCE) VALUES ('24795', '20512', 3440);
INSERT INTO SEADISTANCE (FIRSTPORTID, SECONDPORTID, SEADISTANCE) VALUES ('24795', '22522', 1316);
INSERT INTO SEADISTANCE (FIRSTPORTID, SECONDPORTID, SEADISTANCE) VALUES ('24795', '17941', 6836);
INSERT INTO SEADISTANCE (FIRSTPORTID, SECONDPORTID, SEADISTANCE) VALUES ('24795', '25007', 4857);
INSERT INTO SEADISTANCE (FIRSTPORTID, SECONDPORTID, SEADISTANCE) VALUES ('24795', '21206', 3978);
INSERT INTO SEADISTANCE (FIRSTPORTID, SECONDPORTID, SEADISTANCE) VALUES ('24795', '18937', 1384);
INSERT INTO SEADISTANCE (FIRSTPORTID, SECONDPORTID, SEADISTANCE) VALUES ('11771', '246265', 3998);
INSERT INTO SEADISTANCE (FIRSTPORTID, SECONDPORTID, SEADISTANCE) VALUES ('11771', '17386', 2728);
INSERT INTO SEADISTANCE (FIRSTPORTID, SECONDPORTID, SEADISTANCE) VALUES ('11771', '213737', 4404);
INSERT INTO SEADISTANCE (FIRSTPORTID, SECONDPORTID, SEADISTANCE) VALUES ('11771', '24795', 3857);
INSERT INTO SEADISTANCE (FIRSTPORTID, SECONDPORTID, SEADISTANCE) VALUES ('11771', '21381', 3857);
INSERT INTO SEADISTANCE (FIRSTPORTID, SECONDPORTID, SEADISTANCE) VALUES ('11771', '29002', 1351);
INSERT INTO SEADISTANCE (FIRSTPORTID, SECONDPORTID, SEADISTANCE) VALUES ('11771', '29239', 1006);
INSERT INTO SEADISTANCE (FIRSTPORTID, SECONDPORTID, SEADISTANCE) VALUES ('11771', '14635', 8396);
INSERT INTO SEADISTANCE (FIRSTPORTID, SECONDPORTID, SEADISTANCE) VALUES ('11771', '20512', 473);
INSERT INTO SEADISTANCE (FIRSTPORTID, SECONDPORTID, SEADISTANCE) VALUES ('11771', '22522', 4174);
INSERT INTO SEADISTANCE (FIRSTPORTID, SECONDPORTID, SEADISTANCE) VALUES ('11771', '17941', 7096);
INSERT INTO SEADISTANCE (FIRSTPORTID, SECONDPORTID, SEADISTANCE) VALUES ('11771', '25007', 3983);
INSERT INTO SEADISTANCE (FIRSTPORTID, SECONDPORTID, SEADISTANCE) VALUES ('11771', '22770', 3857);
INSERT INTO SEADISTANCE (FIRSTPORTID, SECONDPORTID, SEADISTANCE) VALUES ('11771', '18454', 568);
INSERT INTO SEADISTANCE (FIRSTPORTID, SECONDPORTID, SEADISTANCE) VALUES ('11771', '21206', 340);
INSERT INTO SEADISTANCE (FIRSTPORTID, SECONDPORTID, SEADISTANCE) VALUES ('11771', '18937', 2600);
INSERT INTO SEADISTANCE (FIRSTPORTID, SECONDPORTID, SEADISTANCE) VALUES ('21381', '246265', 1133);
INSERT INTO SEADISTANCE (FIRSTPORTID, SECONDPORTID, SEADISTANCE) VALUES ('21381', '17386', 1296);
INSERT INTO SEADISTANCE (FIRSTPORTID, SECONDPORTID, SEADISTANCE) VALUES ('21381', '213737', 1539);
INSERT INTO SEADISTANCE (FIRSTPORTID, SECONDPORTID, SEADISTANCE) VALUES ('21381', '29002', 2910);
INSERT INTO SEADISTANCE (FIRSTPORTID, SECONDPORTID, SEADISTANCE) VALUES ('21381', '29239', 2964);
INSERT INTO SEADISTANCE (FIRSTPORTID, SECONDPORTID, SEADISTANCE) VALUES ('21381', '14635', 8920);
INSERT INTO SEADISTANCE (FIRSTPORTID, SECONDPORTID, SEADISTANCE) VALUES ('21381', '20512', 3440);
INSERT INTO SEADISTANCE (FIRSTPORTID, SECONDPORTID, SEADISTANCE) VALUES ('21381', '22522', 1316);
INSERT INTO SEADISTANCE (FIRSTPORTID, SECONDPORTID, SEADISTANCE) VALUES ('21381', '17941', 6836);
INSERT INTO SEADISTANCE (FIRSTPORTID, SECONDPORTID, SEADISTANCE) VALUES ('21381', '25007', 4857);
INSERT INTO SEADISTANCE (FIRSTPORTID, SECONDPORTID, SEADISTANCE) VALUES ('21381', '21206', 3978);
INSERT INTO SEADISTANCE (FIRSTPORTID, SECONDPORTID, SEADISTANCE) VALUES ('21381', '18937', 1384);
INSERT INTO SEADISTANCE (FIRSTPORTID, SECONDPORTID, SEADISTANCE) VALUES ('16737', '246265', 4302);
INSERT INTO SEADISTANCE (FIRSTPORTID, SECONDPORTID, SEADISTANCE) VALUES ('16737', '21863', 4006);
INSERT INTO SEADISTANCE (FIRSTPORTID, SECONDPORTID, SEADISTANCE) VALUES ('16737', '216593', 5788);
INSERT INTO SEADISTANCE (FIRSTPORTID, SECONDPORTID, SEADISTANCE) VALUES ('16737', '17386', 3032);
INSERT INTO SEADISTANCE (FIRSTPORTID, SECONDPORTID, SEADISTANCE) VALUES ('16737', '18137', 4903);
INSERT INTO SEADISTANCE (FIRSTPORTID, SECONDPORTID, SEADISTANCE) VALUES ('16737', '26147', 1062);
INSERT INTO SEADISTANCE (FIRSTPORTID, SECONDPORTID, SEADISTANCE) VALUES ('16737', '18012', 1633);
INSERT INTO SEADISTANCE (FIRSTPORTID, SECONDPORTID, SEADISTANCE) VALUES ('16737', '30045', 7128);
INSERT INTO SEADISTANCE (FIRSTPORTID, SECONDPORTID, SEADISTANCE) VALUES ('16737', '14459', 4513);
INSERT INTO SEADISTANCE (FIRSTPORTID, SECONDPORTID, SEADISTANCE) VALUES ('16737', '216592', 5749);
INSERT INTO SEADISTANCE (FIRSTPORTID, SECONDPORTID, SEADISTANCE) VALUES ('16737', '29749', 1625);
INSERT INTO SEADISTANCE (FIRSTPORTID, SECONDPORTID, SEADISTANCE) VALUES ('16737', '18326', 1297);
INSERT INTO SEADISTANCE (FIRSTPORTID, SECONDPORTID, SEADISTANCE) VALUES ('16737', '213737', 4708);
INSERT INTO SEADISTANCE (FIRSTPORTID, SECONDPORTID, SEADISTANCE) VALUES ('11174', '17941', 6039);
INSERT INTO SEADISTANCE (FIRSTPORTID, SECONDPORTID, SEADISTANCE) VALUES ('16737', '23428', 2687);
INSERT INTO SEADISTANCE (FIRSTPORTID, SECONDPORTID, SEADISTANCE) VALUES ('16737', '14470', 4637);
INSERT INTO SEADISTANCE (FIRSTPORTID, SECONDPORTID, SEADISTANCE) VALUES ('16737', '12543', 486);
INSERT INTO SEADISTANCE (FIRSTPORTID, SECONDPORTID, SEADISTANCE) VALUES ('16737', '11174', 3364);
INSERT INTO SEADISTANCE (FIRSTPORTID, SECONDPORTID, SEADISTANCE) VALUES ('16737', '224858', 780);
INSERT INTO SEADISTANCE (FIRSTPORTID, SECONDPORTID, SEADISTANCE) VALUES ('16737', '24795', 4161);
INSERT INTO SEADISTANCE (FIRSTPORTID, SECONDPORTID, SEADISTANCE) VALUES ('16737', '11771', 485);
INSERT INTO SEADISTANCE (FIRSTPORTID, SECONDPORTID, SEADISTANCE) VALUES ('16737', '21381', 4161);
INSERT INTO SEADISTANCE (FIRSTPORTID, SECONDPORTID, SEADISTANCE) VALUES ('16737', '13012', 2086);
INSERT INTO SEADISTANCE (FIRSTPORTID, SECONDPORTID, SEADISTANCE) VALUES ('16737', '29002', 1655);
INSERT INTO SEADISTANCE (FIRSTPORTID, SECONDPORTID, SEADISTANCE) VALUES ('16737', '14635', 8700);
INSERT INTO SEADISTANCE (FIRSTPORTID, SECONDPORTID, SEADISTANCE) VALUES ('16737', '20512', 781);
INSERT INTO SEADISTANCE (FIRSTPORTID, SECONDPORTID, SEADISTANCE) VALUES ('16737', '14277', 7513);
INSERT INTO SEADISTANCE (FIRSTPORTID, SECONDPORTID, SEADISTANCE) VALUES ('16737', '10860', 7563);
INSERT INTO SEADISTANCE (FIRSTPORTID, SECONDPORTID, SEADISTANCE) VALUES ('16737', '22522', 4478);
INSERT INTO SEADISTANCE (FIRSTPORTID, SECONDPORTID, SEADISTANCE) VALUES ('16737', '21457', 3286);
INSERT INTO SEADISTANCE (FIRSTPORTID, SECONDPORTID, SEADISTANCE) VALUES ('16737', '17941', 7400);
INSERT INTO SEADISTANCE (FIRSTPORTID, SECONDPORTID, SEADISTANCE) VALUES ('16737', '27728', 1664);
INSERT INTO SEADISTANCE (FIRSTPORTID, SECONDPORTID, SEADISTANCE) VALUES ('16737', '25007', 4287);
INSERT INTO SEADISTANCE (FIRSTPORTID, SECONDPORTID, SEADISTANCE) VALUES ('16737', '21852', 3998);
INSERT INTO SEADISTANCE (FIRSTPORTID, SECONDPORTID, SEADISTANCE) VALUES ('16737', '22770', 4161);
INSERT INTO SEADISTANCE (FIRSTPORTID, SECONDPORTID, SEADISTANCE) VALUES ('16737', '18682', 4920);
INSERT INTO SEADISTANCE (FIRSTPORTID, SECONDPORTID, SEADISTANCE) VALUES ('16737', '29973', 6677);
INSERT INTO SEADISTANCE (FIRSTPORTID, SECONDPORTID, SEADISTANCE) VALUES ('16737', '20072', 636);
INSERT INTO SEADISTANCE (FIRSTPORTID, SECONDPORTID, SEADISTANCE) VALUES ('16737', '13390', 2268);
INSERT INTO SEADISTANCE (FIRSTPORTID, SECONDPORTID, SEADISTANCE) VALUES ('16737', '18454', 106);
INSERT INTO SEADISTANCE (FIRSTPORTID, SECONDPORTID, SEADISTANCE) VALUES ('16737', '21206', 297);
INSERT INTO SEADISTANCE (FIRSTPORTID, SECONDPORTID, SEADISTANCE) VALUES ('16737', '18937', 2904);
INSERT INTO SEADISTANCE (FIRSTPORTID, SECONDPORTID, SEADISTANCE) VALUES ('16737', '13176', 4181);
INSERT INTO SEADISTANCE (FIRSTPORTID, SECONDPORTID, SEADISTANCE) VALUES ('16737', '21451', 5974);
INSERT INTO SEADISTANCE (FIRSTPORTID, SECONDPORTID, SEADISTANCE) VALUES ('16737', '23247', 1259);
INSERT INTO SEADISTANCE (FIRSTPORTID, SECONDPORTID, SEADISTANCE) VALUES ('13012', '246265', 2239);
INSERT INTO SEADISTANCE (FIRSTPORTID, SECONDPORTID, SEADISTANCE) VALUES ('13012', '17386', 969);
INSERT INTO SEADISTANCE (FIRSTPORTID, SECONDPORTID, SEADISTANCE) VALUES ('13012', '14459', 2450);
INSERT INTO SEADISTANCE (FIRSTPORTID, SECONDPORTID, SEADISTANCE) VALUES ('13012', '213737', 2645);
INSERT INTO SEADISTANCE (FIRSTPORTID, SECONDPORTID, SEADISTANCE) VALUES ('13012', '14470', 2574);
INSERT INTO SEADISTANCE (FIRSTPORTID, SECONDPORTID, SEADISTANCE) VALUES ('13012', '24795', 2098);
INSERT INTO SEADISTANCE (FIRSTPORTID, SECONDPORTID, SEADISTANCE) VALUES ('13012', '11771', 1782);
INSERT INTO SEADISTANCE (FIRSTPORTID, SECONDPORTID, SEADISTANCE) VALUES ('13012', '21381', 2098);
INSERT INTO SEADISTANCE (FIRSTPORTID, SECONDPORTID, SEADISTANCE) VALUES ('13012', '29002', 835);
INSERT INTO SEADISTANCE (FIRSTPORTID, SECONDPORTID, SEADISTANCE) VALUES ('13012', '29239', 889);
INSERT INTO SEADISTANCE (FIRSTPORTID, SECONDPORTID, SEADISTANCE) VALUES ('13012', '14635', 7141);
INSERT INTO SEADISTANCE (FIRSTPORTID, SECONDPORTID, SEADISTANCE) VALUES ('13012', '20512', 1365);
INSERT INTO SEADISTANCE (FIRSTPORTID, SECONDPORTID, SEADISTANCE) VALUES ('13012', '22522', 2415);
INSERT INTO SEADISTANCE (FIRSTPORTID, SECONDPORTID, SEADISTANCE) VALUES ('13012', '17941', 5375);
INSERT INTO SEADISTANCE (FIRSTPORTID, SECONDPORTID, SEADISTANCE) VALUES ('13012', '25007', 2948);
INSERT INTO SEADISTANCE (FIRSTPORTID, SECONDPORTID, SEADISTANCE) VALUES ('13012', '22770', 2098);
INSERT INTO SEADISTANCE (FIRSTPORTID, SECONDPORTID, SEADISTANCE) VALUES ('13012', '13390', 207);
INSERT INTO SEADISTANCE (FIRSTPORTID, SECONDPORTID, SEADISTANCE) VALUES ('13012', '18454', 2172);
INSERT INTO SEADISTANCE (FIRSTPORTID, SECONDPORTID, SEADISTANCE) VALUES ('13012', '21206', 1903);
INSERT INTO SEADISTANCE (FIRSTPORTID, SECONDPORTID, SEADISTANCE) VALUES ('13012', '18937', 841);
INSERT INTO SEADISTANCE (FIRSTPORTID, SECONDPORTID, SEADISTANCE) VALUES ('29002', '29239', 652);
INSERT INTO SEADISTANCE (FIRSTPORTID, SECONDPORTID, SEADISTANCE) VALUES ('29002', '14635', 7491);
INSERT INTO SEADISTANCE (FIRSTPORTID, SECONDPORTID, SEADISTANCE) VALUES ('29002', '17941', 6134);
INSERT INTO SEADISTANCE (FIRSTPORTID, SECONDPORTID, SEADISTANCE) VALUES ('29002', '25007', 3115);
INSERT INTO SEADISTANCE (FIRSTPORTID, SECONDPORTID, SEADISTANCE) VALUES ('29239', '14635', 7711);
INSERT INTO SEADISTANCE (FIRSTPORTID, SECONDPORTID, SEADISTANCE) VALUES ('29239', '17941', 6203);
INSERT INTO SEADISTANCE (FIRSTPORTID, SECONDPORTID, SEADISTANCE) VALUES ('29239', '25007', 3349);
INSERT INTO SEADISTANCE (FIRSTPORTID, SECONDPORTID, SEADISTANCE) VALUES ('14635', '17941', 7163);
INSERT INTO SEADISTANCE (FIRSTPORTID, SECONDPORTID, SEADISTANCE) VALUES ('14635', '25007', 4930);
INSERT INTO SEADISTANCE (FIRSTPORTID, SECONDPORTID, SEADISTANCE) VALUES ('20512', '246265', 3581);
INSERT INTO SEADISTANCE (FIRSTPORTID, SECONDPORTID, SEADISTANCE) VALUES ('20512', '213737', 3987);
INSERT INTO SEADISTANCE (FIRSTPORTID, SECONDPORTID, SEADISTANCE) VALUES ('20512', '29002', 923);
INSERT INTO SEADISTANCE (FIRSTPORTID, SECONDPORTID, SEADISTANCE) VALUES ('20512', '29239', 589);
INSERT INTO SEADISTANCE (FIRSTPORTID, SECONDPORTID, SEADISTANCE) VALUES ('20512', '14635', 7968);
INSERT INTO SEADISTANCE (FIRSTPORTID, SECONDPORTID, SEADISTANCE) VALUES ('20512', '22522', 3757);
INSERT INTO SEADISTANCE (FIRSTPORTID, SECONDPORTID, SEADISTANCE) VALUES ('20512', '17941', 6679);
INSERT INTO SEADISTANCE (FIRSTPORTID, SECONDPORTID, SEADISTANCE) VALUES ('20512', '25007', 3555);
INSERT INTO SEADISTANCE (FIRSTPORTID, SECONDPORTID, SEADISTANCE) VALUES ('20512', '21206', 595);
INSERT INTO SEADISTANCE (FIRSTPORTID, SECONDPORTID, SEADISTANCE) VALUES ('14277', '246265', 7874);
INSERT INTO SEADISTANCE (FIRSTPORTID, SECONDPORTID, SEADISTANCE) VALUES ('14277', '216593', 1725);
INSERT INTO SEADISTANCE (FIRSTPORTID, SECONDPORTID, SEADISTANCE) VALUES ('14277', '17386', 6604);
INSERT INTO SEADISTANCE (FIRSTPORTID, SECONDPORTID, SEADISTANCE) VALUES ('14277', '26147', 6598);
INSERT INTO SEADISTANCE (FIRSTPORTID, SECONDPORTID, SEADISTANCE) VALUES ('14277', '30045', 2475);
INSERT INTO SEADISTANCE (FIRSTPORTID, SECONDPORTID, SEADISTANCE) VALUES ('14277', '14459', 8085);
INSERT INTO SEADISTANCE (FIRSTPORTID, SECONDPORTID, SEADISTANCE) VALUES ('14277', '216592', 1764);
INSERT INTO SEADISTANCE (FIRSTPORTID, SECONDPORTID, SEADISTANCE) VALUES ('14277', '213737', 8280);
INSERT INTO SEADISTANCE (FIRSTPORTID, SECONDPORTID, SEADISTANCE) VALUES ('14277', '14470', 8209);
INSERT INTO SEADISTANCE (FIRSTPORTID, SECONDPORTID, SEADISTANCE) VALUES ('14277', '12543', 7174);
INSERT INTO SEADISTANCE (FIRSTPORTID, SECONDPORTID, SEADISTANCE) VALUES ('14277', '24795', 7733);
INSERT INTO SEADISTANCE (FIRSTPORTID, SECONDPORTID, SEADISTANCE) VALUES ('14277', '11771', 7209);
INSERT INTO SEADISTANCE (FIRSTPORTID, SECONDPORTID, SEADISTANCE) VALUES ('14277', '21381', 7733);
INSERT INTO SEADISTANCE (FIRSTPORTID, SECONDPORTID, SEADISTANCE) VALUES ('14277', '13012', 5954);
INSERT INTO SEADISTANCE (FIRSTPORTID, SECONDPORTID, SEADISTANCE) VALUES ('14277', '29002', 6304);
INSERT INTO SEADISTANCE (FIRSTPORTID, SECONDPORTID, SEADISTANCE) VALUES ('14277', '29239', 6524);
INSERT INTO SEADISTANCE (FIRSTPORTID, SECONDPORTID, SEADISTANCE) VALUES ('14277', '14635', 1206);
INSERT INTO SEADISTANCE (FIRSTPORTID, SECONDPORTID, SEADISTANCE) VALUES ('14277', '20512', 6781);
INSERT INTO SEADISTANCE (FIRSTPORTID, SECONDPORTID, SEADISTANCE) VALUES ('14277', '10860', 2909);
INSERT INTO SEADISTANCE (FIRSTPORTID, SECONDPORTID, SEADISTANCE) VALUES ('14277', '22522', 8050);
INSERT INTO SEADISTANCE (FIRSTPORTID, SECONDPORTID, SEADISTANCE) VALUES ('14277', '21457', 6858);
INSERT INTO SEADISTANCE (FIRSTPORTID, SECONDPORTID, SEADISTANCE) VALUES ('14277', '17941', 6076);
INSERT INTO SEADISTANCE (FIRSTPORTID, SECONDPORTID, SEADISTANCE) VALUES ('14277', '27728', 6999);
INSERT INTO SEADISTANCE (FIRSTPORTID, SECONDPORTID, SEADISTANCE) VALUES ('14277', '25007', 3743);
INSERT INTO SEADISTANCE (FIRSTPORTID, SECONDPORTID, SEADISTANCE) VALUES ('14277', '22770', 7733);
INSERT INTO SEADISTANCE (FIRSTPORTID, SECONDPORTID, SEADISTANCE) VALUES ('14277', '13390', 5934);
INSERT INTO SEADISTANCE (FIRSTPORTID, SECONDPORTID, SEADISTANCE) VALUES ('14277', '18454', 7599);
INSERT INTO SEADISTANCE (FIRSTPORTID, SECONDPORTID, SEADISTANCE) VALUES ('14277', '21206', 7330);
INSERT INTO SEADISTANCE (FIRSTPORTID, SECONDPORTID, SEADISTANCE) VALUES ('14277', '18937', 6476);
INSERT INTO SEADISTANCE (FIRSTPORTID, SECONDPORTID, SEADISTANCE) VALUES ('14277', '21451', 3174);
INSERT INTO SEADISTANCE (FIRSTPORTID, SECONDPORTID, SEADISTANCE) VALUES ('14277', '23247', 6520);
INSERT INTO SEADISTANCE (FIRSTPORTID, SECONDPORTID, SEADISTANCE) VALUES ('10860', '246265', 7924);
INSERT INTO SEADISTANCE (FIRSTPORTID, SECONDPORTID, SEADISTANCE) VALUES ('10860', '17386', 6654);
INSERT INTO SEADISTANCE (FIRSTPORTID, SECONDPORTID, SEADISTANCE) VALUES ('10860', '14459', 8135);
INSERT INTO SEADISTANCE (FIRSTPORTID, SECONDPORTID, SEADISTANCE) VALUES ('10860', '213737', 8330);
INSERT INTO SEADISTANCE (FIRSTPORTID, SECONDPORTID, SEADISTANCE) VALUES ('10860', '14470', 8259);
INSERT INTO SEADISTANCE (FIRSTPORTID, SECONDPORTID, SEADISTANCE) VALUES ('10860', '12543', 7224);
INSERT INTO SEADISTANCE (FIRSTPORTID, SECONDPORTID, SEADISTANCE) VALUES ('10860', '24795', 7783);
INSERT INTO SEADISTANCE (FIRSTPORTID, SECONDPORTID, SEADISTANCE) VALUES ('10860', '11771', 7259);
INSERT INTO SEADISTANCE (FIRSTPORTID, SECONDPORTID, SEADISTANCE) VALUES ('10860', '21381', 7783);
INSERT INTO SEADISTANCE (FIRSTPORTID, SECONDPORTID, SEADISTANCE) VALUES ('10860', '13012', 6004);
INSERT INTO SEADISTANCE (FIRSTPORTID, SECONDPORTID, SEADISTANCE) VALUES ('10860', '29002', 6354);
INSERT INTO SEADISTANCE (FIRSTPORTID, SECONDPORTID, SEADISTANCE) VALUES ('10860', '29239', 6574);
INSERT INTO SEADISTANCE (FIRSTPORTID, SECONDPORTID, SEADISTANCE) VALUES ('10860', '14635', 4083);
INSERT INTO SEADISTANCE (FIRSTPORTID, SECONDPORTID, SEADISTANCE) VALUES ('10860', '20512', 6831);
INSERT INTO SEADISTANCE (FIRSTPORTID, SECONDPORTID, SEADISTANCE) VALUES ('10860', '22522', 8100);
INSERT INTO SEADISTANCE (FIRSTPORTID, SECONDPORTID, SEADISTANCE) VALUES ('10860', '17941', 3665);
INSERT INTO SEADISTANCE (FIRSTPORTID, SECONDPORTID, SEADISTANCE) VALUES ('10860', '25007', 3793);
INSERT INTO SEADISTANCE (FIRSTPORTID, SECONDPORTID, SEADISTANCE) VALUES ('10860', '22770', 7783);
INSERT INTO SEADISTANCE (FIRSTPORTID, SECONDPORTID, SEADISTANCE) VALUES ('10860', '13390', 5984);
INSERT INTO SEADISTANCE (FIRSTPORTID, SECONDPORTID, SEADISTANCE) VALUES ('10860', '18454', 7649);
INSERT INTO SEADISTANCE (FIRSTPORTID, SECONDPORTID, SEADISTANCE) VALUES ('10860', '21206', 7380);
INSERT INTO SEADISTANCE (FIRSTPORTID, SECONDPORTID, SEADISTANCE) VALUES ('10860', '18937', 6526);
INSERT INTO SEADISTANCE (FIRSTPORTID, SECONDPORTID, SEADISTANCE) VALUES ('22522', '213737', 1141);
INSERT INTO SEADISTANCE (FIRSTPORTID, SECONDPORTID, SEADISTANCE) VALUES ('22522', '29002', 3227);
INSERT INTO SEADISTANCE (FIRSTPORTID, SECONDPORTID, SEADISTANCE) VALUES ('22522', '29239', 3281);
INSERT INTO SEADISTANCE (FIRSTPORTID, SECONDPORTID, SEADISTANCE) VALUES ('22522', '14635', 9237);
INSERT INTO SEADISTANCE (FIRSTPORTID, SECONDPORTID, SEADISTANCE) VALUES ('22522', '17941', 7153);
INSERT INTO SEADISTANCE (FIRSTPORTID, SECONDPORTID, SEADISTANCE) VALUES ('22522', '25007', 5174);
INSERT INTO SEADISTANCE (FIRSTPORTID, SECONDPORTID, SEADISTANCE) VALUES ('21457', '246265', 1298);
INSERT INTO SEADISTANCE (FIRSTPORTID, SECONDPORTID, SEADISTANCE) VALUES ('21457', '216593', 5133);
INSERT INTO SEADISTANCE (FIRSTPORTID, SECONDPORTID, SEADISTANCE) VALUES ('21457', '17386', 272);
INSERT INTO SEADISTANCE (FIRSTPORTID, SECONDPORTID, SEADISTANCE) VALUES ('21457', '26147', 2581);
INSERT INTO SEADISTANCE (FIRSTPORTID, SECONDPORTID, SEADISTANCE) VALUES ('21457', '30045', 6473);
INSERT INTO SEADISTANCE (FIRSTPORTID, SECONDPORTID, SEADISTANCE) VALUES ('21457', '14459', 1509);
INSERT INTO SEADISTANCE (FIRSTPORTID, SECONDPORTID, SEADISTANCE) VALUES ('21457', '216592', 5094);
INSERT INTO SEADISTANCE (FIRSTPORTID, SECONDPORTID, SEADISTANCE) VALUES ('21457', '213737', 1704);
INSERT INTO SEADISTANCE (FIRSTPORTID, SECONDPORTID, SEADISTANCE) VALUES ('21457', '14470', 1633);
INSERT INTO SEADISTANCE (FIRSTPORTID, SECONDPORTID, SEADISTANCE) VALUES ('21457', '12543', 2947);
INSERT INTO SEADISTANCE (FIRSTPORTID, SECONDPORTID, SEADISTANCE) VALUES ('21457', '24795', 1136);
INSERT INTO SEADISTANCE (FIRSTPORTID, SECONDPORTID, SEADISTANCE) VALUES ('21457', '11771', 2982);
INSERT INTO SEADISTANCE (FIRSTPORTID, SECONDPORTID, SEADISTANCE) VALUES ('21457', '21381', 1136);
INSERT INTO SEADISTANCE (FIRSTPORTID, SECONDPORTID, SEADISTANCE) VALUES ('21457', '13012', 1223);
INSERT INTO SEADISTANCE (FIRSTPORTID, SECONDPORTID, SEADISTANCE) VALUES ('21457', '29002', 2035);
INSERT INTO SEADISTANCE (FIRSTPORTID, SECONDPORTID, SEADISTANCE) VALUES ('21457', '29239', 2089);
INSERT INTO SEADISTANCE (FIRSTPORTID, SECONDPORTID, SEADISTANCE) VALUES ('21457', '14635', 8045);
INSERT INTO SEADISTANCE (FIRSTPORTID, SECONDPORTID, SEADISTANCE) VALUES ('21457', '20512', 2565);
INSERT INTO SEADISTANCE (FIRSTPORTID, SECONDPORTID, SEADISTANCE) VALUES ('21457', '10860', 6908);
INSERT INTO SEADISTANCE (FIRSTPORTID, SECONDPORTID, SEADISTANCE) VALUES ('21457', '22522', 1480);
INSERT INTO SEADISTANCE (FIRSTPORTID, SECONDPORTID, SEADISTANCE) VALUES ('21457', '17941', 5961);
INSERT INTO SEADISTANCE (FIRSTPORTID, SECONDPORTID, SEADISTANCE) VALUES ('21457', '27728', 3177);
INSERT INTO SEADISTANCE (FIRSTPORTID, SECONDPORTID, SEADISTANCE) VALUES ('21457', '25007', 3982);
INSERT INTO SEADISTANCE (FIRSTPORTID, SECONDPORTID, SEADISTANCE) VALUES ('21457', '22770', 1136);
INSERT INTO SEADISTANCE (FIRSTPORTID, SECONDPORTID, SEADISTANCE) VALUES ('21457', '13390', 1053);
INSERT INTO SEADISTANCE (FIRSTPORTID, SECONDPORTID, SEADISTANCE) VALUES ('21457', '18454', 3372);
INSERT INTO SEADISTANCE (FIRSTPORTID, SECONDPORTID, SEADISTANCE) VALUES ('21457', '21206', 3103);
INSERT INTO SEADISTANCE (FIRSTPORTID, SECONDPORTID, SEADISTANCE) VALUES ('21457', '18937', 431);
INSERT INTO SEADISTANCE (FIRSTPORTID, SECONDPORTID, SEADISTANCE) VALUES ('21457', '23247', 2085);
INSERT INTO SEADISTANCE (FIRSTPORTID, SECONDPORTID, SEADISTANCE) VALUES ('27728', '246265', 4193);
INSERT INTO SEADISTANCE (FIRSTPORTID, SECONDPORTID, SEADISTANCE) VALUES ('27728', '216593', 5274);
INSERT INTO SEADISTANCE (FIRSTPORTID, SECONDPORTID, SEADISTANCE) VALUES ('27728', '17386', 2923);
INSERT INTO SEADISTANCE (FIRSTPORTID, SECONDPORTID, SEADISTANCE) VALUES ('27728', '30045', 6614);
INSERT INTO SEADISTANCE (FIRSTPORTID, SECONDPORTID, SEADISTANCE) VALUES ('27728', '14459', 4404);
INSERT INTO SEADISTANCE (FIRSTPORTID, SECONDPORTID, SEADISTANCE) VALUES ('27728', '216592', 5235);
INSERT INTO SEADISTANCE (FIRSTPORTID, SECONDPORTID, SEADISTANCE) VALUES ('27728', '213737', 4599);
INSERT INTO SEADISTANCE (FIRSTPORTID, SECONDPORTID, SEADISTANCE) VALUES ('27728', '14470', 4528);
INSERT INTO SEADISTANCE (FIRSTPORTID, SECONDPORTID, SEADISTANCE) VALUES ('27728', '12543', 1325);
INSERT INTO SEADISTANCE (FIRSTPORTID, SECONDPORTID, SEADISTANCE) VALUES ('27728', '24795', 4052);
INSERT INTO SEADISTANCE (FIRSTPORTID, SECONDPORTID, SEADISTANCE) VALUES ('27728', '11771', 1360);
INSERT INTO SEADISTANCE (FIRSTPORTID, SECONDPORTID, SEADISTANCE) VALUES ('27728', '21381', 4052);
INSERT INTO SEADISTANCE (FIRSTPORTID, SECONDPORTID, SEADISTANCE) VALUES ('27728', '13012', 1977);
INSERT INTO SEADISTANCE (FIRSTPORTID, SECONDPORTID, SEADISTANCE) VALUES ('27728', '29002', 1239);
INSERT INTO SEADISTANCE (FIRSTPORTID, SECONDPORTID, SEADISTANCE) VALUES ('27728', '29239', 1207);
INSERT INTO SEADISTANCE (FIRSTPORTID, SECONDPORTID, SEADISTANCE) VALUES ('27728', '14635', 8186);
INSERT INTO SEADISTANCE (FIRSTPORTID, SECONDPORTID, SEADISTANCE) VALUES ('16737', '29239', 1310);
INSERT INTO SEADISTANCE (FIRSTPORTID, SECONDPORTID, SEADISTANCE) VALUES ('27728', '20512', 923);
INSERT INTO SEADISTANCE (FIRSTPORTID, SECONDPORTID, SEADISTANCE) VALUES ('27728', '10860', 7049);
INSERT INTO SEADISTANCE (FIRSTPORTID, SECONDPORTID, SEADISTANCE) VALUES ('27728', '22522', 4369);
INSERT INTO SEADISTANCE (FIRSTPORTID, SECONDPORTID, SEADISTANCE) VALUES ('27728', '17941', 7182);
INSERT INTO SEADISTANCE (FIRSTPORTID, SECONDPORTID, SEADISTANCE) VALUES ('27728', '25007', 3773);
INSERT INTO SEADISTANCE (FIRSTPORTID, SECONDPORTID, SEADISTANCE) VALUES ('27728', '22770', 4052);
INSERT INTO SEADISTANCE (FIRSTPORTID, SECONDPORTID, SEADISTANCE) VALUES ('27728', '13390', 2159);
INSERT INTO SEADISTANCE (FIRSTPORTID, SECONDPORTID, SEADISTANCE) VALUES ('27728', '18454', 1750);
INSERT INTO SEADISTANCE (FIRSTPORTID, SECONDPORTID, SEADISTANCE) VALUES ('27728', '21206', 1481);
INSERT INTO SEADISTANCE (FIRSTPORTID, SECONDPORTID, SEADISTANCE) VALUES ('27728', '18937', 2795);
INSERT INTO SEADISTANCE (FIRSTPORTID, SECONDPORTID, SEADISTANCE) VALUES ('25007', '17941', 5755);
INSERT INTO SEADISTANCE (FIRSTPORTID, SECONDPORTID, SEADISTANCE) VALUES ('21852', '246265', 337);
INSERT INTO SEADISTANCE (FIRSTPORTID, SECONDPORTID, SEADISTANCE) VALUES ('21852', '216593', 5845);
INSERT INTO SEADISTANCE (FIRSTPORTID, SECONDPORTID, SEADISTANCE) VALUES ('21852', '17386', 1156);
INSERT INTO SEADISTANCE (FIRSTPORTID, SECONDPORTID, SEADISTANCE) VALUES ('21852', '26147', 3293);
INSERT INTO SEADISTANCE (FIRSTPORTID, SECONDPORTID, SEADISTANCE) VALUES ('21852', '30045', 7185);
INSERT INTO SEADISTANCE (FIRSTPORTID, SECONDPORTID, SEADISTANCE) VALUES ('21852', '14459', 548);
INSERT INTO SEADISTANCE (FIRSTPORTID, SECONDPORTID, SEADISTANCE) VALUES ('21852', '216592', 5806);
INSERT INTO SEADISTANCE (FIRSTPORTID, SECONDPORTID, SEADISTANCE) VALUES ('21852', '29749', 2677);
INSERT INTO SEADISTANCE (FIRSTPORTID, SECONDPORTID, SEADISTANCE) VALUES ('21852', '213737', 743);
INSERT INTO SEADISTANCE (FIRSTPORTID, SECONDPORTID, SEADISTANCE) VALUES ('21852', '23428', 2089);
INSERT INTO SEADISTANCE (FIRSTPORTID, SECONDPORTID, SEADISTANCE) VALUES ('21852', '14470', 672);
INSERT INTO SEADISTANCE (FIRSTPORTID, SECONDPORTID, SEADISTANCE) VALUES ('21852', '12543', 3659);
INSERT INTO SEADISTANCE (FIRSTPORTID, SECONDPORTID, SEADISTANCE) VALUES ('21852', '11174', 972);
INSERT INTO SEADISTANCE (FIRSTPORTID, SECONDPORTID, SEADISTANCE) VALUES ('21852', '24795', 835);
INSERT INTO SEADISTANCE (FIRSTPORTID, SECONDPORTID, SEADISTANCE) VALUES ('21852', '11771', 3694);
INSERT INTO SEADISTANCE (FIRSTPORTID, SECONDPORTID, SEADISTANCE) VALUES ('21852', '21381', 835);
INSERT INTO SEADISTANCE (FIRSTPORTID, SECONDPORTID, SEADISTANCE) VALUES ('21852', '13012', 1935);
INSERT INTO SEADISTANCE (FIRSTPORTID, SECONDPORTID, SEADISTANCE) VALUES ('21852', '29002', 2747);
INSERT INTO SEADISTANCE (FIRSTPORTID, SECONDPORTID, SEADISTANCE) VALUES ('21852', '29239', 2801);
INSERT INTO SEADISTANCE (FIRSTPORTID, SECONDPORTID, SEADISTANCE) VALUES ('21852', '14635', 8757);
INSERT INTO SEADISTANCE (FIRSTPORTID, SECONDPORTID, SEADISTANCE) VALUES ('21852', '20512', 3277);
INSERT INTO SEADISTANCE (FIRSTPORTID, SECONDPORTID, SEADISTANCE) VALUES ('21852', '14277', 7570);
INSERT INTO SEADISTANCE (FIRSTPORTID, SECONDPORTID, SEADISTANCE) VALUES ('21852', '10860', 7620);
INSERT INTO SEADISTANCE (FIRSTPORTID, SECONDPORTID, SEADISTANCE) VALUES ('21852', '22522', 586);
INSERT INTO SEADISTANCE (FIRSTPORTID, SECONDPORTID, SEADISTANCE) VALUES ('21852', '21457', 1000);
INSERT INTO SEADISTANCE (FIRSTPORTID, SECONDPORTID, SEADISTANCE) VALUES ('21852', '17941', 6673);
INSERT INTO SEADISTANCE (FIRSTPORTID, SECONDPORTID, SEADISTANCE) VALUES ('21852', '27728', 3889);
INSERT INTO SEADISTANCE (FIRSTPORTID, SECONDPORTID, SEADISTANCE) VALUES ('21852', '25007', 4694);
INSERT INTO SEADISTANCE (FIRSTPORTID, SECONDPORTID, SEADISTANCE) VALUES ('21852', '22770', 835);
INSERT INTO SEADISTANCE (FIRSTPORTID, SECONDPORTID, SEADISTANCE) VALUES ('21852', '29973', 6734);
INSERT INTO SEADISTANCE (FIRSTPORTID, SECONDPORTID, SEADISTANCE) VALUES ('21852', '13390', 1765);
INSERT INTO SEADISTANCE (FIRSTPORTID, SECONDPORTID, SEADISTANCE) VALUES ('21852', '18454', 4084);
INSERT INTO SEADISTANCE (FIRSTPORTID, SECONDPORTID, SEADISTANCE) VALUES ('21852', '21206', 3815);
INSERT INTO SEADISTANCE (FIRSTPORTID, SECONDPORTID, SEADISTANCE) VALUES ('21852', '18937', 1237);
INSERT INTO SEADISTANCE (FIRSTPORTID, SECONDPORTID, SEADISTANCE) VALUES ('21852', '13176', 855);
INSERT INTO SEADISTANCE (FIRSTPORTID, SECONDPORTID, SEADISTANCE) VALUES ('21852', '21451', 6300);
INSERT INTO SEADISTANCE (FIRSTPORTID, SECONDPORTID, SEADISTANCE) VALUES ('21852', '23247', 2797);
INSERT INTO SEADISTANCE (FIRSTPORTID, SECONDPORTID, SEADISTANCE) VALUES ('22770', '246265', 1133);
INSERT INTO SEADISTANCE (FIRSTPORTID, SECONDPORTID, SEADISTANCE) VALUES ('22770', '17386', 1296);
INSERT INTO SEADISTANCE (FIRSTPORTID, SECONDPORTID, SEADISTANCE) VALUES ('22770', '213737', 1539);
INSERT INTO SEADISTANCE (FIRSTPORTID, SECONDPORTID, SEADISTANCE) VALUES ('22770', '29002', 2910);
INSERT INTO SEADISTANCE (FIRSTPORTID, SECONDPORTID, SEADISTANCE) VALUES ('22770', '29239', 2964);
INSERT INTO SEADISTANCE (FIRSTPORTID, SECONDPORTID, SEADISTANCE) VALUES ('22770', '14635', 8920);
INSERT INTO SEADISTANCE (FIRSTPORTID, SECONDPORTID, SEADISTANCE) VALUES ('22770', '20512', 3440);
INSERT INTO SEADISTANCE (FIRSTPORTID, SECONDPORTID, SEADISTANCE) VALUES ('22770', '22522', 1316);
INSERT INTO SEADISTANCE (FIRSTPORTID, SECONDPORTID, SEADISTANCE) VALUES ('22770', '17941', 6836);
INSERT INTO SEADISTANCE (FIRSTPORTID, SECONDPORTID, SEADISTANCE) VALUES ('22770', '25007', 4857);
INSERT INTO SEADISTANCE (FIRSTPORTID, SECONDPORTID, SEADISTANCE) VALUES ('22770', '21206', 3978);
INSERT INTO SEADISTANCE (FIRSTPORTID, SECONDPORTID, SEADISTANCE) VALUES ('22770', '18937', 1384);
INSERT INTO SEADISTANCE (FIRSTPORTID, SECONDPORTID, SEADISTANCE) VALUES ('18476', '246265', 2767);
INSERT INTO SEADISTANCE (FIRSTPORTID, SECONDPORTID, SEADISTANCE) VALUES ('18476', '19057', 1545);
INSERT INTO SEADISTANCE (FIRSTPORTID, SECONDPORTID, SEADISTANCE) VALUES ('18476', '21863', 2471);
INSERT INTO SEADISTANCE (FIRSTPORTID, SECONDPORTID, SEADISTANCE) VALUES ('18476', '216593', 3418);
INSERT INTO SEADISTANCE (FIRSTPORTID, SECONDPORTID, SEADISTANCE) VALUES ('18476', '17386', 1497);
INSERT INTO SEADISTANCE (FIRSTPORTID, SECONDPORTID, SEADISTANCE) VALUES ('18476', '18137', 3368);
INSERT INTO SEADISTANCE (FIRSTPORTID, SECONDPORTID, SEADISTANCE) VALUES ('18476', '26147', 1855);
INSERT INTO SEADISTANCE (FIRSTPORTID, SECONDPORTID, SEADISTANCE) VALUES ('18476', '20826', 2908);
INSERT INTO SEADISTANCE (FIRSTPORTID, SECONDPORTID, SEADISTANCE) VALUES ('18476', '18012', 1128);
INSERT INTO SEADISTANCE (FIRSTPORTID, SECONDPORTID, SEADISTANCE) VALUES ('18476', '28261', 3772);
INSERT INTO SEADISTANCE (FIRSTPORTID, SECONDPORTID, SEADISTANCE) VALUES ('18476', '30045', 4758);
INSERT INTO SEADISTANCE (FIRSTPORTID, SECONDPORTID, SEADISTANCE) VALUES ('18476', '28313', 3163);
INSERT INTO SEADISTANCE (FIRSTPORTID, SECONDPORTID, SEADISTANCE) VALUES ('18476', '14459', 2978);
INSERT INTO SEADISTANCE (FIRSTPORTID, SECONDPORTID, SEADISTANCE) VALUES ('18476', '10563', 2091);
INSERT INTO SEADISTANCE (FIRSTPORTID, SECONDPORTID, SEADISTANCE) VALUES ('18476', '216592', 3379);
INSERT INTO SEADISTANCE (FIRSTPORTID, SECONDPORTID, SEADISTANCE) VALUES ('18476', '15107', 4159);
INSERT INTO SEADISTANCE (FIRSTPORTID, SECONDPORTID, SEADISTANCE) VALUES ('18476', '29749', 1279);
INSERT INTO SEADISTANCE (FIRSTPORTID, SECONDPORTID, SEADISTANCE) VALUES ('18476', '18326', 1441);
INSERT INTO SEADISTANCE (FIRSTPORTID, SECONDPORTID, SEADISTANCE) VALUES ('18476', '14226', 3898);
INSERT INTO SEADISTANCE (FIRSTPORTID, SECONDPORTID, SEADISTANCE) VALUES ('18476', '213737', 3173);
INSERT INTO SEADISTANCE (FIRSTPORTID, SECONDPORTID, SEADISTANCE) VALUES ('18476', '23428', 530);
INSERT INTO SEADISTANCE (FIRSTPORTID, SECONDPORTID, SEADISTANCE) VALUES ('18476', '14470', 3102);
INSERT INTO SEADISTANCE (FIRSTPORTID, SECONDPORTID, SEADISTANCE) VALUES ('18476', '12543', 2357);
INSERT INTO SEADISTANCE (FIRSTPORTID, SECONDPORTID, SEADISTANCE) VALUES ('18476', '11174', 1829);
INSERT INTO SEADISTANCE (FIRSTPORTID, SECONDPORTID, SEADISTANCE) VALUES ('18476', '29876', 4255);
INSERT INTO SEADISTANCE (FIRSTPORTID, SECONDPORTID, SEADISTANCE) VALUES ('18476', '22226', 1754);
INSERT INTO SEADISTANCE (FIRSTPORTID, SECONDPORTID, SEADISTANCE) VALUES ('18476', '224858', 1793);
INSERT INTO SEADISTANCE (FIRSTPORTID, SECONDPORTID, SEADISTANCE) VALUES ('18476', '16485', 2641);
INSERT INTO SEADISTANCE (FIRSTPORTID, SECONDPORTID, SEADISTANCE) VALUES ('18476', '24795', 2626);
INSERT INTO SEADISTANCE (FIRSTPORTID, SECONDPORTID, SEADISTANCE) VALUES ('18476', '11771', 2392);
INSERT INTO SEADISTANCE (FIRSTPORTID, SECONDPORTID, SEADISTANCE) VALUES ('18476', '21381', 2626);
INSERT INTO SEADISTANCE (FIRSTPORTID, SECONDPORTID, SEADISTANCE) VALUES ('18476', '16737', 2696);
INSERT INTO SEADISTANCE (FIRSTPORTID, SECONDPORTID, SEADISTANCE) VALUES ('18476', '13012', 817);
INSERT INTO SEADISTANCE (FIRSTPORTID, SECONDPORTID, SEADISTANCE) VALUES ('18476', '29002', 1358);
INSERT INTO SEADISTANCE (FIRSTPORTID, SECONDPORTID, SEADISTANCE) VALUES ('18476', '29239', 1499);
INSERT INTO SEADISTANCE (FIRSTPORTID, SECONDPORTID, SEADISTANCE) VALUES ('18476', '14635', 6330);
INSERT INTO SEADISTANCE (FIRSTPORTID, SECONDPORTID, SEADISTANCE) VALUES ('18476', '20512', 1975);
INSERT INTO SEADISTANCE (FIRSTPORTID, SECONDPORTID, SEADISTANCE) VALUES ('18476', '14277', 5143);
INSERT INTO SEADISTANCE (FIRSTPORTID, SECONDPORTID, SEADISTANCE) VALUES ('18476', '10860', 5193);
INSERT INTO SEADISTANCE (FIRSTPORTID, SECONDPORTID, SEADISTANCE) VALUES ('18476', '22522', 2943);
INSERT INTO SEADISTANCE (FIRSTPORTID, SECONDPORTID, SEADISTANCE) VALUES ('18476', '21457', 1751);
INSERT INTO SEADISTANCE (FIRSTPORTID, SECONDPORTID, SEADISTANCE) VALUES ('18476', '17941', 4872);
INSERT INTO SEADISTANCE (FIRSTPORTID, SECONDPORTID, SEADISTANCE) VALUES ('18476', '27728', 2354);
INSERT INTO SEADISTANCE (FIRSTPORTID, SECONDPORTID, SEADISTANCE) VALUES ('18476', '25007', 2253);
INSERT INTO SEADISTANCE (FIRSTPORTID, SECONDPORTID, SEADISTANCE) VALUES ('18476', '21852', 2463);
INSERT INTO SEADISTANCE (FIRSTPORTID, SECONDPORTID, SEADISTANCE) VALUES ('18476', '22770', 2626);
INSERT INTO SEADISTANCE (FIRSTPORTID, SECONDPORTID, SEADISTANCE) VALUES ('18476', '18682', 3385);
INSERT INTO SEADISTANCE (FIRSTPORTID, SECONDPORTID, SEADISTANCE) VALUES ('18476', '28781', 3511);
INSERT INTO SEADISTANCE (FIRSTPORTID, SECONDPORTID, SEADISTANCE) VALUES ('18476', '29973', 4307);
INSERT INTO SEADISTANCE (FIRSTPORTID, SECONDPORTID, SEADISTANCE) VALUES ('18476', '24951', 2590);
INSERT INTO SEADISTANCE (FIRSTPORTID, SECONDPORTID, SEADISTANCE) VALUES ('18476', '20301', 4579);
INSERT INTO SEADISTANCE (FIRSTPORTID, SECONDPORTID, SEADISTANCE) VALUES ('18476', '20072', 2200);
INSERT INTO SEADISTANCE (FIRSTPORTID, SECONDPORTID, SEADISTANCE) VALUES ('18476', '20351', 3187);
INSERT INTO SEADISTANCE (FIRSTPORTID, SECONDPORTID, SEADISTANCE) VALUES ('18476', '27792', 6220);
INSERT INTO SEADISTANCE (FIRSTPORTID, SECONDPORTID, SEADISTANCE) VALUES ('18476', '27248', 4058);
INSERT INTO SEADISTANCE (FIRSTPORTID, SECONDPORTID, SEADISTANCE) VALUES ('18476', '13390', 804);
INSERT INTO SEADISTANCE (FIRSTPORTID, SECONDPORTID, SEADISTANCE) VALUES ('18476', '21556', 2470);
INSERT INTO SEADISTANCE (FIRSTPORTID, SECONDPORTID, SEADISTANCE) VALUES ('18476', '18454', 2782);
INSERT INTO SEADISTANCE (FIRSTPORTID, SECONDPORTID, SEADISTANCE) VALUES ('18476', '21206', 2513);
INSERT INTO SEADISTANCE (FIRSTPORTID, SECONDPORTID, SEADISTANCE) VALUES ('18476', '18867', 2620);
INSERT INTO SEADISTANCE (FIRSTPORTID, SECONDPORTID, SEADISTANCE) VALUES ('18476', '18937', 1369);
INSERT INTO SEADISTANCE (FIRSTPORTID, SECONDPORTID, SEADISTANCE) VALUES ('18476', '28082', 6033);
INSERT INTO SEADISTANCE (FIRSTPORTID, SECONDPORTID, SEADISTANCE) VALUES ('18476', '25350', 7439);
INSERT INTO SEADISTANCE (FIRSTPORTID, SECONDPORTID, SEADISTANCE) VALUES ('18476', '20847', 2931);
INSERT INTO SEADISTANCE (FIRSTPORTID, SECONDPORTID, SEADISTANCE) VALUES ('246265', '213737', 406);
INSERT INTO SEADISTANCE (FIRSTPORTID, SECONDPORTID, SEADISTANCE) VALUES ('246265', '29002', 3051);
INSERT INTO SEADISTANCE (FIRSTPORTID, SECONDPORTID, SEADISTANCE) VALUES ('246265', '29239', 3105);
INSERT INTO SEADISTANCE (FIRSTPORTID, SECONDPORTID, SEADISTANCE) VALUES ('246265', '14635', 9061);
INSERT INTO SEADISTANCE (FIRSTPORTID, SECONDPORTID, SEADISTANCE) VALUES ('246265', '22522', 735);
INSERT INTO SEADISTANCE (FIRSTPORTID, SECONDPORTID, SEADISTANCE) VALUES ('246265', '17941', 6977);
INSERT INTO SEADISTANCE (FIRSTPORTID, SECONDPORTID, SEADISTANCE) VALUES ('246265', '25007', 4998);
INSERT INTO SEADISTANCE (FIRSTPORTID, SECONDPORTID, SEADISTANCE) VALUES ('19057', '246265', 3151);
INSERT INTO SEADISTANCE (FIRSTPORTID, SECONDPORTID, SEADISTANCE) VALUES ('19057', '21863', 2855);
INSERT INTO SEADISTANCE (FIRSTPORTID, SECONDPORTID, SEADISTANCE) VALUES ('19057', '216593', 4845);
INSERT INTO SEADISTANCE (FIRSTPORTID, SECONDPORTID, SEADISTANCE) VALUES ('19057', '17386', 1881);
INSERT INTO SEADISTANCE (FIRSTPORTID, SECONDPORTID, SEADISTANCE) VALUES ('19057', '18137', 3752);
INSERT INTO SEADISTANCE (FIRSTPORTID, SECONDPORTID, SEADISTANCE) VALUES ('19057', '26147', 635);
INSERT INTO SEADISTANCE (FIRSTPORTID, SECONDPORTID, SEADISTANCE) VALUES ('19057', '20826', 3292);
INSERT INTO SEADISTANCE (FIRSTPORTID, SECONDPORTID, SEADISTANCE) VALUES ('19057', '18012', 482);
INSERT INTO SEADISTANCE (FIRSTPORTID, SECONDPORTID, SEADISTANCE) VALUES ('19057', '28261', 5199);
INSERT INTO SEADISTANCE (FIRSTPORTID, SECONDPORTID, SEADISTANCE) VALUES ('19057', '30045', 6185);
INSERT INTO SEADISTANCE (FIRSTPORTID, SECONDPORTID, SEADISTANCE) VALUES ('19057', '28313', 4591);
INSERT INTO SEADISTANCE (FIRSTPORTID, SECONDPORTID, SEADISTANCE) VALUES ('19057', '14459', 3362);
INSERT INTO SEADISTANCE (FIRSTPORTID, SECONDPORTID, SEADISTANCE) VALUES ('19057', '10563', 704);
INSERT INTO SEADISTANCE (FIRSTPORTID, SECONDPORTID, SEADISTANCE) VALUES ('19057', '216592', 4806);
INSERT INTO SEADISTANCE (FIRSTPORTID, SECONDPORTID, SEADISTANCE) VALUES ('19057', '15107', 5586);
INSERT INTO SEADISTANCE (FIRSTPORTID, SECONDPORTID, SEADISTANCE) VALUES ('19057', '29749', 633);
INSERT INTO SEADISTANCE (FIRSTPORTID, SECONDPORTID, SEADISTANCE) VALUES ('19057', '18326', 146);
INSERT INTO SEADISTANCE (FIRSTPORTID, SECONDPORTID, SEADISTANCE) VALUES ('19057', '14226', 5325);
INSERT INTO SEADISTANCE (FIRSTPORTID, SECONDPORTID, SEADISTANCE) VALUES ('19057', '213737', 3557);
INSERT INTO SEADISTANCE (FIRSTPORTID, SECONDPORTID, SEADISTANCE) VALUES ('19057', '23428', 1536);
INSERT INTO SEADISTANCE (FIRSTPORTID, SECONDPORTID, SEADISTANCE) VALUES ('19057', '14470', 3486);
INSERT INTO SEADISTANCE (FIRSTPORTID, SECONDPORTID, SEADISTANCE) VALUES ('19057', '12543', 970);
INSERT INTO SEADISTANCE (FIRSTPORTID, SECONDPORTID, SEADISTANCE) VALUES ('19057', '11174', 2213);
INSERT INTO SEADISTANCE (FIRSTPORTID, SECONDPORTID, SEADISTANCE) VALUES ('19057', '29876', 5682);
INSERT INTO SEADISTANCE (FIRSTPORTID, SECONDPORTID, SEADISTANCE) VALUES ('19057', '22226', 2787);
INSERT INTO SEADISTANCE (FIRSTPORTID, SECONDPORTID, SEADISTANCE) VALUES ('19057', '224858', 405);
INSERT INTO SEADISTANCE (FIRSTPORTID, SECONDPORTID, SEADISTANCE) VALUES ('19057', '16485', 1254);
INSERT INTO SEADISTANCE (FIRSTPORTID, SECONDPORTID, SEADISTANCE) VALUES ('19057', '24795', 3010);
INSERT INTO SEADISTANCE (FIRSTPORTID, SECONDPORTID, SEADISTANCE) VALUES ('19057', '11771', 1005);
INSERT INTO SEADISTANCE (FIRSTPORTID, SECONDPORTID, SEADISTANCE) VALUES ('19057', '21381', 3010);
INSERT INTO SEADISTANCE (FIRSTPORTID, SECONDPORTID, SEADISTANCE) VALUES ('19057', '16737', 1309);
INSERT INTO SEADISTANCE (FIRSTPORTID, SECONDPORTID, SEADISTANCE) VALUES ('19057', '13012', 935);
INSERT INTO SEADISTANCE (FIRSTPORTID, SECONDPORTID, SEADISTANCE) VALUES ('19057', '29002', 698);
INSERT INTO SEADISTANCE (FIRSTPORTID, SECONDPORTID, SEADISTANCE) VALUES ('19057', '29239', 196);
INSERT INTO SEADISTANCE (FIRSTPORTID, SECONDPORTID, SEADISTANCE) VALUES ('19057', '14635', 7757);
INSERT INTO SEADISTANCE (FIRSTPORTID, SECONDPORTID, SEADISTANCE) VALUES ('19057', '20512', 588);
INSERT INTO SEADISTANCE (FIRSTPORTID, SECONDPORTID, SEADISTANCE) VALUES ('19057', '14277', 6570);
INSERT INTO SEADISTANCE (FIRSTPORTID, SECONDPORTID, SEADISTANCE) VALUES ('19057', '10860', 6620);
INSERT INTO SEADISTANCE (FIRSTPORTID, SECONDPORTID, SEADISTANCE) VALUES ('19057', '22522', 3327);
INSERT INTO SEADISTANCE (FIRSTPORTID, SECONDPORTID, SEADISTANCE) VALUES ('19057', '21457', 2135);
INSERT INTO SEADISTANCE (FIRSTPORTID, SECONDPORTID, SEADISTANCE) VALUES ('19057', '17941', 6249);
INSERT INTO SEADISTANCE (FIRSTPORTID, SECONDPORTID, SEADISTANCE) VALUES ('19057', '27728', 1230);
INSERT INTO SEADISTANCE (FIRSTPORTID, SECONDPORTID, SEADISTANCE) VALUES ('19057', '25007', 3395);
INSERT INTO SEADISTANCE (FIRSTPORTID, SECONDPORTID, SEADISTANCE) VALUES ('19057', '21852', 2847);
INSERT INTO SEADISTANCE (FIRSTPORTID, SECONDPORTID, SEADISTANCE) VALUES ('19057', '22770', 3010);
INSERT INTO SEADISTANCE (FIRSTPORTID, SECONDPORTID, SEADISTANCE) VALUES ('19057', '18682', 3769);
INSERT INTO SEADISTANCE (FIRSTPORTID, SECONDPORTID, SEADISTANCE) VALUES ('19057', '28781', 4890);
INSERT INTO SEADISTANCE (FIRSTPORTID, SECONDPORTID, SEADISTANCE) VALUES ('19057', '29973', 5734);
INSERT INTO SEADISTANCE (FIRSTPORTID, SECONDPORTID, SEADISTANCE) VALUES ('19057', '24951', 2974);
INSERT INTO SEADISTANCE (FIRSTPORTID, SECONDPORTID, SEADISTANCE) VALUES ('19057', '20301', 5956);
INSERT INTO SEADISTANCE (FIRSTPORTID, SECONDPORTID, SEADISTANCE) VALUES ('19057', '20072', 813);
INSERT INTO SEADISTANCE (FIRSTPORTID, SECONDPORTID, SEADISTANCE) VALUES ('19057', '20351', 4563);
INSERT INTO SEADISTANCE (FIRSTPORTID, SECONDPORTID, SEADISTANCE) VALUES ('19057', '27792', 7647);
INSERT INTO SEADISTANCE (FIRSTPORTID, SECONDPORTID, SEADISTANCE) VALUES ('19057', '27248', 5435);
INSERT INTO SEADISTANCE (FIRSTPORTID, SECONDPORTID, SEADISTANCE) VALUES ('19057', '13390', 1117);
INSERT INTO SEADISTANCE (FIRSTPORTID, SECONDPORTID, SEADISTANCE) VALUES ('19057', '21556', 2854);
INSERT INTO SEADISTANCE (FIRSTPORTID, SECONDPORTID, SEADISTANCE) VALUES ('19057', '18454', 1395);
INSERT INTO SEADISTANCE (FIRSTPORTID, SECONDPORTID, SEADISTANCE) VALUES ('19057', '21206', 1126);
INSERT INTO SEADISTANCE (FIRSTPORTID, SECONDPORTID, SEADISTANCE) VALUES ('19057', '18867', 1233);
INSERT INTO SEADISTANCE (FIRSTPORTID, SECONDPORTID, SEADISTANCE) VALUES ('19057', '18937', 1753);
INSERT INTO SEADISTANCE (FIRSTPORTID, SECONDPORTID, SEADISTANCE) VALUES ('19057', '28082', 7460);
INSERT INTO SEADISTANCE (FIRSTPORTID, SECONDPORTID, SEADISTANCE) VALUES ('19057', '25350', 8866);
INSERT INTO SEADISTANCE (FIRSTPORTID, SECONDPORTID, SEADISTANCE) VALUES ('19057', '20847', 3315);
INSERT INTO SEADISTANCE (FIRSTPORTID, SECONDPORTID, SEADISTANCE) VALUES ('19057', '13176', 3030);
INSERT INTO SEADISTANCE (FIRSTPORTID, SECONDPORTID, SEADISTANCE) VALUES ('19057', '21451', 5109);
INSERT INTO SEADISTANCE (FIRSTPORTID, SECONDPORTID, SEADISTANCE) VALUES ('19057', '23247', 50);
INSERT INTO SEADISTANCE (FIRSTPORTID, SECONDPORTID, SEADISTANCE) VALUES ('19057', '19473', 87);
INSERT INTO SEADISTANCE (FIRSTPORTID, SECONDPORTID, SEADISTANCE) VALUES ('21863', '246265', 345);
INSERT INTO SEADISTANCE (FIRSTPORTID, SECONDPORTID, SEADISTANCE) VALUES ('21863', '216593', 5853);
INSERT INTO SEADISTANCE (FIRSTPORTID, SECONDPORTID, SEADISTANCE) VALUES ('21863', '17386', 1164);
INSERT INTO SEADISTANCE (FIRSTPORTID, SECONDPORTID, SEADISTANCE) VALUES ('21863', '26147', 3301);
INSERT INTO SEADISTANCE (FIRSTPORTID, SECONDPORTID, SEADISTANCE) VALUES ('21863', '30045', 7193);
INSERT INTO SEADISTANCE (FIRSTPORTID, SECONDPORTID, SEADISTANCE) VALUES ('21863', '14459', 556);
INSERT INTO SEADISTANCE (FIRSTPORTID, SECONDPORTID, SEADISTANCE) VALUES ('21863', '216592', 5814);
INSERT INTO SEADISTANCE (FIRSTPORTID, SECONDPORTID, SEADISTANCE) VALUES ('21863', '29749', 2685);
INSERT INTO SEADISTANCE (FIRSTPORTID, SECONDPORTID, SEADISTANCE) VALUES ('21863', '213737', 751);
INSERT INTO SEADISTANCE (FIRSTPORTID, SECONDPORTID, SEADISTANCE) VALUES ('21863', '23428', 2097);
INSERT INTO SEADISTANCE (FIRSTPORTID, SECONDPORTID, SEADISTANCE) VALUES ('21863', '14470', 680);
INSERT INTO SEADISTANCE (FIRSTPORTID, SECONDPORTID, SEADISTANCE) VALUES ('21863', '12543', 3667);
INSERT INTO SEADISTANCE (FIRSTPORTID, SECONDPORTID, SEADISTANCE) VALUES ('21863', '11174', 980);
INSERT INTO SEADISTANCE (FIRSTPORTID, SECONDPORTID, SEADISTANCE) VALUES ('21863', '24795', 843);
INSERT INTO SEADISTANCE (FIRSTPORTID, SECONDPORTID, SEADISTANCE) VALUES ('21863', '11771', 3702);
INSERT INTO SEADISTANCE (FIRSTPORTID, SECONDPORTID, SEADISTANCE) VALUES ('21863', '21381', 843);
INSERT INTO SEADISTANCE (FIRSTPORTID, SECONDPORTID, SEADISTANCE) VALUES ('21863', '13012', 1943);
INSERT INTO SEADISTANCE (FIRSTPORTID, SECONDPORTID, SEADISTANCE) VALUES ('21863', '29002', 2755);
INSERT INTO SEADISTANCE (FIRSTPORTID, SECONDPORTID, SEADISTANCE) VALUES ('21863', '29239', 2809);
INSERT INTO SEADISTANCE (FIRSTPORTID, SECONDPORTID, SEADISTANCE) VALUES ('21863', '14635', 8765);
INSERT INTO SEADISTANCE (FIRSTPORTID, SECONDPORTID, SEADISTANCE) VALUES ('21863', '20512', 3285);
INSERT INTO SEADISTANCE (FIRSTPORTID, SECONDPORTID, SEADISTANCE) VALUES ('21863', '14277', 7578);
INSERT INTO SEADISTANCE (FIRSTPORTID, SECONDPORTID, SEADISTANCE) VALUES ('21863', '10860', 7628);
INSERT INTO SEADISTANCE (FIRSTPORTID, SECONDPORTID, SEADISTANCE) VALUES ('21863', '22522', 594);
INSERT INTO SEADISTANCE (FIRSTPORTID, SECONDPORTID, SEADISTANCE) VALUES ('21863', '21457', 1008);
INSERT INTO SEADISTANCE (FIRSTPORTID, SECONDPORTID, SEADISTANCE) VALUES ('21863', '17941', 6681);
INSERT INTO SEADISTANCE (FIRSTPORTID, SECONDPORTID, SEADISTANCE) VALUES ('21863', '27728', 3897);
INSERT INTO SEADISTANCE (FIRSTPORTID, SECONDPORTID, SEADISTANCE) VALUES ('21863', '25007', 4702);
INSERT INTO SEADISTANCE (FIRSTPORTID, SECONDPORTID, SEADISTANCE) VALUES ('21863', '21852', 10);
INSERT INTO SEADISTANCE (FIRSTPORTID, SECONDPORTID, SEADISTANCE) VALUES ('21863', '22770', 843);
INSERT INTO SEADISTANCE (FIRSTPORTID, SECONDPORTID, SEADISTANCE) VALUES ('21863', '29973', 6742);
INSERT INTO SEADISTANCE (FIRSTPORTID, SECONDPORTID, SEADISTANCE) VALUES ('21863', '13390', 1773);
INSERT INTO SEADISTANCE (FIRSTPORTID, SECONDPORTID, SEADISTANCE) VALUES ('21863', '18454', 4092);
INSERT INTO SEADISTANCE (FIRSTPORTID, SECONDPORTID, SEADISTANCE) VALUES ('21863', '21206', 3823);
INSERT INTO SEADISTANCE (FIRSTPORTID, SECONDPORTID, SEADISTANCE) VALUES ('21863', '18937', 1245);
INSERT INTO SEADISTANCE (FIRSTPORTID, SECONDPORTID, SEADISTANCE) VALUES ('21863', '13176', 863);
INSERT INTO SEADISTANCE (FIRSTPORTID, SECONDPORTID, SEADISTANCE) VALUES ('21863', '21451', 6308);
INSERT INTO SEADISTANCE (FIRSTPORTID, SECONDPORTID, SEADISTANCE) VALUES ('21863', '23247', 2805);
INSERT INTO SEADISTANCE (FIRSTPORTID, SECONDPORTID, SEADISTANCE) VALUES ('14113', '246265', 7352);
INSERT INTO SEADISTANCE (FIRSTPORTID, SECONDPORTID, SEADISTANCE) VALUES ('14113', '19057', 6625);
INSERT INTO SEADISTANCE (FIRSTPORTID, SECONDPORTID, SEADISTANCE) VALUES ('14113', '21863', 7056);
INSERT INTO SEADISTANCE (FIRSTPORTID, SECONDPORTID, SEADISTANCE) VALUES ('14113', '216593', 4904);
INSERT INTO SEADISTANCE (FIRSTPORTID, SECONDPORTID, SEADISTANCE) VALUES ('14113', '17386', 6082);
INSERT INTO SEADISTANCE (FIRSTPORTID, SECONDPORTID, SEADISTANCE) VALUES ('14113', '18137', 7953);
INSERT INTO SEADISTANCE (FIRSTPORTID, SECONDPORTID, SEADISTANCE) VALUES ('14113', '26147', 7062);
INSERT INTO SEADISTANCE (FIRSTPORTID, SECONDPORTID, SEADISTANCE) VALUES ('14113', '20826', 7493);
INSERT INTO SEADISTANCE (FIRSTPORTID, SECONDPORTID, SEADISTANCE) VALUES ('14113', '18012', 6201);
INSERT INTO SEADISTANCE (FIRSTPORTID, SECONDPORTID, SEADISTANCE) VALUES ('14113', '28261', 4683);
INSERT INTO SEADISTANCE (FIRSTPORTID, SECONDPORTID, SEADISTANCE) VALUES ('14113', '26670', 557);
INSERT INTO SEADISTANCE (FIRSTPORTID, SECONDPORTID, SEADISTANCE) VALUES ('14113', '30045', 3622);
INSERT INTO SEADISTANCE (FIRSTPORTID, SECONDPORTID, SEADISTANCE) VALUES ('14113', '28313', 5388);
INSERT INTO SEADISTANCE (FIRSTPORTID, SECONDPORTID, SEADISTANCE) VALUES ('14113', '14459', 7563);
INSERT INTO SEADISTANCE (FIRSTPORTID, SECONDPORTID, SEADISTANCE) VALUES ('14113', '10563', 7171);
INSERT INTO SEADISTANCE (FIRSTPORTID, SECONDPORTID, SEADISTANCE) VALUES ('14113', '216592', 5623);
INSERT INTO SEADISTANCE (FIRSTPORTID, SECONDPORTID, SEADISTANCE) VALUES ('14113', '15107', 5191);
INSERT INTO SEADISTANCE (FIRSTPORTID, SECONDPORTID, SEADISTANCE) VALUES ('14113', '29749', 6431);
INSERT INTO SEADISTANCE (FIRSTPORTID, SECONDPORTID, SEADISTANCE) VALUES ('14113', '18326', 6521);
INSERT INTO SEADISTANCE (FIRSTPORTID, SECONDPORTID, SEADISTANCE) VALUES ('14113', '14226', 4443);
INSERT INTO SEADISTANCE (FIRSTPORTID, SECONDPORTID, SEADISTANCE) VALUES ('14113', '213737', 7758);
INSERT INTO SEADISTANCE (FIRSTPORTID, SECONDPORTID, SEADISTANCE) VALUES ('14113', '23428', 5101);
INSERT INTO SEADISTANCE (FIRSTPORTID, SECONDPORTID, SEADISTANCE) VALUES ('14113', '14470', 7687);
INSERT INTO SEADISTANCE (FIRSTPORTID, SECONDPORTID, SEADISTANCE) VALUES ('14113', '12543', 7437);
INSERT INTO SEADISTANCE (FIRSTPORTID, SECONDPORTID, SEADISTANCE) VALUES ('14113', '11174', 6414);
INSERT INTO SEADISTANCE (FIRSTPORTID, SECONDPORTID, SEADISTANCE) VALUES ('14113', '29876', 4265);
INSERT INTO SEADISTANCE (FIRSTPORTID, SECONDPORTID, SEADISTANCE) VALUES ('14113', '22226', 5990);
INSERT INTO SEADISTANCE (FIRSTPORTID, SECONDPORTID, SEADISTANCE) VALUES ('14113', '224858', 6873);
INSERT INTO SEADISTANCE (FIRSTPORTID, SECONDPORTID, SEADISTANCE) VALUES ('14113', '16485', 7721);
INSERT INTO SEADISTANCE (FIRSTPORTID, SECONDPORTID, SEADISTANCE) VALUES ('14113', '18433', 5272);
INSERT INTO SEADISTANCE (FIRSTPORTID, SECONDPORTID, SEADISTANCE) VALUES ('14113', '24795', 7211);
INSERT INTO SEADISTANCE (FIRSTPORTID, SECONDPORTID, SEADISTANCE) VALUES ('14113', '11771', 7472);
INSERT INTO SEADISTANCE (FIRSTPORTID, SECONDPORTID, SEADISTANCE) VALUES ('14113', '21381', 7211);
INSERT INTO SEADISTANCE (FIRSTPORTID, SECONDPORTID, SEADISTANCE) VALUES ('14113', '16737', 7776);
INSERT INTO SEADISTANCE (FIRSTPORTID, SECONDPORTID, SEADISTANCE) VALUES ('14113', '13012', 5763);
INSERT INTO SEADISTANCE (FIRSTPORTID, SECONDPORTID, SEADISTANCE) VALUES ('14113', '29002', 6510);
INSERT INTO SEADISTANCE (FIRSTPORTID, SECONDPORTID, SEADISTANCE) VALUES ('14113', '29239', 6579);
INSERT INTO SEADISTANCE (FIRSTPORTID, SECONDPORTID, SEADISTANCE) VALUES ('14113', '14635', 6832);
INSERT INTO SEADISTANCE (FIRSTPORTID, SECONDPORTID, SEADISTANCE) VALUES ('14113', '20512', 7055);
INSERT INTO SEADISTANCE (FIRSTPORTID, SECONDPORTID, SEADISTANCE) VALUES ('14113', '14277', 5745);
INSERT INTO SEADISTANCE (FIRSTPORTID, SECONDPORTID, SEADISTANCE) VALUES ('14113', '10860', 3334);
INSERT INTO SEADISTANCE (FIRSTPORTID, SECONDPORTID, SEADISTANCE) VALUES ('14113', '22522', 7528);
INSERT INTO SEADISTANCE (FIRSTPORTID, SECONDPORTID, SEADISTANCE) VALUES ('14113', '21457', 6336);
INSERT INTO SEADISTANCE (FIRSTPORTID, SECONDPORTID, SEADISTANCE) VALUES ('14113', '17941', 460);
INSERT INTO SEADISTANCE (FIRSTPORTID, SECONDPORTID, SEADISTANCE) VALUES ('14113', '27728', 7561);
INSERT INTO SEADISTANCE (FIRSTPORTID, SECONDPORTID, SEADISTANCE) VALUES ('14113', '25007', 6129);
INSERT INTO SEADISTANCE (FIRSTPORTID, SECONDPORTID, SEADISTANCE) VALUES ('14113', '21852', 7048);
INSERT INTO SEADISTANCE (FIRSTPORTID, SECONDPORTID, SEADISTANCE) VALUES ('14113', '22770', 7211);
INSERT INTO SEADISTANCE (FIRSTPORTID, SECONDPORTID, SEADISTANCE) VALUES ('14113', '18476', 5250);
INSERT INTO SEADISTANCE (FIRSTPORTID, SECONDPORTID, SEADISTANCE) VALUES ('14113', '18682', 7970);
INSERT INTO SEADISTANCE (FIRSTPORTID, SECONDPORTID, SEADISTANCE) VALUES ('14113', '28781', 5784);
INSERT INTO SEADISTANCE (FIRSTPORTID, SECONDPORTID, SEADISTANCE) VALUES ('14113', '29973', 5257);
INSERT INTO SEADISTANCE (FIRSTPORTID, SECONDPORTID, SEADISTANCE) VALUES ('14113', '24951', 7175);
INSERT INTO SEADISTANCE (FIRSTPORTID, SECONDPORTID, SEADISTANCE) VALUES ('14113', '20301', 710);
INSERT INTO SEADISTANCE (FIRSTPORTID, SECONDPORTID, SEADISTANCE) VALUES ('14113', '20072', 7280);
INSERT INTO SEADISTANCE (FIRSTPORTID, SECONDPORTID, SEADISTANCE) VALUES ('14113', '20351', 2126);
INSERT INTO SEADISTANCE (FIRSTPORTID, SECONDPORTID, SEADISTANCE) VALUES ('14113', '27792', 2174);
INSERT INTO SEADISTANCE (FIRSTPORTID, SECONDPORTID, SEADISTANCE) VALUES ('14113', '27248', 1280);
INSERT INTO SEADISTANCE (FIRSTPORTID, SECONDPORTID, SEADISTANCE) VALUES ('14113', '13390', 5608);
INSERT INTO SEADISTANCE (FIRSTPORTID, SECONDPORTID, SEADISTANCE) VALUES ('14113', '21556', 7055);
INSERT INTO SEADISTANCE (FIRSTPORTID, SECONDPORTID, SEADISTANCE) VALUES ('14113', '18454', 7862);
INSERT INTO SEADISTANCE (FIRSTPORTID, SECONDPORTID, SEADISTANCE) VALUES ('14113', '21206', 7593);
INSERT INTO SEADISTANCE (FIRSTPORTID, SECONDPORTID, SEADISTANCE) VALUES ('14113', '18867', 7700);
INSERT INTO SEADISTANCE (FIRSTPORTID, SECONDPORTID, SEADISTANCE) VALUES ('14113', '18937', 5954);
INSERT INTO SEADISTANCE (FIRSTPORTID, SECONDPORTID, SEADISTANCE) VALUES ('14113', '28082', 2394);
INSERT INTO SEADISTANCE (FIRSTPORTID, SECONDPORTID, SEADISTANCE) VALUES ('14113', '25350', 7971);
INSERT INTO SEADISTANCE (FIRSTPORTID, SECONDPORTID, SEADISTANCE) VALUES ('14113', '20847', 7516);
INSERT INTO SEADISTANCE (FIRSTPORTID, SECONDPORTID, SEADISTANCE) VALUES ('14113', '13176', 7231);
INSERT INTO SEADISTANCE (FIRSTPORTID, SECONDPORTID, SEADISTANCE) VALUES ('14113', '21451', 6632);
INSERT INTO SEADISTANCE (FIRSTPORTID, SECONDPORTID, SEADISTANCE) VALUES ('14113', '23247', 6575);
INSERT INTO SEADISTANCE (FIRSTPORTID, SECONDPORTID, SEADISTANCE) VALUES ('14113', '19473', 6554);
INSERT INTO SEADISTANCE (FIRSTPORTID, SECONDPORTID, SEADISTANCE) VALUES ('216593', '246265', 6149);
INSERT INTO SEADISTANCE (FIRSTPORTID, SECONDPORTID, SEADISTANCE) VALUES ('216593', '17386', 4879);
INSERT INTO SEADISTANCE (FIRSTPORTID, SECONDPORTID, SEADISTANCE) VALUES ('216593', '30045', 1340);
INSERT INTO SEADISTANCE (FIRSTPORTID, SECONDPORTID, SEADISTANCE) VALUES ('216593', '14459', 6360);
INSERT INTO SEADISTANCE (FIRSTPORTID, SECONDPORTID, SEADISTANCE) VALUES ('216593', '216592', 39);
INSERT INTO SEADISTANCE (FIRSTPORTID, SECONDPORTID, SEADISTANCE) VALUES ('216593', '213737', 6555);
INSERT INTO SEADISTANCE (FIRSTPORTID, SECONDPORTID, SEADISTANCE) VALUES ('216593', '14470', 6484);
INSERT INTO SEADISTANCE (FIRSTPORTID, SECONDPORTID, SEADISTANCE) VALUES ('216593', '12543', 5449);
INSERT INTO SEADISTANCE (FIRSTPORTID, SECONDPORTID, SEADISTANCE) VALUES ('216593', '24795', 6008);
INSERT INTO SEADISTANCE (FIRSTPORTID, SECONDPORTID, SEADISTANCE) VALUES ('216593', '11771', 5484);
INSERT INTO SEADISTANCE (FIRSTPORTID, SECONDPORTID, SEADISTANCE) VALUES ('216593', '21381', 6008);
INSERT INTO SEADISTANCE (FIRSTPORTID, SECONDPORTID, SEADISTANCE) VALUES ('216593', '13012', 4229);
INSERT INTO SEADISTANCE (FIRSTPORTID, SECONDPORTID, SEADISTANCE) VALUES ('216593', '29002', 4579);
INSERT INTO SEADISTANCE (FIRSTPORTID, SECONDPORTID, SEADISTANCE) VALUES ('216593', '29239', 4799);
INSERT INTO SEADISTANCE (FIRSTPORTID, SECONDPORTID, SEADISTANCE) VALUES ('216593', '14635', 2912);
INSERT INTO SEADISTANCE (FIRSTPORTID, SECONDPORTID, SEADISTANCE) VALUES ('216593', '20512', 5056);
INSERT INTO SEADISTANCE (FIRSTPORTID, SECONDPORTID, SEADISTANCE) VALUES ('216593', '10860', 1775);
INSERT INTO SEADISTANCE (FIRSTPORTID, SECONDPORTID, SEADISTANCE) VALUES ('216593', '22522', 6325);
INSERT INTO SEADISTANCE (FIRSTPORTID, SECONDPORTID, SEADISTANCE) VALUES ('216593', '17941', 5235);
INSERT INTO SEADISTANCE (FIRSTPORTID, SECONDPORTID, SEADISTANCE) VALUES ('216593', '25007', 2018);
INSERT INTO SEADISTANCE (FIRSTPORTID, SECONDPORTID, SEADISTANCE) VALUES ('216593', '22770', 6008);
INSERT INTO SEADISTANCE (FIRSTPORTID, SECONDPORTID, SEADISTANCE) VALUES ('216593', '13390', 4209);
INSERT INTO SEADISTANCE (FIRSTPORTID, SECONDPORTID, SEADISTANCE) VALUES ('216593', '18454', 5874);
INSERT INTO SEADISTANCE (FIRSTPORTID, SECONDPORTID, SEADISTANCE) VALUES ('216593', '21206', 5605);
INSERT INTO SEADISTANCE (FIRSTPORTID, SECONDPORTID, SEADISTANCE) VALUES ('216593', '18937', 4751);
INSERT INTO SEADISTANCE (FIRSTPORTID, SECONDPORTID, SEADISTANCE) VALUES ('17386', '246265', 1454);
INSERT INTO SEADISTANCE (FIRSTPORTID, SECONDPORTID, SEADISTANCE) VALUES ('17386', '213737', 1860);
INSERT INTO SEADISTANCE (FIRSTPORTID, SECONDPORTID, SEADISTANCE) VALUES ('17386', '29002', 1781);
INSERT INTO SEADISTANCE (FIRSTPORTID, SECONDPORTID, SEADISTANCE) VALUES ('17386', '29239', 1835);
INSERT INTO SEADISTANCE (FIRSTPORTID, SECONDPORTID, SEADISTANCE) VALUES ('17386', '14635', 7791);
INSERT INTO SEADISTANCE (FIRSTPORTID, SECONDPORTID, SEADISTANCE) VALUES ('17386', '20512', 2311);
INSERT INTO SEADISTANCE (FIRSTPORTID, SECONDPORTID, SEADISTANCE) VALUES ('17386', '22522', 1636);
INSERT INTO SEADISTANCE (FIRSTPORTID, SECONDPORTID, SEADISTANCE) VALUES ('17386', '17941', 5707);
INSERT INTO SEADISTANCE (FIRSTPORTID, SECONDPORTID, SEADISTANCE) VALUES ('17386', '25007', 3728);
INSERT INTO SEADISTANCE (FIRSTPORTID, SECONDPORTID, SEADISTANCE) VALUES ('17386', '21206', 2849);
INSERT INTO SEADISTANCE (FIRSTPORTID, SECONDPORTID, SEADISTANCE) VALUES ('17386', '18937', 164);
INSERT INTO SEADISTANCE (FIRSTPORTID, SECONDPORTID, SEADISTANCE) VALUES ('18137', '246265', 601);
INSERT INTO SEADISTANCE (FIRSTPORTID, SECONDPORTID, SEADISTANCE) VALUES ('18137', '21863', 946);
INSERT INTO SEADISTANCE (FIRSTPORTID, SECONDPORTID, SEADISTANCE) VALUES ('18137', '216593', 6750);
INSERT INTO SEADISTANCE (FIRSTPORTID, SECONDPORTID, SEADISTANCE) VALUES ('18137', '17386', 2055);
INSERT INTO SEADISTANCE (FIRSTPORTID, SECONDPORTID, SEADISTANCE) VALUES ('18137', '26147', 4198);
INSERT INTO SEADISTANCE (FIRSTPORTID, SECONDPORTID, SEADISTANCE) VALUES ('18137', '30045', 8090);
INSERT INTO SEADISTANCE (FIRSTPORTID, SECONDPORTID, SEADISTANCE) VALUES ('18137', '14459', 588);
INSERT INTO SEADISTANCE (FIRSTPORTID, SECONDPORTID, SEADISTANCE) VALUES ('18137', '216592', 6711);
INSERT INTO SEADISTANCE (FIRSTPORTID, SECONDPORTID, SEADISTANCE) VALUES ('18137', '29749', 3582);
INSERT INTO SEADISTANCE (FIRSTPORTID, SECONDPORTID, SEADISTANCE) VALUES ('18137', '213737', 343);
INSERT INTO SEADISTANCE (FIRSTPORTID, SECONDPORTID, SEADISTANCE) VALUES ('18137', '23428', 2994);
INSERT INTO SEADISTANCE (FIRSTPORTID, SECONDPORTID, SEADISTANCE) VALUES ('18137', '14470', 643);
INSERT INTO SEADISTANCE (FIRSTPORTID, SECONDPORTID, SEADISTANCE) VALUES ('18137', '12543', 4564);
INSERT INTO SEADISTANCE (FIRSTPORTID, SECONDPORTID, SEADISTANCE) VALUES ('18137', '11174', 1871);
INSERT INTO SEADISTANCE (FIRSTPORTID, SECONDPORTID, SEADISTANCE) VALUES ('18137', '224858', 4000);
INSERT INTO SEADISTANCE (FIRSTPORTID, SECONDPORTID, SEADISTANCE) VALUES ('18137', '24795', 1734);
INSERT INTO SEADISTANCE (FIRSTPORTID, SECONDPORTID, SEADISTANCE) VALUES ('18137', '11771', 4599);
INSERT INTO SEADISTANCE (FIRSTPORTID, SECONDPORTID, SEADISTANCE) VALUES ('18137', '21381', 1734);
INSERT INTO SEADISTANCE (FIRSTPORTID, SECONDPORTID, SEADISTANCE) VALUES ('18137', '13012', 2840);
INSERT INTO SEADISTANCE (FIRSTPORTID, SECONDPORTID, SEADISTANCE) VALUES ('18137', '29002', 3652);
INSERT INTO SEADISTANCE (FIRSTPORTID, SECONDPORTID, SEADISTANCE) VALUES ('18137', '29239', 3706);
INSERT INTO SEADISTANCE (FIRSTPORTID, SECONDPORTID, SEADISTANCE) VALUES ('18137', '14635', 9662);
INSERT INTO SEADISTANCE (FIRSTPORTID, SECONDPORTID, SEADISTANCE) VALUES ('18137', '20512', 4182);
INSERT INTO SEADISTANCE (FIRSTPORTID, SECONDPORTID, SEADISTANCE) VALUES ('18137', '14277', 8475);
INSERT INTO SEADISTANCE (FIRSTPORTID, SECONDPORTID, SEADISTANCE) VALUES ('18137', '10860', 8525);
INSERT INTO SEADISTANCE (FIRSTPORTID, SECONDPORTID, SEADISTANCE) VALUES ('18137', '22522', 1336);
INSERT INTO SEADISTANCE (FIRSTPORTID, SECONDPORTID, SEADISTANCE) VALUES ('18137', '21457', 1899);
INSERT INTO SEADISTANCE (FIRSTPORTID, SECONDPORTID, SEADISTANCE) VALUES ('18137', '17941', 7578);
INSERT INTO SEADISTANCE (FIRSTPORTID, SECONDPORTID, SEADISTANCE) VALUES ('18137', '27728', 4794);
INSERT INTO SEADISTANCE (FIRSTPORTID, SECONDPORTID, SEADISTANCE) VALUES ('18137', '25007', 5599);
INSERT INTO SEADISTANCE (FIRSTPORTID, SECONDPORTID, SEADISTANCE) VALUES ('18137', '21852', 938);
INSERT INTO SEADISTANCE (FIRSTPORTID, SECONDPORTID, SEADISTANCE) VALUES ('18137', '22770', 1734);
INSERT INTO SEADISTANCE (FIRSTPORTID, SECONDPORTID, SEADISTANCE) VALUES ('18137', '18682', 31);
INSERT INTO SEADISTANCE (FIRSTPORTID, SECONDPORTID, SEADISTANCE) VALUES ('18137', '29973', 7639);
INSERT INTO SEADISTANCE (FIRSTPORTID, SECONDPORTID, SEADISTANCE) VALUES ('18137', '20072', 4407);
INSERT INTO SEADISTANCE (FIRSTPORTID, SECONDPORTID, SEADISTANCE) VALUES ('18137', '13390', 2670);
INSERT INTO SEADISTANCE (FIRSTPORTID, SECONDPORTID, SEADISTANCE) VALUES ('18137', '18454', 4989);
INSERT INTO SEADISTANCE (FIRSTPORTID, SECONDPORTID, SEADISTANCE) VALUES ('18137', '21206', 4720);
INSERT INTO SEADISTANCE (FIRSTPORTID, SECONDPORTID, SEADISTANCE) VALUES ('18137', '18937', 2136);
INSERT INTO SEADISTANCE (FIRSTPORTID, SECONDPORTID, SEADISTANCE) VALUES ('18137', '13176', 1755);
INSERT INTO SEADISTANCE (FIRSTPORTID, SECONDPORTID, SEADISTANCE) VALUES ('18137', '21451', 7205);
INSERT INTO SEADISTANCE (FIRSTPORTID, SECONDPORTID, SEADISTANCE) VALUES ('18137', '23247', 3702);
INSERT INTO SEADISTANCE (FIRSTPORTID, SECONDPORTID, SEADISTANCE) VALUES ('26147', '246265', 3597);
INSERT INTO SEADISTANCE (FIRSTPORTID, SECONDPORTID, SEADISTANCE) VALUES ('26147', '216593', 4873);
INSERT INTO SEADISTANCE (FIRSTPORTID, SECONDPORTID, SEADISTANCE) VALUES ('26147', '17386', 2327);
INSERT INTO SEADISTANCE (FIRSTPORTID, SECONDPORTID, SEADISTANCE) VALUES ('26147', '30045', 6213);
INSERT INTO SEADISTANCE (FIRSTPORTID, SECONDPORTID, SEADISTANCE) VALUES ('26147', '14459', 3808);
INSERT INTO SEADISTANCE (FIRSTPORTID, SECONDPORTID, SEADISTANCE) VALUES ('26147', '216592', 4834);
INSERT INTO SEADISTANCE (FIRSTPORTID, SECONDPORTID, SEADISTANCE) VALUES ('26147', '213737', 4003);
INSERT INTO SEADISTANCE (FIRSTPORTID, SECONDPORTID, SEADISTANCE) VALUES ('26147', '14470', 3932);
INSERT INTO SEADISTANCE (FIRSTPORTID, SECONDPORTID, SEADISTANCE) VALUES ('26147', '12543', 723);
INSERT INTO SEADISTANCE (FIRSTPORTID, SECONDPORTID, SEADISTANCE) VALUES ('26147', '24795', 3456);
INSERT INTO SEADISTANCE (FIRSTPORTID, SECONDPORTID, SEADISTANCE) VALUES ('26147', '11771', 758);
INSERT INTO SEADISTANCE (FIRSTPORTID, SECONDPORTID, SEADISTANCE) VALUES ('26147', '21381', 3456);
INSERT INTO SEADISTANCE (FIRSTPORTID, SECONDPORTID, SEADISTANCE) VALUES ('26147', '13012', 1381);
INSERT INTO SEADISTANCE (FIRSTPORTID, SECONDPORTID, SEADISTANCE) VALUES ('26147', '29002', 740);
INSERT INTO SEADISTANCE (FIRSTPORTID, SECONDPORTID, SEADISTANCE) VALUES ('26147', '29239', 613);
INSERT INTO SEADISTANCE (FIRSTPORTID, SECONDPORTID, SEADISTANCE) VALUES ('26147', '14635', 7785);
INSERT INTO SEADISTANCE (FIRSTPORTID, SECONDPORTID, SEADISTANCE) VALUES ('26147', '20512', 330);
INSERT INTO SEADISTANCE (FIRSTPORTID, SECONDPORTID, SEADISTANCE) VALUES ('26147', '10860', 6648);
INSERT INTO SEADISTANCE (FIRSTPORTID, SECONDPORTID, SEADISTANCE) VALUES ('26147', '22522', 3773);
INSERT INTO SEADISTANCE (FIRSTPORTID, SECONDPORTID, SEADISTANCE) VALUES ('26147', '17941', 6683);
INSERT INTO SEADISTANCE (FIRSTPORTID, SECONDPORTID, SEADISTANCE) VALUES ('26147', '27728', 627);
INSERT INTO SEADISTANCE (FIRSTPORTID, SECONDPORTID, SEADISTANCE) VALUES ('26147', '25007', 3372);
INSERT INTO SEADISTANCE (FIRSTPORTID, SECONDPORTID, SEADISTANCE) VALUES ('26147', '22770', 3456);
INSERT INTO SEADISTANCE (FIRSTPORTID, SECONDPORTID, SEADISTANCE) VALUES ('26147', '13390', 1563);
INSERT INTO SEADISTANCE (FIRSTPORTID, SECONDPORTID, SEADISTANCE) VALUES ('26147', '18454', 1148);
INSERT INTO SEADISTANCE (FIRSTPORTID, SECONDPORTID, SEADISTANCE) VALUES ('26147', '21206', 879);
INSERT INTO SEADISTANCE (FIRSTPORTID, SECONDPORTID, SEADISTANCE) VALUES ('20826', '246265', 141);
INSERT INTO SEADISTANCE (FIRSTPORTID, SECONDPORTID, SEADISTANCE) VALUES ('20826', '21863', 486);
INSERT INTO SEADISTANCE (FIRSTPORTID, SECONDPORTID, SEADISTANCE) VALUES ('20826', '216593', 6290);
INSERT INTO SEADISTANCE (FIRSTPORTID, SECONDPORTID, SEADISTANCE) VALUES ('20826', '17386', 1595);
INSERT INTO SEADISTANCE (FIRSTPORTID, SECONDPORTID, SEADISTANCE) VALUES ('20826', '18137', 633);
INSERT INTO SEADISTANCE (FIRSTPORTID, SECONDPORTID, SEADISTANCE) VALUES ('20826', '26147', 3738);
INSERT INTO SEADISTANCE (FIRSTPORTID, SECONDPORTID, SEADISTANCE) VALUES ('20826', '18012', 2868);
INSERT INTO SEADISTANCE (FIRSTPORTID, SECONDPORTID, SEADISTANCE) VALUES ('20826', '28261', 6644);
INSERT INTO SEADISTANCE (FIRSTPORTID, SECONDPORTID, SEADISTANCE) VALUES ('20826', '30045', 7630);
INSERT INTO SEADISTANCE (FIRSTPORTID, SECONDPORTID, SEADISTANCE) VALUES ('20826', '28313', 6025);
INSERT INTO SEADISTANCE (FIRSTPORTID, SECONDPORTID, SEADISTANCE) VALUES ('20826', '14459', 126);
INSERT INTO SEADISTANCE (FIRSTPORTID, SECONDPORTID, SEADISTANCE) VALUES ('20826', '10563', 3838);
INSERT INTO SEADISTANCE (FIRSTPORTID, SECONDPORTID, SEADISTANCE) VALUES ('20826', '216592', 6251);
INSERT INTO SEADISTANCE (FIRSTPORTID, SECONDPORTID, SEADISTANCE) VALUES ('20826', '15107', 7031);
INSERT INTO SEADISTANCE (FIRSTPORTID, SECONDPORTID, SEADISTANCE) VALUES ('20826', '29749', 3122);
INSERT INTO SEADISTANCE (FIRSTPORTID, SECONDPORTID, SEADISTANCE) VALUES ('20826', '18326', 3188);
INSERT INTO SEADISTANCE (FIRSTPORTID, SECONDPORTID, SEADISTANCE) VALUES ('20826', '14226', 6770);
INSERT INTO SEADISTANCE (FIRSTPORTID, SECONDPORTID, SEADISTANCE) VALUES ('20826', '213737', 382);
INSERT INTO SEADISTANCE (FIRSTPORTID, SECONDPORTID, SEADISTANCE) VALUES ('20826', '23428', 2534);
INSERT INTO SEADISTANCE (FIRSTPORTID, SECONDPORTID, SEADISTANCE) VALUES ('20826', '14470', 260);
INSERT INTO SEADISTANCE (FIRSTPORTID, SECONDPORTID, SEADISTANCE) VALUES ('20826', '12543', 4104);
INSERT INTO SEADISTANCE (FIRSTPORTID, SECONDPORTID, SEADISTANCE) VALUES ('20826', '11174', 1411);
INSERT INTO SEADISTANCE (FIRSTPORTID, SECONDPORTID, SEADISTANCE) VALUES ('20826', '29876', 7127);
INSERT INTO SEADISTANCE (FIRSTPORTID, SECONDPORTID, SEADISTANCE) VALUES ('20826', '22226', 4640);
INSERT INTO SEADISTANCE (FIRSTPORTID, SECONDPORTID, SEADISTANCE) VALUES ('20826', '224858', 3540);
INSERT INTO SEADISTANCE (FIRSTPORTID, SECONDPORTID, SEADISTANCE) VALUES ('20826', '16485', 4388);
INSERT INTO SEADISTANCE (FIRSTPORTID, SECONDPORTID, SEADISTANCE) VALUES ('20826', '24795', 1274);
INSERT INTO SEADISTANCE (FIRSTPORTID, SECONDPORTID, SEADISTANCE) VALUES ('20826', '11771', 4139);
INSERT INTO SEADISTANCE (FIRSTPORTID, SECONDPORTID, SEADISTANCE) VALUES ('20826', '21381', 1274);
INSERT INTO SEADISTANCE (FIRSTPORTID, SECONDPORTID, SEADISTANCE) VALUES ('20826', '16737', 4443);
INSERT INTO SEADISTANCE (FIRSTPORTID, SECONDPORTID, SEADISTANCE) VALUES ('20826', '13012', 2380);
INSERT INTO SEADISTANCE (FIRSTPORTID, SECONDPORTID, SEADISTANCE) VALUES ('20826', '29002', 3192);
INSERT INTO SEADISTANCE (FIRSTPORTID, SECONDPORTID, SEADISTANCE) VALUES ('20826', '29239', 3246);
INSERT INTO SEADISTANCE (FIRSTPORTID, SECONDPORTID, SEADISTANCE) VALUES ('20826', '14635', 9202);
INSERT INTO SEADISTANCE (FIRSTPORTID, SECONDPORTID, SEADISTANCE) VALUES ('20826', '20512', 3722);
INSERT INTO SEADISTANCE (FIRSTPORTID, SECONDPORTID, SEADISTANCE) VALUES ('20826', '14277', 8015);
INSERT INTO SEADISTANCE (FIRSTPORTID, SECONDPORTID, SEADISTANCE) VALUES ('20826', '10860', 8065);
INSERT INTO SEADISTANCE (FIRSTPORTID, SECONDPORTID, SEADISTANCE) VALUES ('20826', '22522', 876);
INSERT INTO SEADISTANCE (FIRSTPORTID, SECONDPORTID, SEADISTANCE) VALUES ('20826', '21457', 1439);
INSERT INTO SEADISTANCE (FIRSTPORTID, SECONDPORTID, SEADISTANCE) VALUES ('20826', '17941', 7118);
INSERT INTO SEADISTANCE (FIRSTPORTID, SECONDPORTID, SEADISTANCE) VALUES ('20826', '27728', 4334);
INSERT INTO SEADISTANCE (FIRSTPORTID, SECONDPORTID, SEADISTANCE) VALUES ('20826', '25007', 5139);
INSERT INTO SEADISTANCE (FIRSTPORTID, SECONDPORTID, SEADISTANCE) VALUES ('20826', '21852', 478);
INSERT INTO SEADISTANCE (FIRSTPORTID, SECONDPORTID, SEADISTANCE) VALUES ('20826', '22770', 1274);
INSERT INTO SEADISTANCE (FIRSTPORTID, SECONDPORTID, SEADISTANCE) VALUES ('20826', '18682', 629);
INSERT INTO SEADISTANCE (FIRSTPORTID, SECONDPORTID, SEADISTANCE) VALUES ('20826', '28781', 6384);
INSERT INTO SEADISTANCE (FIRSTPORTID, SECONDPORTID, SEADISTANCE) VALUES ('20826', '29973', 7179);
INSERT INTO SEADISTANCE (FIRSTPORTID, SECONDPORTID, SEADISTANCE) VALUES ('20826', '24951', 1238);
INSERT INTO SEADISTANCE (FIRSTPORTID, SECONDPORTID, SEADISTANCE) VALUES ('20826', '20072', 3947);
INSERT INTO SEADISTANCE (FIRSTPORTID, SECONDPORTID, SEADISTANCE) VALUES ('20826', '27792', 9092);
INSERT INTO SEADISTANCE (FIRSTPORTID, SECONDPORTID, SEADISTANCE) VALUES ('20826', '13390', 2210);
INSERT INTO SEADISTANCE (FIRSTPORTID, SECONDPORTID, SEADISTANCE) VALUES ('20826', '21556', 1117);
INSERT INTO SEADISTANCE (FIRSTPORTID, SECONDPORTID, SEADISTANCE) VALUES ('20826', '18454', 4529);
INSERT INTO SEADISTANCE (FIRSTPORTID, SECONDPORTID, SEADISTANCE) VALUES ('20826', '21206', 4260);
INSERT INTO SEADISTANCE (FIRSTPORTID, SECONDPORTID, SEADISTANCE) VALUES ('20826', '18867', 4367);
INSERT INTO SEADISTANCE (FIRSTPORTID, SECONDPORTID, SEADISTANCE) VALUES ('20826', '18937', 1676);
INSERT INTO SEADISTANCE (FIRSTPORTID, SECONDPORTID, SEADISTANCE) VALUES ('20826', '28082', 8905);
INSERT INTO SEADISTANCE (FIRSTPORTID, SECONDPORTID, SEADISTANCE) VALUES ('20826', '25350', 10311);
INSERT INTO SEADISTANCE (FIRSTPORTID, SECONDPORTID, SEADISTANCE) VALUES ('20826', '20847', 56);
INSERT INTO SEADISTANCE (FIRSTPORTID, SECONDPORTID, SEADISTANCE) VALUES ('20826', '13176', 1295);
INSERT INTO SEADISTANCE (FIRSTPORTID, SECONDPORTID, SEADISTANCE) VALUES ('20826', '21451', 6745);
INSERT INTO SEADISTANCE (FIRSTPORTID, SECONDPORTID, SEADISTANCE) VALUES ('20826', '23247', 3242);
INSERT INTO SEADISTANCE (FIRSTPORTID, SECONDPORTID, SEADISTANCE) VALUES ('18012', '246265', 2727);
INSERT INTO SEADISTANCE (FIRSTPORTID, SECONDPORTID, SEADISTANCE) VALUES ('18012', '21863', 2431);
INSERT INTO SEADISTANCE (FIRSTPORTID, SECONDPORTID, SEADISTANCE) VALUES ('18012', '216593', 4456);
INSERT INTO SEADISTANCE (FIRSTPORTID, SECONDPORTID, SEADISTANCE) VALUES ('18012', '17386', 1457);
INSERT INTO SEADISTANCE (FIRSTPORTID, SECONDPORTID, SEADISTANCE) VALUES ('18012', '18137', 3328);
INSERT INTO SEADISTANCE (FIRSTPORTID, SECONDPORTID, SEADISTANCE) VALUES ('18012', '26147', 928);
INSERT INTO SEADISTANCE (FIRSTPORTID, SECONDPORTID, SEADISTANCE) VALUES ('18012', '30045', 5796);
INSERT INTO SEADISTANCE (FIRSTPORTID, SECONDPORTID, SEADISTANCE) VALUES ('18012', '14459', 2938);
INSERT INTO SEADISTANCE (FIRSTPORTID, SECONDPORTID, SEADISTANCE) VALUES ('18012', '216592', 4417);
INSERT INTO SEADISTANCE (FIRSTPORTID, SECONDPORTID, SEADISTANCE) VALUES ('18012', '29749', 341);
INSERT INTO SEADISTANCE (FIRSTPORTID, SECONDPORTID, SEADISTANCE) VALUES ('18012', '18326', 378);
INSERT INTO SEADISTANCE (FIRSTPORTID, SECONDPORTID, SEADISTANCE) VALUES ('18012', '213737', 3133);
INSERT INTO SEADISTANCE (FIRSTPORTID, SECONDPORTID, SEADISTANCE) VALUES ('18012', '23428', 1114);
INSERT INTO SEADISTANCE (FIRSTPORTID, SECONDPORTID, SEADISTANCE) VALUES ('18012', '14470', 3062);
INSERT INTO SEADISTANCE (FIRSTPORTID, SECONDPORTID, SEADISTANCE) VALUES ('18012', '12543', 1294);
INSERT INTO SEADISTANCE (FIRSTPORTID, SECONDPORTID, SEADISTANCE) VALUES ('18012', '11174', 1789);
INSERT INTO SEADISTANCE (FIRSTPORTID, SECONDPORTID, SEADISTANCE) VALUES ('18012', '224858', 730);
INSERT INTO SEADISTANCE (FIRSTPORTID, SECONDPORTID, SEADISTANCE) VALUES ('18012', '24795', 2586);
INSERT INTO SEADISTANCE (FIRSTPORTID, SECONDPORTID, SEADISTANCE) VALUES ('18012', '11771', 1329);
INSERT INTO SEADISTANCE (FIRSTPORTID, SECONDPORTID, SEADISTANCE) VALUES ('18012', '21381', 2586);
INSERT INTO SEADISTANCE (FIRSTPORTID, SECONDPORTID, SEADISTANCE) VALUES ('18012', '13012', 511);
INSERT INTO SEADISTANCE (FIRSTPORTID, SECONDPORTID, SEADISTANCE) VALUES ('18012', '29002', 406);
INSERT INTO SEADISTANCE (FIRSTPORTID, SECONDPORTID, SEADISTANCE) VALUES ('18012', '29239', 436);
INSERT INTO SEADISTANCE (FIRSTPORTID, SECONDPORTID, SEADISTANCE) VALUES ('18012', '14635', 7368);
INSERT INTO SEADISTANCE (FIRSTPORTID, SECONDPORTID, SEADISTANCE) VALUES ('18012', '20512', 912);
INSERT INTO SEADISTANCE (FIRSTPORTID, SECONDPORTID, SEADISTANCE) VALUES ('18012', '14277', 6181);
INSERT INTO SEADISTANCE (FIRSTPORTID, SECONDPORTID, SEADISTANCE) VALUES ('18012', '10860', 6231);
INSERT INTO SEADISTANCE (FIRSTPORTID, SECONDPORTID, SEADISTANCE) VALUES ('18012', '22522', 2903);
INSERT INTO SEADISTANCE (FIRSTPORTID, SECONDPORTID, SEADISTANCE) VALUES ('18012', '21457', 1711);
INSERT INTO SEADISTANCE (FIRSTPORTID, SECONDPORTID, SEADISTANCE) VALUES ('18012', '17941', 5825);
INSERT INTO SEADISTANCE (FIRSTPORTID, SECONDPORTID, SEADISTANCE) VALUES ('18012', '27728', 1524);
INSERT INTO SEADISTANCE (FIRSTPORTID, SECONDPORTID, SEADISTANCE) VALUES ('18012', '25007', 3029);
INSERT INTO SEADISTANCE (FIRSTPORTID, SECONDPORTID, SEADISTANCE) VALUES ('18012', '21852', 2423);
INSERT INTO SEADISTANCE (FIRSTPORTID, SECONDPORTID, SEADISTANCE) VALUES ('18012', '22770', 2586);
INSERT INTO SEADISTANCE (FIRSTPORTID, SECONDPORTID, SEADISTANCE) VALUES ('18012', '18682', 3345);
INSERT INTO SEADISTANCE (FIRSTPORTID, SECONDPORTID, SEADISTANCE) VALUES ('18012', '29973', 5345);
INSERT INTO SEADISTANCE (FIRSTPORTID, SECONDPORTID, SEADISTANCE) VALUES ('18012', '20072', 1137);
INSERT INTO SEADISTANCE (FIRSTPORTID, SECONDPORTID, SEADISTANCE) VALUES ('18012', '13390', 693);
INSERT INTO SEADISTANCE (FIRSTPORTID, SECONDPORTID, SEADISTANCE) VALUES ('18012', '18454', 1719);
INSERT INTO SEADISTANCE (FIRSTPORTID, SECONDPORTID, SEADISTANCE) VALUES ('18012', '21206', 1450);
INSERT INTO SEADISTANCE (FIRSTPORTID, SECONDPORTID, SEADISTANCE) VALUES ('18012', '18937', 1329);
INSERT INTO SEADISTANCE (FIRSTPORTID, SECONDPORTID, SEADISTANCE) VALUES ('18012', '13176', 2606);
INSERT INTO SEADISTANCE (FIRSTPORTID, SECONDPORTID, SEADISTANCE) VALUES ('18012', '21451', 4733);
INSERT INTO SEADISTANCE (FIRSTPORTID, SECONDPORTID, SEADISTANCE) VALUES ('18012', '23247', 432);
INSERT INTO SEADISTANCE (FIRSTPORTID, SECONDPORTID, SEADISTANCE) VALUES ('28261', '246265', 6503);
INSERT INTO SEADISTANCE (FIRSTPORTID, SECONDPORTID, SEADISTANCE) VALUES ('28261', '21863', 6207);
INSERT INTO SEADISTANCE (FIRSTPORTID, SECONDPORTID, SEADISTANCE) VALUES ('28261', '216593', 354);
INSERT INTO SEADISTANCE (FIRSTPORTID, SECONDPORTID, SEADISTANCE) VALUES ('28261', '17386', 5233);
INSERT INTO SEADISTANCE (FIRSTPORTID, SECONDPORTID, SEADISTANCE) VALUES ('28261', '18137', 7104);
INSERT INTO SEADISTANCE (FIRSTPORTID, SECONDPORTID, SEADISTANCE) VALUES ('28261', '26147', 5227);
INSERT INTO SEADISTANCE (FIRSTPORTID, SECONDPORTID, SEADISTANCE) VALUES ('28261', '18012', 4810);
INSERT INTO SEADISTANCE (FIRSTPORTID, SECONDPORTID, SEADISTANCE) VALUES ('28261', '30045', 1124);
INSERT INTO SEADISTANCE (FIRSTPORTID, SECONDPORTID, SEADISTANCE) VALUES ('28261', '28313', 669);
INSERT INTO SEADISTANCE (FIRSTPORTID, SECONDPORTID, SEADISTANCE) VALUES ('28261', '14459', 6714);
INSERT INTO SEADISTANCE (FIRSTPORTID, SECONDPORTID, SEADISTANCE) VALUES ('28261', '10563', 5537);
INSERT INTO SEADISTANCE (FIRSTPORTID, SECONDPORTID, SEADISTANCE) VALUES ('28261', '216592', 393);
INSERT INTO SEADISTANCE (FIRSTPORTID, SECONDPORTID, SEADISTANCE) VALUES ('28261', '15107', 879);
INSERT INTO SEADISTANCE (FIRSTPORTID, SECONDPORTID, SEADISTANCE) VALUES ('28261', '29749', 4854);
INSERT INTO SEADISTANCE (FIRSTPORTID, SECONDPORTID, SEADISTANCE) VALUES ('28261', '18326', 5100);
INSERT INTO SEADISTANCE (FIRSTPORTID, SECONDPORTID, SEADISTANCE) VALUES ('28261', '14226', 235);
INSERT INTO SEADISTANCE (FIRSTPORTID, SECONDPORTID, SEADISTANCE) VALUES ('28261', '213737', 6909);
INSERT INTO SEADISTANCE (FIRSTPORTID, SECONDPORTID, SEADISTANCE) VALUES ('28261', '23428', 4132);
INSERT INTO SEADISTANCE (FIRSTPORTID, SECONDPORTID, SEADISTANCE) VALUES ('28261', '14470', 6838);
INSERT INTO SEADISTANCE (FIRSTPORTID, SECONDPORTID, SEADISTANCE) VALUES ('28261', '12543', 5803);
INSERT INTO SEADISTANCE (FIRSTPORTID, SECONDPORTID, SEADISTANCE) VALUES ('28261', '11174', 5565);
INSERT INTO SEADISTANCE (FIRSTPORTID, SECONDPORTID, SEADISTANCE) VALUES ('28261', '29876', 621);
INSERT INTO SEADISTANCE (FIRSTPORTID, SECONDPORTID, SEADISTANCE) VALUES ('28261', '224858', 5447);
INSERT INTO SEADISTANCE (FIRSTPORTID, SECONDPORTID, SEADISTANCE) VALUES ('28261', '16485', 6087);
INSERT INTO SEADISTANCE (FIRSTPORTID, SECONDPORTID, SEADISTANCE) VALUES ('28261', '24795', 6362);
INSERT INTO SEADISTANCE (FIRSTPORTID, SECONDPORTID, SEADISTANCE) VALUES ('28261', '11771', 5838);
INSERT INTO SEADISTANCE (FIRSTPORTID, SECONDPORTID, SEADISTANCE) VALUES ('28261', '21381', 6362);
INSERT INTO SEADISTANCE (FIRSTPORTID, SECONDPORTID, SEADISTANCE) VALUES ('28261', '16737', 6142);
INSERT INTO SEADISTANCE (FIRSTPORTID, SECONDPORTID, SEADISTANCE) VALUES ('28261', '13012', 4583);
INSERT INTO SEADISTANCE (FIRSTPORTID, SECONDPORTID, SEADISTANCE) VALUES ('28261', '29002', 4933);
INSERT INTO SEADISTANCE (FIRSTPORTID, SECONDPORTID, SEADISTANCE) VALUES ('28261', '29239', 5153);
INSERT INTO SEADISTANCE (FIRSTPORTID, SECONDPORTID, SEADISTANCE) VALUES ('28261', '14635', 3047);
INSERT INTO SEADISTANCE (FIRSTPORTID, SECONDPORTID, SEADISTANCE) VALUES ('28261', '20512', 5410);
INSERT INTO SEADISTANCE (FIRSTPORTID, SECONDPORTID, SEADISTANCE) VALUES ('28261', '14277', 1854);
INSERT INTO SEADISTANCE (FIRSTPORTID, SECONDPORTID, SEADISTANCE) VALUES ('28261', '10860', 1561);
INSERT INTO SEADISTANCE (FIRSTPORTID, SECONDPORTID, SEADISTANCE) VALUES ('28261', '22522', 6679);
INSERT INTO SEADISTANCE (FIRSTPORTID, SECONDPORTID, SEADISTANCE) VALUES ('28261', '21457', 5487);
INSERT INTO SEADISTANCE (FIRSTPORTID, SECONDPORTID, SEADISTANCE) VALUES ('28261', '17941', 5014);
INSERT INTO SEADISTANCE (FIRSTPORTID, SECONDPORTID, SEADISTANCE) VALUES ('28261', '27728', 5628);
INSERT INTO SEADISTANCE (FIRSTPORTID, SECONDPORTID, SEADISTANCE) VALUES ('28261', '25007', 2372);
INSERT INTO SEADISTANCE (FIRSTPORTID, SECONDPORTID, SEADISTANCE) VALUES ('28261', '21852', 6199);
INSERT INTO SEADISTANCE (FIRSTPORTID, SECONDPORTID, SEADISTANCE) VALUES ('28261', '22770', 6362);
INSERT INTO SEADISTANCE (FIRSTPORTID, SECONDPORTID, SEADISTANCE) VALUES ('28261', '18682', 7121);
INSERT INTO SEADISTANCE (FIRSTPORTID, SECONDPORTID, SEADISTANCE) VALUES ('28261', '28781', 585);
INSERT INTO SEADISTANCE (FIRSTPORTID, SECONDPORTID, SEADISTANCE) VALUES ('28261', '29973', 1022);
INSERT INTO SEADISTANCE (FIRSTPORTID, SECONDPORTID, SEADISTANCE) VALUES ('28261', '24951', 6326);
INSERT INTO SEADISTANCE (FIRSTPORTID, SECONDPORTID, SEADISTANCE) VALUES ('28261', '20072', 5646);
INSERT INTO SEADISTANCE (FIRSTPORTID, SECONDPORTID, SEADISTANCE) VALUES ('28261', '13390', 4563);
INSERT INTO SEADISTANCE (FIRSTPORTID, SECONDPORTID, SEADISTANCE) VALUES ('28261', '21556', 6206);
INSERT INTO SEADISTANCE (FIRSTPORTID, SECONDPORTID, SEADISTANCE) VALUES ('28261', '18454', 6228);
INSERT INTO SEADISTANCE (FIRSTPORTID, SECONDPORTID, SEADISTANCE) VALUES ('28261', '21206', 5959);
INSERT INTO SEADISTANCE (FIRSTPORTID, SECONDPORTID, SEADISTANCE) VALUES ('28261', '18867', 6066);
INSERT INTO SEADISTANCE (FIRSTPORTID, SECONDPORTID, SEADISTANCE) VALUES ('28261', '18937', 5105);
INSERT INTO SEADISTANCE (FIRSTPORTID, SECONDPORTID, SEADISTANCE) VALUES ('28261', '13176', 6382);
INSERT INTO SEADISTANCE (FIRSTPORTID, SECONDPORTID, SEADISTANCE) VALUES ('28261', '21451', 1803);
INSERT INTO SEADISTANCE (FIRSTPORTID, SECONDPORTID, SEADISTANCE) VALUES ('28261', '23247', 5149);
INSERT INTO SEADISTANCE (FIRSTPORTID, SECONDPORTID, SEADISTANCE) VALUES ('26670', '246265', 7074);
INSERT INTO SEADISTANCE (FIRSTPORTID, SECONDPORTID, SEADISTANCE) VALUES ('26670', '19057', 6346);
INSERT INTO SEADISTANCE (FIRSTPORTID, SECONDPORTID, SEADISTANCE) VALUES ('26670', '21863', 6778);
INSERT INTO SEADISTANCE (FIRSTPORTID, SECONDPORTID, SEADISTANCE) VALUES ('26670', '216593', 5332);
INSERT INTO SEADISTANCE (FIRSTPORTID, SECONDPORTID, SEADISTANCE) VALUES ('26670', '17386', 5804);
INSERT INTO SEADISTANCE (FIRSTPORTID, SECONDPORTID, SEADISTANCE) VALUES ('26670', '18137', 7675);
INSERT INTO SEADISTANCE (FIRSTPORTID, SECONDPORTID, SEADISTANCE) VALUES ('26670', '26147', 6780);
INSERT INTO SEADISTANCE (FIRSTPORTID, SECONDPORTID, SEADISTANCE) VALUES ('26670', '20826', 7215);
INSERT INTO SEADISTANCE (FIRSTPORTID, SECONDPORTID, SEADISTANCE) VALUES ('26670', '18012', 5922);
INSERT INTO SEADISTANCE (FIRSTPORTID, SECONDPORTID, SEADISTANCE) VALUES ('26670', '28261', 5111);
INSERT INTO SEADISTANCE (FIRSTPORTID, SECONDPORTID, SEADISTANCE) VALUES ('26670', '30045', 4050);
INSERT INTO SEADISTANCE (FIRSTPORTID, SECONDPORTID, SEADISTANCE) VALUES ('26670', '28313', 5111);
INSERT INTO SEADISTANCE (FIRSTPORTID, SECONDPORTID, SEADISTANCE) VALUES ('26670', '14459', 7285);
INSERT INTO SEADISTANCE (FIRSTPORTID, SECONDPORTID, SEADISTANCE) VALUES ('26670', '10563', 6892);
INSERT INTO SEADISTANCE (FIRSTPORTID, SECONDPORTID, SEADISTANCE) VALUES ('26670', '216592', 5344);
INSERT INTO SEADISTANCE (FIRSTPORTID, SECONDPORTID, SEADISTANCE) VALUES ('26670', '15107', 5619);
INSERT INTO SEADISTANCE (FIRSTPORTID, SECONDPORTID, SEADISTANCE) VALUES ('26670', '29749', 6152);
INSERT INTO SEADISTANCE (FIRSTPORTID, SECONDPORTID, SEADISTANCE) VALUES ('26670', '18326', 6242);
INSERT INTO SEADISTANCE (FIRSTPORTID, SECONDPORTID, SEADISTANCE) VALUES ('26670', '14226', 4871);
INSERT INTO SEADISTANCE (FIRSTPORTID, SECONDPORTID, SEADISTANCE) VALUES ('26670', '213737', 7480);
INSERT INTO SEADISTANCE (FIRSTPORTID, SECONDPORTID, SEADISTANCE) VALUES ('26670', '23428', 4818);
INSERT INTO SEADISTANCE (FIRSTPORTID, SECONDPORTID, SEADISTANCE) VALUES ('26670', '14470', 7409);
INSERT INTO SEADISTANCE (FIRSTPORTID, SECONDPORTID, SEADISTANCE) VALUES ('26670', '12543', 7158);
INSERT INTO SEADISTANCE (FIRSTPORTID, SECONDPORTID, SEADISTANCE) VALUES ('26670', '11174', 6136);
INSERT INTO SEADISTANCE (FIRSTPORTID, SECONDPORTID, SEADISTANCE) VALUES ('26670', '29876', 4693);
INSERT INTO SEADISTANCE (FIRSTPORTID, SECONDPORTID, SEADISTANCE) VALUES ('26670', '22226', 5715);
INSERT INTO SEADISTANCE (FIRSTPORTID, SECONDPORTID, SEADISTANCE) VALUES ('26670', '224858', 6594);
INSERT INTO SEADISTANCE (FIRSTPORTID, SECONDPORTID, SEADISTANCE) VALUES ('26670', '16485', 7442);
INSERT INTO SEADISTANCE (FIRSTPORTID, SECONDPORTID, SEADISTANCE) VALUES ('26670', '18433', 4995);
INSERT INTO SEADISTANCE (FIRSTPORTID, SECONDPORTID, SEADISTANCE) VALUES ('26670', '24795', 6933);
INSERT INTO SEADISTANCE (FIRSTPORTID, SECONDPORTID, SEADISTANCE) VALUES ('26670', '11771', 7193);
INSERT INTO SEADISTANCE (FIRSTPORTID, SECONDPORTID, SEADISTANCE) VALUES ('26670', '21381', 6933);
INSERT INTO SEADISTANCE (FIRSTPORTID, SECONDPORTID, SEADISTANCE) VALUES ('26670', '16737', 7497);
INSERT INTO SEADISTANCE (FIRSTPORTID, SECONDPORTID, SEADISTANCE) VALUES ('26670', '13012', 5472);
INSERT INTO SEADISTANCE (FIRSTPORTID, SECONDPORTID, SEADISTANCE) VALUES ('26670', '29002', 6231);
INSERT INTO SEADISTANCE (FIRSTPORTID, SECONDPORTID, SEADISTANCE) VALUES ('26670', '29239', 6300);
INSERT INTO SEADISTANCE (FIRSTPORTID, SECONDPORTID, SEADISTANCE) VALUES ('26670', '14635', 7260);
INSERT INTO SEADISTANCE (FIRSTPORTID, SECONDPORTID, SEADISTANCE) VALUES ('26670', '20512', 6776);
INSERT INTO SEADISTANCE (FIRSTPORTID, SECONDPORTID, SEADISTANCE) VALUES ('26670', '14277', 6173);
INSERT INTO SEADISTANCE (FIRSTPORTID, SECONDPORTID, SEADISTANCE) VALUES ('26670', '10860', 3762);
INSERT INTO SEADISTANCE (FIRSTPORTID, SECONDPORTID, SEADISTANCE) VALUES ('26670', '22522', 7250);
INSERT INTO SEADISTANCE (FIRSTPORTID, SECONDPORTID, SEADISTANCE) VALUES ('26670', '21457', 6058);
INSERT INTO SEADISTANCE (FIRSTPORTID, SECONDPORTID, SEADISTANCE) VALUES ('26670', '17941', 129);
INSERT INTO SEADISTANCE (FIRSTPORTID, SECONDPORTID, SEADISTANCE) VALUES ('26670', '27728', 7279);
INSERT INTO SEADISTANCE (FIRSTPORTID, SECONDPORTID, SEADISTANCE) VALUES ('26670', '25007', 5852);
INSERT INTO SEADISTANCE (FIRSTPORTID, SECONDPORTID, SEADISTANCE) VALUES ('26670', '21852', 6770);
INSERT INTO SEADISTANCE (FIRSTPORTID, SECONDPORTID, SEADISTANCE) VALUES ('26670', '22770', 6933);
INSERT INTO SEADISTANCE (FIRSTPORTID, SECONDPORTID, SEADISTANCE) VALUES ('26670', '18476', 4969);
INSERT INTO SEADISTANCE (FIRSTPORTID, SECONDPORTID, SEADISTANCE) VALUES ('26670', '18682', 7692);
INSERT INTO SEADISTANCE (FIRSTPORTID, SECONDPORTID, SEADISTANCE) VALUES ('26670', '28781', 5507);
INSERT INTO SEADISTANCE (FIRSTPORTID, SECONDPORTID, SEADISTANCE) VALUES ('26670', '29973', 5685);
INSERT INTO SEADISTANCE (FIRSTPORTID, SECONDPORTID, SEADISTANCE) VALUES ('26670', '24951', 6897);
INSERT INTO SEADISTANCE (FIRSTPORTID, SECONDPORTID, SEADISTANCE) VALUES ('26670', '20301', 429);
INSERT INTO SEADISTANCE (FIRSTPORTID, SECONDPORTID, SEADISTANCE) VALUES ('26670', '20072', 7001);
INSERT INTO SEADISTANCE (FIRSTPORTID, SECONDPORTID, SEADISTANCE) VALUES ('26670', '20351', 1848);
INSERT INTO SEADISTANCE (FIRSTPORTID, SECONDPORTID, SEADISTANCE) VALUES ('26670', '27792', 2602);
INSERT INTO SEADISTANCE (FIRSTPORTID, SECONDPORTID, SEADISTANCE) VALUES ('26670', '27248', 998);
INSERT INTO SEADISTANCE (FIRSTPORTID, SECONDPORTID, SEADISTANCE) VALUES ('26670', '13390', 5331);
INSERT INTO SEADISTANCE (FIRSTPORTID, SECONDPORTID, SEADISTANCE) VALUES ('26670', '21556', 6777);
INSERT INTO SEADISTANCE (FIRSTPORTID, SECONDPORTID, SEADISTANCE) VALUES ('26670', '18454', 7583);
INSERT INTO SEADISTANCE (FIRSTPORTID, SECONDPORTID, SEADISTANCE) VALUES ('26670', '21206', 7314);
INSERT INTO SEADISTANCE (FIRSTPORTID, SECONDPORTID, SEADISTANCE) VALUES ('26670', '18867', 7421);
INSERT INTO SEADISTANCE (FIRSTPORTID, SECONDPORTID, SEADISTANCE) VALUES ('26670', '18937', 5676);
INSERT INTO SEADISTANCE (FIRSTPORTID, SECONDPORTID, SEADISTANCE) VALUES ('26670', '28082', 2822);
INSERT INTO SEADISTANCE (FIRSTPORTID, SECONDPORTID, SEADISTANCE) VALUES ('26670', '25350', 8399);
INSERT INTO SEADISTANCE (FIRSTPORTID, SECONDPORTID, SEADISTANCE) VALUES ('26670', '20847', 7238);
INSERT INTO SEADISTANCE (FIRSTPORTID, SECONDPORTID, SEADISTANCE) VALUES ('26670', '13176', 6953);
INSERT INTO SEADISTANCE (FIRSTPORTID, SECONDPORTID, SEADISTANCE) VALUES ('26670', '21451', 6353);
INSERT INTO SEADISTANCE (FIRSTPORTID, SECONDPORTID, SEADISTANCE) VALUES ('26670', '23247', 6296);
INSERT INTO SEADISTANCE (FIRSTPORTID, SECONDPORTID, SEADISTANCE) VALUES ('26670', '19473', 6275);
INSERT INTO SEADISTANCE (FIRSTPORTID, SECONDPORTID, SEADISTANCE) VALUES ('30045', '246265', 7489);
INSERT INTO SEADISTANCE (FIRSTPORTID, SECONDPORTID, SEADISTANCE) VALUES ('30045', '17386', 6219);
INSERT INTO SEADISTANCE (FIRSTPORTID, SECONDPORTID, SEADISTANCE) VALUES ('30045', '14459', 7700);
INSERT INTO SEADISTANCE (FIRSTPORTID, SECONDPORTID, SEADISTANCE) VALUES ('30045', '213737', 7895);
INSERT INTO SEADISTANCE (FIRSTPORTID, SECONDPORTID, SEADISTANCE) VALUES ('30045', '14470', 7824);
INSERT INTO SEADISTANCE (FIRSTPORTID, SECONDPORTID, SEADISTANCE) VALUES ('30045', '12543', 6789);
INSERT INTO SEADISTANCE (FIRSTPORTID, SECONDPORTID, SEADISTANCE) VALUES ('30045', '24795', 7348);
INSERT INTO SEADISTANCE (FIRSTPORTID, SECONDPORTID, SEADISTANCE) VALUES ('30045', '11771', 6824);
INSERT INTO SEADISTANCE (FIRSTPORTID, SECONDPORTID, SEADISTANCE) VALUES ('30045', '21381', 7348);
INSERT INTO SEADISTANCE (FIRSTPORTID, SECONDPORTID, SEADISTANCE) VALUES ('30045', '13012', 5569);
INSERT INTO SEADISTANCE (FIRSTPORTID, SECONDPORTID, SEADISTANCE) VALUES ('30045', '29002', 5919);
INSERT INTO SEADISTANCE (FIRSTPORTID, SECONDPORTID, SEADISTANCE) VALUES ('30045', '29239', 6139);
INSERT INTO SEADISTANCE (FIRSTPORTID, SECONDPORTID, SEADISTANCE) VALUES ('30045', '14635', 3654);
INSERT INTO SEADISTANCE (FIRSTPORTID, SECONDPORTID, SEADISTANCE) VALUES ('30045', '20512', 6396);
INSERT INTO SEADISTANCE (FIRSTPORTID, SECONDPORTID, SEADISTANCE) VALUES ('30045', '10860', 442);
INSERT INTO SEADISTANCE (FIRSTPORTID, SECONDPORTID, SEADISTANCE) VALUES ('30045', '22522', 7665);
INSERT INTO SEADISTANCE (FIRSTPORTID, SECONDPORTID, SEADISTANCE) VALUES ('30045', '17941', 3953);
INSERT INTO SEADISTANCE (FIRSTPORTID, SECONDPORTID, SEADISTANCE) VALUES ('30045', '25007', 3358);
INSERT INTO SEADISTANCE (FIRSTPORTID, SECONDPORTID, SEADISTANCE) VALUES ('30045', '22770', 7348);
INSERT INTO SEADISTANCE (FIRSTPORTID, SECONDPORTID, SEADISTANCE) VALUES ('30045', '13390', 5549);
INSERT INTO SEADISTANCE (FIRSTPORTID, SECONDPORTID, SEADISTANCE) VALUES ('30045', '18454', 7214);
INSERT INTO SEADISTANCE (FIRSTPORTID, SECONDPORTID, SEADISTANCE) VALUES ('30045', '21206', 6945);
INSERT INTO SEADISTANCE (FIRSTPORTID, SECONDPORTID, SEADISTANCE) VALUES ('30045', '18937', 6091);
INSERT INTO SEADISTANCE (FIRSTPORTID, SECONDPORTID, SEADISTANCE) VALUES ('28313', '246265', 5884);
INSERT INTO SEADISTANCE (FIRSTPORTID, SECONDPORTID, SEADISTANCE) VALUES ('28313', '21863', 5588);
INSERT INTO SEADISTANCE (FIRSTPORTID, SECONDPORTID, SEADISTANCE) VALUES ('28313', '216593', 315);
INSERT INTO SEADISTANCE (FIRSTPORTID, SECONDPORTID, SEADISTANCE) VALUES ('28313', '17386', 4614);
INSERT INTO SEADISTANCE (FIRSTPORTID, SECONDPORTID, SEADISTANCE) VALUES ('28313', '18137', 6485);
INSERT INTO SEADISTANCE (FIRSTPORTID, SECONDPORTID, SEADISTANCE) VALUES ('28313', '26147', 4647);
INSERT INTO SEADISTANCE (FIRSTPORTID, SECONDPORTID, SEADISTANCE) VALUES ('28313', '18012', 4203);
INSERT INTO SEADISTANCE (FIRSTPORTID, SECONDPORTID, SEADISTANCE) VALUES ('28313', '30045', 1655);
INSERT INTO SEADISTANCE (FIRSTPORTID, SECONDPORTID, SEADISTANCE) VALUES ('28313', '14459', 6095);
INSERT INTO SEADISTANCE (FIRSTPORTID, SECONDPORTID, SEADISTANCE) VALUES ('28313', '10563', 4957);
INSERT INTO SEADISTANCE (FIRSTPORTID, SECONDPORTID, SEADISTANCE) VALUES ('28313', '216592', 276);
INSERT INTO SEADISTANCE (FIRSTPORTID, SECONDPORTID, SEADISTANCE) VALUES ('28313', '15107', 1056);
INSERT INTO SEADISTANCE (FIRSTPORTID, SECONDPORTID, SEADISTANCE) VALUES ('28313', '29749', 4257);
INSERT INTO SEADISTANCE (FIRSTPORTID, SECONDPORTID, SEADISTANCE) VALUES ('28313', '18326', 4492);
INSERT INTO SEADISTANCE (FIRSTPORTID, SECONDPORTID, SEADISTANCE) VALUES ('28313', '14226', 795);
INSERT INTO SEADISTANCE (FIRSTPORTID, SECONDPORTID, SEADISTANCE) VALUES ('28313', '213737', 6290);
INSERT INTO SEADISTANCE (FIRSTPORTID, SECONDPORTID, SEADISTANCE) VALUES ('28313', '23428', 3513);
INSERT INTO SEADISTANCE (FIRSTPORTID, SECONDPORTID, SEADISTANCE) VALUES ('28313', '14470', 6219);
INSERT INTO SEADISTANCE (FIRSTPORTID, SECONDPORTID, SEADISTANCE) VALUES ('28313', '12543', 5223);
INSERT INTO SEADISTANCE (FIRSTPORTID, SECONDPORTID, SEADISTANCE) VALUES ('28313', '11174', 4946);
INSERT INTO SEADISTANCE (FIRSTPORTID, SECONDPORTID, SEADISTANCE) VALUES ('28313', '29876', 1152);
INSERT INTO SEADISTANCE (FIRSTPORTID, SECONDPORTID, SEADISTANCE) VALUES ('28313', '224858', 4839);
INSERT INTO SEADISTANCE (FIRSTPORTID, SECONDPORTID, SEADISTANCE) VALUES ('28313', '16485', 5507);
INSERT INTO SEADISTANCE (FIRSTPORTID, SECONDPORTID, SEADISTANCE) VALUES ('28313', '24795', 5743);
INSERT INTO SEADISTANCE (FIRSTPORTID, SECONDPORTID, SEADISTANCE) VALUES ('28313', '11771', 5258);
INSERT INTO SEADISTANCE (FIRSTPORTID, SECONDPORTID, SEADISTANCE) VALUES ('28313', '21381', 5743);
INSERT INTO SEADISTANCE (FIRSTPORTID, SECONDPORTID, SEADISTANCE) VALUES ('28313', '16737', 5562);
INSERT INTO SEADISTANCE (FIRSTPORTID, SECONDPORTID, SEADISTANCE) VALUES ('28313', '13012', 3976);
INSERT INTO SEADISTANCE (FIRSTPORTID, SECONDPORTID, SEADISTANCE) VALUES ('28313', '29002', 4336);
INSERT INTO SEADISTANCE (FIRSTPORTID, SECONDPORTID, SEADISTANCE) VALUES ('28313', '29239', 4545);
INSERT INTO SEADISTANCE (FIRSTPORTID, SECONDPORTID, SEADISTANCE) VALUES ('28313', '14635', 3227);
INSERT INTO SEADISTANCE (FIRSTPORTID, SECONDPORTID, SEADISTANCE) VALUES ('28313', '20512', 4830);
INSERT INTO SEADISTANCE (FIRSTPORTID, SECONDPORTID, SEADISTANCE) VALUES ('28313', '14277', 2040);
INSERT INTO SEADISTANCE (FIRSTPORTID, SECONDPORTID, SEADISTANCE) VALUES ('28313', '10860', 2090);
INSERT INTO SEADISTANCE (FIRSTPORTID, SECONDPORTID, SEADISTANCE) VALUES ('28313', '22522', 6060);
INSERT INTO SEADISTANCE (FIRSTPORTID, SECONDPORTID, SEADISTANCE) VALUES ('28313', '21457', 4868);
INSERT INTO SEADISTANCE (FIRSTPORTID, SECONDPORTID, SEADISTANCE) VALUES ('28313', '17941', 5014);
INSERT INTO SEADISTANCE (FIRSTPORTID, SECONDPORTID, SEADISTANCE) VALUES ('28313', '27728', 5054);
INSERT INTO SEADISTANCE (FIRSTPORTID, SECONDPORTID, SEADISTANCE) VALUES ('28313', '25007', 1857);
INSERT INTO SEADISTANCE (FIRSTPORTID, SECONDPORTID, SEADISTANCE) VALUES ('28313', '21852', 5580);
INSERT INTO SEADISTANCE (FIRSTPORTID, SECONDPORTID, SEADISTANCE) VALUES ('28313', '22770', 5743);
INSERT INTO SEADISTANCE (FIRSTPORTID, SECONDPORTID, SEADISTANCE) VALUES ('28313', '18682', 6502);
INSERT INTO SEADISTANCE (FIRSTPORTID, SECONDPORTID, SEADISTANCE) VALUES ('28313', '28781', 452);
INSERT INTO SEADISTANCE (FIRSTPORTID, SECONDPORTID, SEADISTANCE) VALUES ('28313', '29973', 1204);
INSERT INTO SEADISTANCE (FIRSTPORTID, SECONDPORTID, SEADISTANCE) VALUES ('28313', '24951', 5707);
INSERT INTO SEADISTANCE (FIRSTPORTID, SECONDPORTID, SEADISTANCE) VALUES ('28313', '20072', 5066);
INSERT INTO SEADISTANCE (FIRSTPORTID, SECONDPORTID, SEADISTANCE) VALUES ('28313', '13390', 3947);
INSERT INTO SEADISTANCE (FIRSTPORTID, SECONDPORTID, SEADISTANCE) VALUES ('28313', '21556', 5587);
INSERT INTO SEADISTANCE (FIRSTPORTID, SECONDPORTID, SEADISTANCE) VALUES ('28313', '18454', 5648);
INSERT INTO SEADISTANCE (FIRSTPORTID, SECONDPORTID, SEADISTANCE) VALUES ('28313', '21206', 5379);
INSERT INTO SEADISTANCE (FIRSTPORTID, SECONDPORTID, SEADISTANCE) VALUES ('28313', '18867', 5486);
INSERT INTO SEADISTANCE (FIRSTPORTID, SECONDPORTID, SEADISTANCE) VALUES ('28313', '18937', 4486);
INSERT INTO SEADISTANCE (FIRSTPORTID, SECONDPORTID, SEADISTANCE) VALUES ('28313', '13176', 5763);
INSERT INTO SEADISTANCE (FIRSTPORTID, SECONDPORTID, SEADISTANCE) VALUES ('28313', '21451', 1506);
INSERT INTO SEADISTANCE (FIRSTPORTID, SECONDPORTID, SEADISTANCE) VALUES ('28313', '23247', 4541);
INSERT INTO SEADISTANCE (FIRSTPORTID, SECONDPORTID, SEADISTANCE) VALUES ('14459', '246265', 211);
INSERT INTO SEADISTANCE (FIRSTPORTID, SECONDPORTID, SEADISTANCE) VALUES ('14459', '17386', 1665);
INSERT INTO SEADISTANCE (FIRSTPORTID, SECONDPORTID, SEADISTANCE) VALUES ('14459', '213737', 307);
INSERT INTO SEADISTANCE (FIRSTPORTID, SECONDPORTID, SEADISTANCE) VALUES ('14459', '14470', 143);
INSERT INTO SEADISTANCE (FIRSTPORTID, SECONDPORTID, SEADISTANCE) VALUES ('14459', '24795', 1344);
INSERT INTO SEADISTANCE (FIRSTPORTID, SECONDPORTID, SEADISTANCE) VALUES ('14459', '11771', 4209);
INSERT INTO SEADISTANCE (FIRSTPORTID, SECONDPORTID, SEADISTANCE) VALUES ('14459', '21381', 1344);
INSERT INTO SEADISTANCE (FIRSTPORTID, SECONDPORTID, SEADISTANCE) VALUES ('14459', '29002', 3262);
INSERT INTO SEADISTANCE (FIRSTPORTID, SECONDPORTID, SEADISTANCE) VALUES ('14459', '29239', 3316);
INSERT INTO SEADISTANCE (FIRSTPORTID, SECONDPORTID, SEADISTANCE) VALUES ('14459', '14635', 9272);
INSERT INTO SEADISTANCE (FIRSTPORTID, SECONDPORTID, SEADISTANCE) VALUES ('14459', '20512', 3792);
INSERT INTO SEADISTANCE (FIRSTPORTID, SECONDPORTID, SEADISTANCE) VALUES ('14459', '22522', 946);
INSERT INTO SEADISTANCE (FIRSTPORTID, SECONDPORTID, SEADISTANCE) VALUES ('26147', '18937', 2199);
INSERT INTO SEADISTANCE (FIRSTPORTID, SECONDPORTID, SEADISTANCE) VALUES ('14459', '17941', 7188);
INSERT INTO SEADISTANCE (FIRSTPORTID, SECONDPORTID, SEADISTANCE) VALUES ('14459', '25007', 5209);
INSERT INTO SEADISTANCE (FIRSTPORTID, SECONDPORTID, SEADISTANCE) VALUES ('14459', '22770', 1344);
INSERT INTO SEADISTANCE (FIRSTPORTID, SECONDPORTID, SEADISTANCE) VALUES ('14459', '18454', 4599);
INSERT INTO SEADISTANCE (FIRSTPORTID, SECONDPORTID, SEADISTANCE) VALUES ('14459', '21206', 4330);
INSERT INTO SEADISTANCE (FIRSTPORTID, SECONDPORTID, SEADISTANCE) VALUES ('14459', '18937', 1746);
INSERT INTO SEADISTANCE (FIRSTPORTID, SECONDPORTID, SEADISTANCE) VALUES ('10563', '246265', 3697);
INSERT INTO SEADISTANCE (FIRSTPORTID, SECONDPORTID, SEADISTANCE) VALUES ('10563', '21863', 3401);
INSERT INTO SEADISTANCE (FIRSTPORTID, SECONDPORTID, SEADISTANCE) VALUES ('10563', '216593', 5183);
INSERT INTO SEADISTANCE (FIRSTPORTID, SECONDPORTID, SEADISTANCE) VALUES ('10563', '17386', 2427);
INSERT INTO SEADISTANCE (FIRSTPORTID, SECONDPORTID, SEADISTANCE) VALUES ('10563', '18137', 4298);
INSERT INTO SEADISTANCE (FIRSTPORTID, SECONDPORTID, SEADISTANCE) VALUES ('10563', '26147', 457);
INSERT INTO SEADISTANCE (FIRSTPORTID, SECONDPORTID, SEADISTANCE) VALUES ('10563', '18012', 1028);
INSERT INTO SEADISTANCE (FIRSTPORTID, SECONDPORTID, SEADISTANCE) VALUES ('10563', '14459', 3908);
INSERT INTO SEADISTANCE (FIRSTPORTID, SECONDPORTID, SEADISTANCE) VALUES ('10563', '216592', 5144);
INSERT INTO SEADISTANCE (FIRSTPORTID, SECONDPORTID, SEADISTANCE) VALUES ('10563', '15107', 5924);
INSERT INTO SEADISTANCE (FIRSTPORTID, SECONDPORTID, SEADISTANCE) VALUES ('10563', '29749', 1020);
INSERT INTO SEADISTANCE (FIRSTPORTID, SECONDPORTID, SEADISTANCE) VALUES ('10563', '18326', 692);
INSERT INTO SEADISTANCE (FIRSTPORTID, SECONDPORTID, SEADISTANCE) VALUES ('10563', '14226', 5663);
INSERT INTO SEADISTANCE (FIRSTPORTID, SECONDPORTID, SEADISTANCE) VALUES ('10563', '213737', 4103);
INSERT INTO SEADISTANCE (FIRSTPORTID, SECONDPORTID, SEADISTANCE) VALUES ('10563', '23428', 2082);
INSERT INTO SEADISTANCE (FIRSTPORTID, SECONDPORTID, SEADISTANCE) VALUES ('10563', '14470', 4032);
INSERT INTO SEADISTANCE (FIRSTPORTID, SECONDPORTID, SEADISTANCE) VALUES ('10563', '12543', 274);
INSERT INTO SEADISTANCE (FIRSTPORTID, SECONDPORTID, SEADISTANCE) VALUES ('10563', '11174', 2759);
INSERT INTO SEADISTANCE (FIRSTPORTID, SECONDPORTID, SEADISTANCE) VALUES ('10563', '29876', 6020);
INSERT INTO SEADISTANCE (FIRSTPORTID, SECONDPORTID, SEADISTANCE) VALUES ('10563', '224858', 252);
INSERT INTO SEADISTANCE (FIRSTPORTID, SECONDPORTID, SEADISTANCE) VALUES ('10563', '16485', 555);
INSERT INTO SEADISTANCE (FIRSTPORTID, SECONDPORTID, SEADISTANCE) VALUES ('10563', '24795', 3556);
INSERT INTO SEADISTANCE (FIRSTPORTID, SECONDPORTID, SEADISTANCE) VALUES ('10563', '11771', 307);
INSERT INTO SEADISTANCE (FIRSTPORTID, SECONDPORTID, SEADISTANCE) VALUES ('10563', '21381', 3556);
INSERT INTO SEADISTANCE (FIRSTPORTID, SECONDPORTID, SEADISTANCE) VALUES ('10563', '16737', 610);
INSERT INTO SEADISTANCE (FIRSTPORTID, SECONDPORTID, SEADISTANCE) VALUES ('10563', '13012', 1481);
INSERT INTO SEADISTANCE (FIRSTPORTID, SECONDPORTID, SEADISTANCE) VALUES ('10563', '29002', 1050);
INSERT INTO SEADISTANCE (FIRSTPORTID, SECONDPORTID, SEADISTANCE) VALUES ('10563', '29239', 705);
INSERT INTO SEADISTANCE (FIRSTPORTID, SECONDPORTID, SEADISTANCE) VALUES ('10563', '14635', 8095);
INSERT INTO SEADISTANCE (FIRSTPORTID, SECONDPORTID, SEADISTANCE) VALUES ('10563', '20512', 174);
INSERT INTO SEADISTANCE (FIRSTPORTID, SECONDPORTID, SEADISTANCE) VALUES ('10563', '14277', 6908);
INSERT INTO SEADISTANCE (FIRSTPORTID, SECONDPORTID, SEADISTANCE) VALUES ('10563', '10860', 6958);
INSERT INTO SEADISTANCE (FIRSTPORTID, SECONDPORTID, SEADISTANCE) VALUES ('10563', '22522', 3873);
INSERT INTO SEADISTANCE (FIRSTPORTID, SECONDPORTID, SEADISTANCE) VALUES ('10563', '21457', 2681);
INSERT INTO SEADISTANCE (FIRSTPORTID, SECONDPORTID, SEADISTANCE) VALUES ('10563', '17941', 6795);
INSERT INTO SEADISTANCE (FIRSTPORTID, SECONDPORTID, SEADISTANCE) VALUES ('10563', '27728', 1059);
INSERT INTO SEADISTANCE (FIRSTPORTID, SECONDPORTID, SEADISTANCE) VALUES ('10563', '25007', 3682);
INSERT INTO SEADISTANCE (FIRSTPORTID, SECONDPORTID, SEADISTANCE) VALUES ('10563', '21852', 3393);
INSERT INTO SEADISTANCE (FIRSTPORTID, SECONDPORTID, SEADISTANCE) VALUES ('10563', '22770', 3556);
INSERT INTO SEADISTANCE (FIRSTPORTID, SECONDPORTID, SEADISTANCE) VALUES ('10563', '18682', 4315);
INSERT INTO SEADISTANCE (FIRSTPORTID, SECONDPORTID, SEADISTANCE) VALUES ('10563', '29973', 6072);
INSERT INTO SEADISTANCE (FIRSTPORTID, SECONDPORTID, SEADISTANCE) VALUES ('10563', '20072', 108);
INSERT INTO SEADISTANCE (FIRSTPORTID, SECONDPORTID, SEADISTANCE) VALUES ('10563', '13390', 1663);
INSERT INTO SEADISTANCE (FIRSTPORTID, SECONDPORTID, SEADISTANCE) VALUES ('10563', '18454', 699);
INSERT INTO SEADISTANCE (FIRSTPORTID, SECONDPORTID, SEADISTANCE) VALUES ('10563', '21206', 427);
INSERT INTO SEADISTANCE (FIRSTPORTID, SECONDPORTID, SEADISTANCE) VALUES ('10563', '18867', 533);
INSERT INTO SEADISTANCE (FIRSTPORTID, SECONDPORTID, SEADISTANCE) VALUES ('10563', '18937', 2299);
INSERT INTO SEADISTANCE (FIRSTPORTID, SECONDPORTID, SEADISTANCE) VALUES ('10563', '13176', 3576);
INSERT INTO SEADISTANCE (FIRSTPORTID, SECONDPORTID, SEADISTANCE) VALUES ('10563', '21451', 5369);
INSERT INTO SEADISTANCE (FIRSTPORTID, SECONDPORTID, SEADISTANCE) VALUES ('10563', '23247', 654);
INSERT INTO SEADISTANCE (FIRSTPORTID, SECONDPORTID, SEADISTANCE) VALUES ('216592', '246265', 6110);
INSERT INTO SEADISTANCE (FIRSTPORTID, SECONDPORTID, SEADISTANCE) VALUES ('216592', '17386', 4840);
INSERT INTO SEADISTANCE (FIRSTPORTID, SECONDPORTID, SEADISTANCE) VALUES ('216592', '30045', 1379);
INSERT INTO SEADISTANCE (FIRSTPORTID, SECONDPORTID, SEADISTANCE) VALUES ('216592', '14459', 6321);
INSERT INTO SEADISTANCE (FIRSTPORTID, SECONDPORTID, SEADISTANCE) VALUES ('216592', '213737', 6516);
INSERT INTO SEADISTANCE (FIRSTPORTID, SECONDPORTID, SEADISTANCE) VALUES ('216592', '14470', 6445);
INSERT INTO SEADISTANCE (FIRSTPORTID, SECONDPORTID, SEADISTANCE) VALUES ('216592', '12543', 5410);
INSERT INTO SEADISTANCE (FIRSTPORTID, SECONDPORTID, SEADISTANCE) VALUES ('216592', '24795', 5969);
INSERT INTO SEADISTANCE (FIRSTPORTID, SECONDPORTID, SEADISTANCE) VALUES ('216592', '11771', 5445);
INSERT INTO SEADISTANCE (FIRSTPORTID, SECONDPORTID, SEADISTANCE) VALUES ('216592', '21381', 5969);
INSERT INTO SEADISTANCE (FIRSTPORTID, SECONDPORTID, SEADISTANCE) VALUES ('216592', '13012', 4190);
INSERT INTO SEADISTANCE (FIRSTPORTID, SECONDPORTID, SEADISTANCE) VALUES ('216592', '29002', 4540);
INSERT INTO SEADISTANCE (FIRSTPORTID, SECONDPORTID, SEADISTANCE) VALUES ('216592', '29239', 4760);
INSERT INTO SEADISTANCE (FIRSTPORTID, SECONDPORTID, SEADISTANCE) VALUES ('216592', '14635', 2951);
INSERT INTO SEADISTANCE (FIRSTPORTID, SECONDPORTID, SEADISTANCE) VALUES ('216592', '20512', 5017);
INSERT INTO SEADISTANCE (FIRSTPORTID, SECONDPORTID, SEADISTANCE) VALUES ('216592', '10860', 1814);
INSERT INTO SEADISTANCE (FIRSTPORTID, SECONDPORTID, SEADISTANCE) VALUES ('216592', '22522', 6286);
INSERT INTO SEADISTANCE (FIRSTPORTID, SECONDPORTID, SEADISTANCE) VALUES ('216592', '17941', 5247);
INSERT INTO SEADISTANCE (FIRSTPORTID, SECONDPORTID, SEADISTANCE) VALUES ('216592', '25007', 1979);
INSERT INTO SEADISTANCE (FIRSTPORTID, SECONDPORTID, SEADISTANCE) VALUES ('216592', '22770', 5969);
INSERT INTO SEADISTANCE (FIRSTPORTID, SECONDPORTID, SEADISTANCE) VALUES ('216592', '13390', 4170);
INSERT INTO SEADISTANCE (FIRSTPORTID, SECONDPORTID, SEADISTANCE) VALUES ('216592', '18454', 5835);
INSERT INTO SEADISTANCE (FIRSTPORTID, SECONDPORTID, SEADISTANCE) VALUES ('216592', '21206', 5566);
INSERT INTO SEADISTANCE (FIRSTPORTID, SECONDPORTID, SEADISTANCE) VALUES ('216592', '18937', 4712);
INSERT INTO SEADISTANCE (FIRSTPORTID, SECONDPORTID, SEADISTANCE) VALUES ('15107', '246265', 6890);
INSERT INTO SEADISTANCE (FIRSTPORTID, SECONDPORTID, SEADISTANCE) VALUES ('15107', '21863', 6594);
INSERT INTO SEADISTANCE (FIRSTPORTID, SECONDPORTID, SEADISTANCE) VALUES ('15107', '216593', 741);
INSERT INTO SEADISTANCE (FIRSTPORTID, SECONDPORTID, SEADISTANCE) VALUES ('15107', '17386', 5620);
INSERT INTO SEADISTANCE (FIRSTPORTID, SECONDPORTID, SEADISTANCE) VALUES ('15107', '18137', 7491);
INSERT INTO SEADISTANCE (FIRSTPORTID, SECONDPORTID, SEADISTANCE) VALUES ('15107', '26147', 5614);
INSERT INTO SEADISTANCE (FIRSTPORTID, SECONDPORTID, SEADISTANCE) VALUES ('15107', '18012', 5197);
INSERT INTO SEADISTANCE (FIRSTPORTID, SECONDPORTID, SEADISTANCE) VALUES ('15107', '30045', 1664);
INSERT INTO SEADISTANCE (FIRSTPORTID, SECONDPORTID, SEADISTANCE) VALUES ('15107', '14459', 7101);
INSERT INTO SEADISTANCE (FIRSTPORTID, SECONDPORTID, SEADISTANCE) VALUES ('15107', '216592', 780);
INSERT INTO SEADISTANCE (FIRSTPORTID, SECONDPORTID, SEADISTANCE) VALUES ('15107', '29749', 5241);
INSERT INTO SEADISTANCE (FIRSTPORTID, SECONDPORTID, SEADISTANCE) VALUES ('15107', '18326', 5487);
INSERT INTO SEADISTANCE (FIRSTPORTID, SECONDPORTID, SEADISTANCE) VALUES ('15107', '213737', 7296);
INSERT INTO SEADISTANCE (FIRSTPORTID, SECONDPORTID, SEADISTANCE) VALUES ('15107', '23428', 4519);
INSERT INTO SEADISTANCE (FIRSTPORTID, SECONDPORTID, SEADISTANCE) VALUES ('15107', '14470', 7225);
INSERT INTO SEADISTANCE (FIRSTPORTID, SECONDPORTID, SEADISTANCE) VALUES ('15107', '12543', 6190);
INSERT INTO SEADISTANCE (FIRSTPORTID, SECONDPORTID, SEADISTANCE) VALUES ('15107', '11174', 5952);
INSERT INTO SEADISTANCE (FIRSTPORTID, SECONDPORTID, SEADISTANCE) VALUES ('15107', '224858', 5834);
INSERT INTO SEADISTANCE (FIRSTPORTID, SECONDPORTID, SEADISTANCE) VALUES ('15107', '16485', 6474);
INSERT INTO SEADISTANCE (FIRSTPORTID, SECONDPORTID, SEADISTANCE) VALUES ('15107', '24795', 6749);
INSERT INTO SEADISTANCE (FIRSTPORTID, SECONDPORTID, SEADISTANCE) VALUES ('15107', '11771', 6225);
INSERT INTO SEADISTANCE (FIRSTPORTID, SECONDPORTID, SEADISTANCE) VALUES ('15107', '21381', 6749);
INSERT INTO SEADISTANCE (FIRSTPORTID, SECONDPORTID, SEADISTANCE) VALUES ('15107', '16737', 6529);
INSERT INTO SEADISTANCE (FIRSTPORTID, SECONDPORTID, SEADISTANCE) VALUES ('15107', '13012', 4970);
INSERT INTO SEADISTANCE (FIRSTPORTID, SECONDPORTID, SEADISTANCE) VALUES ('15107', '29002', 5320);
INSERT INTO SEADISTANCE (FIRSTPORTID, SECONDPORTID, SEADISTANCE) VALUES ('15107', '29239', 5540);
INSERT INTO SEADISTANCE (FIRSTPORTID, SECONDPORTID, SEADISTANCE) VALUES ('15107', '14635', 2245);
INSERT INTO SEADISTANCE (FIRSTPORTID, SECONDPORTID, SEADISTANCE) VALUES ('15107', '20512', 5797);
INSERT INTO SEADISTANCE (FIRSTPORTID, SECONDPORTID, SEADISTANCE) VALUES ('15107', '14277', 1055);
INSERT INTO SEADISTANCE (FIRSTPORTID, SECONDPORTID, SEADISTANCE) VALUES ('15107', '10860', 2099);
INSERT INTO SEADISTANCE (FIRSTPORTID, SECONDPORTID, SEADISTANCE) VALUES ('15107', '22522', 7066);
INSERT INTO SEADISTANCE (FIRSTPORTID, SECONDPORTID, SEADISTANCE) VALUES ('15107', '21457', 5874);
INSERT INTO SEADISTANCE (FIRSTPORTID, SECONDPORTID, SEADISTANCE) VALUES ('15107', '17941', 5522);
INSERT INTO SEADISTANCE (FIRSTPORTID, SECONDPORTID, SEADISTANCE) VALUES ('15107', '27728', 6015);
INSERT INTO SEADISTANCE (FIRSTPORTID, SECONDPORTID, SEADISTANCE) VALUES ('15107', '25007', 2759);
INSERT INTO SEADISTANCE (FIRSTPORTID, SECONDPORTID, SEADISTANCE) VALUES ('15107', '21852', 6586);
INSERT INTO SEADISTANCE (FIRSTPORTID, SECONDPORTID, SEADISTANCE) VALUES ('15107', '22770', 6749);
INSERT INTO SEADISTANCE (FIRSTPORTID, SECONDPORTID, SEADISTANCE) VALUES ('15107', '18682', 7508);
INSERT INTO SEADISTANCE (FIRSTPORTID, SECONDPORTID, SEADISTANCE) VALUES ('15107', '29973', 202);
INSERT INTO SEADISTANCE (FIRSTPORTID, SECONDPORTID, SEADISTANCE) VALUES ('15107', '20072', 6033);
INSERT INTO SEADISTANCE (FIRSTPORTID, SECONDPORTID, SEADISTANCE) VALUES ('15107', '13390', 4950);
INSERT INTO SEADISTANCE (FIRSTPORTID, SECONDPORTID, SEADISTANCE) VALUES ('15107', '18454', 6615);
INSERT INTO SEADISTANCE (FIRSTPORTID, SECONDPORTID, SEADISTANCE) VALUES ('15107', '21206', 6346);
INSERT INTO SEADISTANCE (FIRSTPORTID, SECONDPORTID, SEADISTANCE) VALUES ('15107', '18867', 6453);
INSERT INTO SEADISTANCE (FIRSTPORTID, SECONDPORTID, SEADISTANCE) VALUES ('15107', '18937', 5492);
INSERT INTO SEADISTANCE (FIRSTPORTID, SECONDPORTID, SEADISTANCE) VALUES ('15107', '13176', 6769);
INSERT INTO SEADISTANCE (FIRSTPORTID, SECONDPORTID, SEADISTANCE) VALUES ('15107', '21451', 2190);
INSERT INTO SEADISTANCE (FIRSTPORTID, SECONDPORTID, SEADISTANCE) VALUES ('15107', '23247', 5536);
INSERT INTO SEADISTANCE (FIRSTPORTID, SECONDPORTID, SEADISTANCE) VALUES ('29749', '246265', 2981);
INSERT INTO SEADISTANCE (FIRSTPORTID, SECONDPORTID, SEADISTANCE) VALUES ('29749', '216593', 4500);
INSERT INTO SEADISTANCE (FIRSTPORTID, SECONDPORTID, SEADISTANCE) VALUES ('29749', '17386', 1711);
INSERT INTO SEADISTANCE (FIRSTPORTID, SECONDPORTID, SEADISTANCE) VALUES ('29749', '26147', 710);
INSERT INTO SEADISTANCE (FIRSTPORTID, SECONDPORTID, SEADISTANCE) VALUES ('29749', '30045', 5840);
INSERT INTO SEADISTANCE (FIRSTPORTID, SECONDPORTID, SEADISTANCE) VALUES ('29749', '14459', 3192);
INSERT INTO SEADISTANCE (FIRSTPORTID, SECONDPORTID, SEADISTANCE) VALUES ('29749', '216592', 4461);
INSERT INTO SEADISTANCE (FIRSTPORTID, SECONDPORTID, SEADISTANCE) VALUES ('29749', '213737', 3387);
INSERT INTO SEADISTANCE (FIRSTPORTID, SECONDPORTID, SEADISTANCE) VALUES ('29749', '23428', 1350);
INSERT INTO SEADISTANCE (FIRSTPORTID, SECONDPORTID, SEADISTANCE) VALUES ('29749', '14470', 3316);
INSERT INTO SEADISTANCE (FIRSTPORTID, SECONDPORTID, SEADISTANCE) VALUES ('29749', '12543', 1286);
INSERT INTO SEADISTANCE (FIRSTPORTID, SECONDPORTID, SEADISTANCE) VALUES ('29749', '11174', 2043);
INSERT INTO SEADISTANCE (FIRSTPORTID, SECONDPORTID, SEADISTANCE) VALUES ('29749', '24795', 2840);
INSERT INTO SEADISTANCE (FIRSTPORTID, SECONDPORTID, SEADISTANCE) VALUES ('29749', '11771', 1321);
INSERT INTO SEADISTANCE (FIRSTPORTID, SECONDPORTID, SEADISTANCE) VALUES ('29749', '21381', 2840);
INSERT INTO SEADISTANCE (FIRSTPORTID, SECONDPORTID, SEADISTANCE) VALUES ('29749', '13012', 763);
INSERT INTO SEADISTANCE (FIRSTPORTID, SECONDPORTID, SEADISTANCE) VALUES ('29749', '29002', 117);
INSERT INTO SEADISTANCE (FIRSTPORTID, SECONDPORTID, SEADISTANCE) VALUES ('29749', '29239', 587);
INSERT INTO SEADISTANCE (FIRSTPORTID, SECONDPORTID, SEADISTANCE) VALUES ('29749', '14635', 7412);
INSERT INTO SEADISTANCE (FIRSTPORTID, SECONDPORTID, SEADISTANCE) VALUES ('29749', '20512', 893);
INSERT INTO SEADISTANCE (FIRSTPORTID, SECONDPORTID, SEADISTANCE) VALUES ('29749', '14277', 6225);
INSERT INTO SEADISTANCE (FIRSTPORTID, SECONDPORTID, SEADISTANCE) VALUES ('29749', '10860', 6275);
INSERT INTO SEADISTANCE (FIRSTPORTID, SECONDPORTID, SEADISTANCE) VALUES ('29749', '22522', 3157);
INSERT INTO SEADISTANCE (FIRSTPORTID, SECONDPORTID, SEADISTANCE) VALUES ('29749', '21457', 1965);
INSERT INTO SEADISTANCE (FIRSTPORTID, SECONDPORTID, SEADISTANCE) VALUES ('29749', '17941', 6055);
INSERT INTO SEADISTANCE (FIRSTPORTID, SECONDPORTID, SEADISTANCE) VALUES ('29749', '27728', 1209);
INSERT INTO SEADISTANCE (FIRSTPORTID, SECONDPORTID, SEADISTANCE) VALUES ('29749', '25007', 3036);
INSERT INTO SEADISTANCE (FIRSTPORTID, SECONDPORTID, SEADISTANCE) VALUES ('29749', '22770', 2840);
INSERT INTO SEADISTANCE (FIRSTPORTID, SECONDPORTID, SEADISTANCE) VALUES ('29749', '13390', 945);
INSERT INTO SEADISTANCE (FIRSTPORTID, SECONDPORTID, SEADISTANCE) VALUES ('29749', '18454', 1711);
INSERT INTO SEADISTANCE (FIRSTPORTID, SECONDPORTID, SEADISTANCE) VALUES ('29749', '21206', 1442);
INSERT INTO SEADISTANCE (FIRSTPORTID, SECONDPORTID, SEADISTANCE) VALUES ('29749', '18937', 1583);
INSERT INTO SEADISTANCE (FIRSTPORTID, SECONDPORTID, SEADISTANCE) VALUES ('29749', '13176', 2860);
INSERT INTO SEADISTANCE (FIRSTPORTID, SECONDPORTID, SEADISTANCE) VALUES ('29749', '21451', 4757);
INSERT INTO SEADISTANCE (FIRSTPORTID, SECONDPORTID, SEADISTANCE) VALUES ('29749', '23247', 583);
INSERT INTO SEADISTANCE (FIRSTPORTID, SECONDPORTID, SEADISTANCE) VALUES ('18326', '246265', 3047);
INSERT INTO SEADISTANCE (FIRSTPORTID, SECONDPORTID, SEADISTANCE) VALUES ('18326', '21863', 2751);
INSERT INTO SEADISTANCE (FIRSTPORTID, SECONDPORTID, SEADISTANCE) VALUES ('18326', '216593', 4746);
INSERT INTO SEADISTANCE (FIRSTPORTID, SECONDPORTID, SEADISTANCE) VALUES ('18326', '17386', 1777);
INSERT INTO SEADISTANCE (FIRSTPORTID, SECONDPORTID, SEADISTANCE) VALUES ('18326', '18137', 3648);
INSERT INTO SEADISTANCE (FIRSTPORTID, SECONDPORTID, SEADISTANCE) VALUES ('18326', '26147', 592);
INSERT INTO SEADISTANCE (FIRSTPORTID, SECONDPORTID, SEADISTANCE) VALUES ('18326', '30045', 6086);
INSERT INTO SEADISTANCE (FIRSTPORTID, SECONDPORTID, SEADISTANCE) VALUES ('18326', '14459', 3258);
INSERT INTO SEADISTANCE (FIRSTPORTID, SECONDPORTID, SEADISTANCE) VALUES ('18326', '216592', 4707);
INSERT INTO SEADISTANCE (FIRSTPORTID, SECONDPORTID, SEADISTANCE) VALUES ('18326', '29749', 532);
INSERT INTO SEADISTANCE (FIRSTPORTID, SECONDPORTID, SEADISTANCE) VALUES ('18326', '213737', 3453);
INSERT INTO SEADISTANCE (FIRSTPORTID, SECONDPORTID, SEADISTANCE) VALUES ('18326', '23428', 1432);
INSERT INTO SEADISTANCE (FIRSTPORTID, SECONDPORTID, SEADISTANCE) VALUES ('18326', '14470', 3382);
INSERT INTO SEADISTANCE (FIRSTPORTID, SECONDPORTID, SEADISTANCE) VALUES ('18326', '12543', 958);
INSERT INTO SEADISTANCE (FIRSTPORTID, SECONDPORTID, SEADISTANCE) VALUES ('18326', '11174', 2109);
INSERT INTO SEADISTANCE (FIRSTPORTID, SECONDPORTID, SEADISTANCE) VALUES ('18326', '224858', 394);
INSERT INTO SEADISTANCE (FIRSTPORTID, SECONDPORTID, SEADISTANCE) VALUES ('18326', '24795', 2906);
INSERT INTO SEADISTANCE (FIRSTPORTID, SECONDPORTID, SEADISTANCE) VALUES ('18326', '11771', 993);
INSERT INTO SEADISTANCE (FIRSTPORTID, SECONDPORTID, SEADISTANCE) VALUES ('18326', '21381', 2906);
INSERT INTO SEADISTANCE (FIRSTPORTID, SECONDPORTID, SEADISTANCE) VALUES ('18326', '13012', 831);
INSERT INTO SEADISTANCE (FIRSTPORTID, SECONDPORTID, SEADISTANCE) VALUES ('18326', '29002', 597);
INSERT INTO SEADISTANCE (FIRSTPORTID, SECONDPORTID, SEADISTANCE) VALUES ('18326', '29239', 111);
INSERT INTO SEADISTANCE (FIRSTPORTID, SECONDPORTID, SEADISTANCE) VALUES ('18326', '14635', 7658);
INSERT INTO SEADISTANCE (FIRSTPORTID, SECONDPORTID, SEADISTANCE) VALUES ('18326', '20512', 576);
INSERT INTO SEADISTANCE (FIRSTPORTID, SECONDPORTID, SEADISTANCE) VALUES ('18326', '14277', 6471);
INSERT INTO SEADISTANCE (FIRSTPORTID, SECONDPORTID, SEADISTANCE) VALUES ('18326', '10860', 6521);
INSERT INTO SEADISTANCE (FIRSTPORTID, SECONDPORTID, SEADISTANCE) VALUES ('18326', '22522', 3223);
INSERT INTO SEADISTANCE (FIRSTPORTID, SECONDPORTID, SEADISTANCE) VALUES ('18326', '21457', 2031);
INSERT INTO SEADISTANCE (FIRSTPORTID, SECONDPORTID, SEADISTANCE) VALUES ('18326', '17941', 6145);
INSERT INTO SEADISTANCE (FIRSTPORTID, SECONDPORTID, SEADISTANCE) VALUES ('18326', '27728', 1188);
INSERT INTO SEADISTANCE (FIRSTPORTID, SECONDPORTID, SEADISTANCE) VALUES ('18326', '25007', 3296);
INSERT INTO SEADISTANCE (FIRSTPORTID, SECONDPORTID, SEADISTANCE) VALUES ('18326', '21852', 2743);
INSERT INTO SEADISTANCE (FIRSTPORTID, SECONDPORTID, SEADISTANCE) VALUES ('18326', '22770', 2906);
INSERT INTO SEADISTANCE (FIRSTPORTID, SECONDPORTID, SEADISTANCE) VALUES ('18326', '18682', 3665);
INSERT INTO SEADISTANCE (FIRSTPORTID, SECONDPORTID, SEADISTANCE) VALUES ('18326', '29973', 5635);
INSERT INTO SEADISTANCE (FIRSTPORTID, SECONDPORTID, SEADISTANCE) VALUES ('18326', '20072', 801);
INSERT INTO SEADISTANCE (FIRSTPORTID, SECONDPORTID, SEADISTANCE) VALUES ('18326', '13390', 1013);
INSERT INTO SEADISTANCE (FIRSTPORTID, SECONDPORTID, SEADISTANCE) VALUES ('18326', '18454', 1383);
INSERT INTO SEADISTANCE (FIRSTPORTID, SECONDPORTID, SEADISTANCE) VALUES ('18326', '21206', 1114);
INSERT INTO SEADISTANCE (FIRSTPORTID, SECONDPORTID, SEADISTANCE) VALUES ('18326', '18937', 1649);
INSERT INTO SEADISTANCE (FIRSTPORTID, SECONDPORTID, SEADISTANCE) VALUES ('18326', '13176', 2926);
INSERT INTO SEADISTANCE (FIRSTPORTID, SECONDPORTID, SEADISTANCE) VALUES ('18326', '21451', 5010);
INSERT INTO SEADISTANCE (FIRSTPORTID, SECONDPORTID, SEADISTANCE) VALUES ('18326', '23247', 96);
INSERT INTO SEADISTANCE (FIRSTPORTID, SECONDPORTID, SEADISTANCE) VALUES ('14226', '246265', 6629);
INSERT INTO SEADISTANCE (FIRSTPORTID, SECONDPORTID, SEADISTANCE) VALUES ('14226', '21863', 6333);
INSERT INTO SEADISTANCE (FIRSTPORTID, SECONDPORTID, SEADISTANCE) VALUES ('14226', '216593', 480);
INSERT INTO SEADISTANCE (FIRSTPORTID, SECONDPORTID, SEADISTANCE) VALUES ('14226', '17386', 5359);
INSERT INTO SEADISTANCE (FIRSTPORTID, SECONDPORTID, SEADISTANCE) VALUES ('14226', '18137', 7230);
INSERT INTO SEADISTANCE (FIRSTPORTID, SECONDPORTID, SEADISTANCE) VALUES ('14226', '26147', 5353);
INSERT INTO SEADISTANCE (FIRSTPORTID, SECONDPORTID, SEADISTANCE) VALUES ('14226', '18012', 4936);
INSERT INTO SEADISTANCE (FIRSTPORTID, SECONDPORTID, SEADISTANCE) VALUES ('14226', '30045', 899);
INSERT INTO SEADISTANCE (FIRSTPORTID, SECONDPORTID, SEADISTANCE) VALUES ('14226', '14459', 6840);
INSERT INTO SEADISTANCE (FIRSTPORTID, SECONDPORTID, SEADISTANCE) VALUES ('14226', '216592', 519);
INSERT INTO SEADISTANCE (FIRSTPORTID, SECONDPORTID, SEADISTANCE) VALUES ('14226', '15107', 898);
INSERT INTO SEADISTANCE (FIRSTPORTID, SECONDPORTID, SEADISTANCE) VALUES ('14226', '29749', 4980);
INSERT INTO SEADISTANCE (FIRSTPORTID, SECONDPORTID, SEADISTANCE) VALUES ('14226', '18326', 5226);
INSERT INTO SEADISTANCE (FIRSTPORTID, SECONDPORTID, SEADISTANCE) VALUES ('14226', '213737', 7035);
INSERT INTO SEADISTANCE (FIRSTPORTID, SECONDPORTID, SEADISTANCE) VALUES ('14226', '23428', 4258);
INSERT INTO SEADISTANCE (FIRSTPORTID, SECONDPORTID, SEADISTANCE) VALUES ('14226', '14470', 6964);
INSERT INTO SEADISTANCE (FIRSTPORTID, SECONDPORTID, SEADISTANCE) VALUES ('14226', '12543', 5929);
INSERT INTO SEADISTANCE (FIRSTPORTID, SECONDPORTID, SEADISTANCE) VALUES ('14226', '11174', 5691);
INSERT INTO SEADISTANCE (FIRSTPORTID, SECONDPORTID, SEADISTANCE) VALUES ('14226', '29876', 394);
INSERT INTO SEADISTANCE (FIRSTPORTID, SECONDPORTID, SEADISTANCE) VALUES ('14226', '224858', 5573);
INSERT INTO SEADISTANCE (FIRSTPORTID, SECONDPORTID, SEADISTANCE) VALUES ('14226', '16485', 6213);
INSERT INTO SEADISTANCE (FIRSTPORTID, SECONDPORTID, SEADISTANCE) VALUES ('14226', '24795', 6488);
INSERT INTO SEADISTANCE (FIRSTPORTID, SECONDPORTID, SEADISTANCE) VALUES ('14226', '11771', 5964);
INSERT INTO SEADISTANCE (FIRSTPORTID, SECONDPORTID, SEADISTANCE) VALUES ('14226', '21381', 6488);
INSERT INTO SEADISTANCE (FIRSTPORTID, SECONDPORTID, SEADISTANCE) VALUES ('14226', '16737', 6268);
INSERT INTO SEADISTANCE (FIRSTPORTID, SECONDPORTID, SEADISTANCE) VALUES ('14226', '13012', 4709);
INSERT INTO SEADISTANCE (FIRSTPORTID, SECONDPORTID, SEADISTANCE) VALUES ('14226', '29002', 5059);
INSERT INTO SEADISTANCE (FIRSTPORTID, SECONDPORTID, SEADISTANCE) VALUES ('14226', '29239', 5279);
INSERT INTO SEADISTANCE (FIRSTPORTID, SECONDPORTID, SEADISTANCE) VALUES ('14226', '14635', 3005);
INSERT INTO SEADISTANCE (FIRSTPORTID, SECONDPORTID, SEADISTANCE) VALUES ('14226', '20512', 5536);
INSERT INTO SEADISTANCE (FIRSTPORTID, SECONDPORTID, SEADISTANCE) VALUES ('14226', '14277', 1830);
INSERT INTO SEADISTANCE (FIRSTPORTID, SECONDPORTID, SEADISTANCE) VALUES ('14226', '10860', 1326);
INSERT INTO SEADISTANCE (FIRSTPORTID, SECONDPORTID, SEADISTANCE) VALUES ('14226', '22522', 6805);
INSERT INTO SEADISTANCE (FIRSTPORTID, SECONDPORTID, SEADISTANCE) VALUES ('14226', '21457', 5613);
INSERT INTO SEADISTANCE (FIRSTPORTID, SECONDPORTID, SEADISTANCE) VALUES ('14226', '17941', 4774);
INSERT INTO SEADISTANCE (FIRSTPORTID, SECONDPORTID, SEADISTANCE) VALUES ('14226', '27728', 5754);
INSERT INTO SEADISTANCE (FIRSTPORTID, SECONDPORTID, SEADISTANCE) VALUES ('14226', '25007', 2498);
INSERT INTO SEADISTANCE (FIRSTPORTID, SECONDPORTID, SEADISTANCE) VALUES ('14226', '21852', 6325);
INSERT INTO SEADISTANCE (FIRSTPORTID, SECONDPORTID, SEADISTANCE) VALUES ('14226', '22770', 6488);
INSERT INTO SEADISTANCE (FIRSTPORTID, SECONDPORTID, SEADISTANCE) VALUES ('14226', '18682', 7247);
INSERT INTO SEADISTANCE (FIRSTPORTID, SECONDPORTID, SEADISTANCE) VALUES ('14226', '29973', 1026);
INSERT INTO SEADISTANCE (FIRSTPORTID, SECONDPORTID, SEADISTANCE) VALUES ('14226', '20072', 5772);
INSERT INTO SEADISTANCE (FIRSTPORTID, SECONDPORTID, SEADISTANCE) VALUES ('14226', '13390', 4689);
INSERT INTO SEADISTANCE (FIRSTPORTID, SECONDPORTID, SEADISTANCE) VALUES ('14226', '18454', 6354);
INSERT INTO SEADISTANCE (FIRSTPORTID, SECONDPORTID, SEADISTANCE) VALUES ('14226', '21206', 6085);
INSERT INTO SEADISTANCE (FIRSTPORTID, SECONDPORTID, SEADISTANCE) VALUES ('14226', '18867', 6192);
INSERT INTO SEADISTANCE (FIRSTPORTID, SECONDPORTID, SEADISTANCE) VALUES ('14226', '18937', 5231);
INSERT INTO SEADISTANCE (FIRSTPORTID, SECONDPORTID, SEADISTANCE) VALUES ('14226', '13176', 6508);
INSERT INTO SEADISTANCE (FIRSTPORTID, SECONDPORTID, SEADISTANCE) VALUES ('14226', '21451', 1929);
INSERT INTO SEADISTANCE (FIRSTPORTID, SECONDPORTID, SEADISTANCE) VALUES ('14226', '23247', 5275);
INSERT INTO SEADISTANCE (FIRSTPORTID, SECONDPORTID, SEADISTANCE) VALUES ('213737', '29002', 3457);
INSERT INTO SEADISTANCE (FIRSTPORTID, SECONDPORTID, SEADISTANCE) VALUES ('213737', '29239', 3511);
INSERT INTO SEADISTANCE (FIRSTPORTID, SECONDPORTID, SEADISTANCE) VALUES ('213737', '14635', 9467);
INSERT INTO SEADISTANCE (FIRSTPORTID, SECONDPORTID, SEADISTANCE) VALUES ('213737', '17941', 7383);
INSERT INTO SEADISTANCE (FIRSTPORTID, SECONDPORTID, SEADISTANCE) VALUES ('213737', '25007', 5404);
INSERT INTO SEADISTANCE (FIRSTPORTID, SECONDPORTID, SEADISTANCE) VALUES ('23428', '246265', 2393);
INSERT INTO SEADISTANCE (FIRSTPORTID, SECONDPORTID, SEADISTANCE) VALUES ('23428', '216593', 3778);
INSERT INTO SEADISTANCE (FIRSTPORTID, SECONDPORTID, SEADISTANCE) VALUES ('23428', '17386', 1123);
INSERT INTO SEADISTANCE (FIRSTPORTID, SECONDPORTID, SEADISTANCE) VALUES ('23428', '26147', 1982);
INSERT INTO SEADISTANCE (FIRSTPORTID, SECONDPORTID, SEADISTANCE) VALUES ('23428', '30045', 5118);
INSERT INTO SEADISTANCE (FIRSTPORTID, SECONDPORTID, SEADISTANCE) VALUES ('23428', '14459', 2604);
INSERT INTO SEADISTANCE (FIRSTPORTID, SECONDPORTID, SEADISTANCE) VALUES ('23428', '216592', 3739);
INSERT INTO SEADISTANCE (FIRSTPORTID, SECONDPORTID, SEADISTANCE) VALUES ('23428', '213737', 2799);
INSERT INTO SEADISTANCE (FIRSTPORTID, SECONDPORTID, SEADISTANCE) VALUES ('23428', '14470', 2728);
INSERT INTO SEADISTANCE (FIRSTPORTID, SECONDPORTID, SEADISTANCE) VALUES ('23428', '12543', 2348);
INSERT INTO SEADISTANCE (FIRSTPORTID, SECONDPORTID, SEADISTANCE) VALUES ('23428', '24795', 2252);
INSERT INTO SEADISTANCE (FIRSTPORTID, SECONDPORTID, SEADISTANCE) VALUES ('23428', '11771', 2383);
INSERT INTO SEADISTANCE (FIRSTPORTID, SECONDPORTID, SEADISTANCE) VALUES ('23428', '21381', 2252);
INSERT INTO SEADISTANCE (FIRSTPORTID, SECONDPORTID, SEADISTANCE) VALUES ('23428', '13012', 655);
INSERT INTO SEADISTANCE (FIRSTPORTID, SECONDPORTID, SEADISTANCE) VALUES ('23428', '29002', 1429);
INSERT INTO SEADISTANCE (FIRSTPORTID, SECONDPORTID, SEADISTANCE) VALUES ('23428', '29239', 1490);
INSERT INTO SEADISTANCE (FIRSTPORTID, SECONDPORTID, SEADISTANCE) VALUES ('23428', '14635', 6690);
INSERT INTO SEADISTANCE (FIRSTPORTID, SECONDPORTID, SEADISTANCE) VALUES ('23428', '20512', 1966);
INSERT INTO SEADISTANCE (FIRSTPORTID, SECONDPORTID, SEADISTANCE) VALUES ('23428', '14277', 5503);
INSERT INTO SEADISTANCE (FIRSTPORTID, SECONDPORTID, SEADISTANCE) VALUES ('23428', '10860', 5553);
INSERT INTO SEADISTANCE (FIRSTPORTID, SECONDPORTID, SEADISTANCE) VALUES ('23428', '22522', 2569);
INSERT INTO SEADISTANCE (FIRSTPORTID, SECONDPORTID, SEADISTANCE) VALUES ('23428', '21457', 1377);
INSERT INTO SEADISTANCE (FIRSTPORTID, SECONDPORTID, SEADISTANCE) VALUES ('23428', '17941', 4721);
INSERT INTO SEADISTANCE (FIRSTPORTID, SECONDPORTID, SEADISTANCE) VALUES ('23428', '27728', 2505);
INSERT INTO SEADISTANCE (FIRSTPORTID, SECONDPORTID, SEADISTANCE) VALUES ('23428', '25007', 2768);
INSERT INTO SEADISTANCE (FIRSTPORTID, SECONDPORTID, SEADISTANCE) VALUES ('23428', '22770', 2252);
INSERT INTO SEADISTANCE (FIRSTPORTID, SECONDPORTID, SEADISTANCE) VALUES ('23428', '13390', 536);
INSERT INTO SEADISTANCE (FIRSTPORTID, SECONDPORTID, SEADISTANCE) VALUES ('23428', '18454', 2773);
INSERT INTO SEADISTANCE (FIRSTPORTID, SECONDPORTID, SEADISTANCE) VALUES ('23428', '21206', 2504);
INSERT INTO SEADISTANCE (FIRSTPORTID, SECONDPORTID, SEADISTANCE) VALUES ('23428', '18937', 995);
INSERT INTO SEADISTANCE (FIRSTPORTID, SECONDPORTID, SEADISTANCE) VALUES ('23428', '21451', 4295);
INSERT INTO SEADISTANCE (FIRSTPORTID, SECONDPORTID, SEADISTANCE) VALUES ('23428', '23247', 1486);
INSERT INTO SEADISTANCE (FIRSTPORTID, SECONDPORTID, SEADISTANCE) VALUES ('14470', '246265', 335);
INSERT INTO SEADISTANCE (FIRSTPORTID, SECONDPORTID, SEADISTANCE) VALUES ('14470', '17386', 1789);
INSERT INTO SEADISTANCE (FIRSTPORTID, SECONDPORTID, SEADISTANCE) VALUES ('14470', '213737', 364);
INSERT INTO SEADISTANCE (FIRSTPORTID, SECONDPORTID, SEADISTANCE) VALUES ('14470', '24795', 1468);
INSERT INTO SEADISTANCE (FIRSTPORTID, SECONDPORTID, SEADISTANCE) VALUES ('14470', '11771', 4333);
INSERT INTO SEADISTANCE (FIRSTPORTID, SECONDPORTID, SEADISTANCE) VALUES ('14470', '21381', 1468);
INSERT INTO SEADISTANCE (FIRSTPORTID, SECONDPORTID, SEADISTANCE) VALUES ('14470', '29002', 3386);
INSERT INTO SEADISTANCE (FIRSTPORTID, SECONDPORTID, SEADISTANCE) VALUES ('14470', '29239', 3440);
INSERT INTO SEADISTANCE (FIRSTPORTID, SECONDPORTID, SEADISTANCE) VALUES ('14470', '14635', 9396);
INSERT INTO SEADISTANCE (FIRSTPORTID, SECONDPORTID, SEADISTANCE) VALUES ('14470', '20512', 3916);
INSERT INTO SEADISTANCE (FIRSTPORTID, SECONDPORTID, SEADISTANCE) VALUES ('14470', '22522', 1070);
INSERT INTO SEADISTANCE (FIRSTPORTID, SECONDPORTID, SEADISTANCE) VALUES ('14470', '17941', 7312);
INSERT INTO SEADISTANCE (FIRSTPORTID, SECONDPORTID, SEADISTANCE) VALUES ('14470', '25007', 5333);
INSERT INTO SEADISTANCE (FIRSTPORTID, SECONDPORTID, SEADISTANCE) VALUES ('14470', '22770', 1468);
INSERT INTO SEADISTANCE (FIRSTPORTID, SECONDPORTID, SEADISTANCE) VALUES ('14470', '18454', 4723);
INSERT INTO SEADISTANCE (FIRSTPORTID, SECONDPORTID, SEADISTANCE) VALUES ('14470', '21206', 4454);
INSERT INTO SEADISTANCE (FIRSTPORTID, SECONDPORTID, SEADISTANCE) VALUES ('14470', '18937', 1870);
INSERT INTO SEADISTANCE (FIRSTPORTID, SECONDPORTID, SEADISTANCE) VALUES ('12543', '246265', 3963);
INSERT INTO SEADISTANCE (FIRSTPORTID, SECONDPORTID, SEADISTANCE) VALUES ('12543', '17386', 2693);
INSERT INTO SEADISTANCE (FIRSTPORTID, SECONDPORTID, SEADISTANCE) VALUES ('12543', '14459', 4174);
INSERT INTO SEADISTANCE (FIRSTPORTID, SECONDPORTID, SEADISTANCE) VALUES ('12543', '213737', 4369);
INSERT INTO SEADISTANCE (FIRSTPORTID, SECONDPORTID, SEADISTANCE) VALUES ('12543', '14470', 4298);
INSERT INTO SEADISTANCE (FIRSTPORTID, SECONDPORTID, SEADISTANCE) VALUES ('12543', '24795', 3822);
INSERT INTO SEADISTANCE (FIRSTPORTID, SECONDPORTID, SEADISTANCE) VALUES ('12543', '11771', 67);
INSERT INTO SEADISTANCE (FIRSTPORTID, SECONDPORTID, SEADISTANCE) VALUES ('12543', '21381', 3822);
INSERT INTO SEADISTANCE (FIRSTPORTID, SECONDPORTID, SEADISTANCE) VALUES ('12543', '13012', 1747);
INSERT INTO SEADISTANCE (FIRSTPORTID, SECONDPORTID, SEADISTANCE) VALUES ('12543', '29002', 1316);
INSERT INTO SEADISTANCE (FIRSTPORTID, SECONDPORTID, SEADISTANCE) VALUES ('12543', '29239', 971);
INSERT INTO SEADISTANCE (FIRSTPORTID, SECONDPORTID, SEADISTANCE) VALUES ('12543', '14635', 8361);
INSERT INTO SEADISTANCE (FIRSTPORTID, SECONDPORTID, SEADISTANCE) VALUES ('12543', '20512', 439);
INSERT INTO SEADISTANCE (FIRSTPORTID, SECONDPORTID, SEADISTANCE) VALUES ('12543', '22522', 4139);
INSERT INTO SEADISTANCE (FIRSTPORTID, SECONDPORTID, SEADISTANCE) VALUES ('12543', '17941', 7061);
INSERT INTO SEADISTANCE (FIRSTPORTID, SECONDPORTID, SEADISTANCE) VALUES ('12543', '25007', 3948);
INSERT INTO SEADISTANCE (FIRSTPORTID, SECONDPORTID, SEADISTANCE) VALUES ('12543', '22770', 3822);
INSERT INTO SEADISTANCE (FIRSTPORTID, SECONDPORTID, SEADISTANCE) VALUES ('12543', '13390', 1929);
INSERT INTO SEADISTANCE (FIRSTPORTID, SECONDPORTID, SEADISTANCE) VALUES ('12543', '18454', 565);
INSERT INTO SEADISTANCE (FIRSTPORTID, SECONDPORTID, SEADISTANCE) VALUES ('12543', '21206', 345);
INSERT INTO SEADISTANCE (FIRSTPORTID, SECONDPORTID, SEADISTANCE) VALUES ('12543', '18937', 2565);
INSERT INTO SEADISTANCE (FIRSTPORTID, SECONDPORTID, SEADISTANCE) VALUES ('11174', '246265', 1270);
INSERT INTO SEADISTANCE (FIRSTPORTID, SECONDPORTID, SEADISTANCE) VALUES ('11174', '216593', 5211);
INSERT INTO SEADISTANCE (FIRSTPORTID, SECONDPORTID, SEADISTANCE) VALUES ('11174', '17386', 352);
INSERT INTO SEADISTANCE (FIRSTPORTID, SECONDPORTID, SEADISTANCE) VALUES ('11174', '26147', 2659);
INSERT INTO SEADISTANCE (FIRSTPORTID, SECONDPORTID, SEADISTANCE) VALUES ('11174', '30045', 6551);
INSERT INTO SEADISTANCE (FIRSTPORTID, SECONDPORTID, SEADISTANCE) VALUES ('11174', '14459', 1481);
INSERT INTO SEADISTANCE (FIRSTPORTID, SECONDPORTID, SEADISTANCE) VALUES ('11174', '216592', 5172);
INSERT INTO SEADISTANCE (FIRSTPORTID, SECONDPORTID, SEADISTANCE) VALUES ('11174', '213737', 1676);
INSERT INTO SEADISTANCE (FIRSTPORTID, SECONDPORTID, SEADISTANCE) VALUES ('11174', '23428', 1455);
INSERT INTO SEADISTANCE (FIRSTPORTID, SECONDPORTID, SEADISTANCE) VALUES ('11174', '14470', 1605);
INSERT INTO SEADISTANCE (FIRSTPORTID, SECONDPORTID, SEADISTANCE) VALUES ('11174', '12543', 3025);
INSERT INTO SEADISTANCE (FIRSTPORTID, SECONDPORTID, SEADISTANCE) VALUES ('11174', '24795', 1107);
INSERT INTO SEADISTANCE (FIRSTPORTID, SECONDPORTID, SEADISTANCE) VALUES ('10563', '30045', 6523);
INSERT INTO SEADISTANCE (FIRSTPORTID, SECONDPORTID, SEADISTANCE) VALUES ('11174', '11771', 3060);
INSERT INTO SEADISTANCE (FIRSTPORTID, SECONDPORTID, SEADISTANCE) VALUES ('11174', '21381', 1107);
INSERT INTO SEADISTANCE (FIRSTPORTID, SECONDPORTID, SEADISTANCE) VALUES ('11174', '13012', 1301);
INSERT INTO SEADISTANCE (FIRSTPORTID, SECONDPORTID, SEADISTANCE) VALUES ('11174', '29002', 2113);
INSERT INTO SEADISTANCE (FIRSTPORTID, SECONDPORTID, SEADISTANCE) VALUES ('11174', '29239', 2167);
INSERT INTO SEADISTANCE (FIRSTPORTID, SECONDPORTID, SEADISTANCE) VALUES ('11174', '14635', 8123);
INSERT INTO SEADISTANCE (FIRSTPORTID, SECONDPORTID, SEADISTANCE) VALUES ('11174', '20512', 2643);
INSERT INTO SEADISTANCE (FIRSTPORTID, SECONDPORTID, SEADISTANCE) VALUES ('11174', '14277', 6936);
INSERT INTO SEADISTANCE (FIRSTPORTID, SECONDPORTID, SEADISTANCE) VALUES ('11174', '10860', 6986);
INSERT INTO SEADISTANCE (FIRSTPORTID, SECONDPORTID, SEADISTANCE) VALUES ('11174', '22522', 1452);
INSERT INTO SEADISTANCE (FIRSTPORTID, SECONDPORTID, SEADISTANCE) VALUES ('11174', '21457', 86);
INSERT INTO SEADISTANCE (FIRSTPORTID, SECONDPORTID, SEADISTANCE) VALUES ('18200', '29002', 2546);
INSERT INTO SEADISTANCE (FIRSTPORTID, SECONDPORTID, SEADISTANCE) VALUES ('18200', '29239', 2600);
INSERT INTO SEADISTANCE (FIRSTPORTID, SECONDPORTID, SEADISTANCE) VALUES ('18200', '14635', 8556);
INSERT INTO SEADISTANCE (FIRSTPORTID, SECONDPORTID, SEADISTANCE) VALUES ('18200', '20512', 3076);
INSERT INTO SEADISTANCE (FIRSTPORTID, SECONDPORTID, SEADISTANCE) VALUES ('18200', '14277', 7369);
INSERT INTO SEADISTANCE (FIRSTPORTID, SECONDPORTID, SEADISTANCE) VALUES ('18200', '10860', 7419);
INSERT INTO SEADISTANCE (FIRSTPORTID, SECONDPORTID, SEADISTANCE) VALUES ('18200', '22522', 920);
INSERT INTO SEADISTANCE (FIRSTPORTID, SECONDPORTID, SEADISTANCE) VALUES ('18200', '21457', 771);
INSERT INTO SEADISTANCE (FIRSTPORTID, SECONDPORTID, SEADISTANCE) VALUES ('18200', '17941', 6472);
INSERT INTO SEADISTANCE (FIRSTPORTID, SECONDPORTID, SEADISTANCE) VALUES ('18200', '27728', 3688);
INSERT INTO SEADISTANCE (FIRSTPORTID, SECONDPORTID, SEADISTANCE) VALUES ('18200', '25007', 4493);
INSERT INTO SEADISTANCE (FIRSTPORTID, SECONDPORTID, SEADISTANCE) VALUES ('18200', '21852', 440);
INSERT INTO SEADISTANCE (FIRSTPORTID, SECONDPORTID, SEADISTANCE) VALUES ('18200', '22770', 431);
INSERT INTO SEADISTANCE (FIRSTPORTID, SECONDPORTID, SEADISTANCE) VALUES ('18200', '18476', 2262);
INSERT INTO SEADISTANCE (FIRSTPORTID, SECONDPORTID, SEADISTANCE) VALUES ('18200', '18682', 1356);
INSERT INTO SEADISTANCE (FIRSTPORTID, SECONDPORTID, SEADISTANCE) VALUES ('18200', '28781', 5738);
INSERT INTO SEADISTANCE (FIRSTPORTID, SECONDPORTID, SEADISTANCE) VALUES ('18200', '29973', 6533);
INSERT INTO SEADISTANCE (FIRSTPORTID, SECONDPORTID, SEADISTANCE) VALUES ('18200', '24951', 395);
INSERT INTO SEADISTANCE (FIRSTPORTID, SECONDPORTID, SEADISTANCE) VALUES ('18200', '20301', 6178);
INSERT INTO SEADISTANCE (FIRSTPORTID, SECONDPORTID, SEADISTANCE) VALUES ('18200', '20072', 3301);
INSERT INTO SEADISTANCE (FIRSTPORTID, SECONDPORTID, SEADISTANCE) VALUES ('18200', '20351', 4792);
INSERT INTO SEADISTANCE (FIRSTPORTID, SECONDPORTID, SEADISTANCE) VALUES ('18200', '27792', 8446);
INSERT INTO SEADISTANCE (FIRSTPORTID, SECONDPORTID, SEADISTANCE) VALUES ('18200', '27248', 5657);
INSERT INTO SEADISTANCE (FIRSTPORTID, SECONDPORTID, SEADISTANCE) VALUES ('18200', '13390', 1564);
INSERT INTO SEADISTANCE (FIRSTPORTID, SECONDPORTID, SEADISTANCE) VALUES ('18200', '21556', 271);
INSERT INTO SEADISTANCE (FIRSTPORTID, SECONDPORTID, SEADISTANCE) VALUES ('18200', '18454', 3883);
INSERT INTO SEADISTANCE (FIRSTPORTID, SECONDPORTID, SEADISTANCE) VALUES ('18200', '21206', 3614);
INSERT INTO SEADISTANCE (FIRSTPORTID, SECONDPORTID, SEADISTANCE) VALUES ('18200', '18867', 3721);
INSERT INTO SEADISTANCE (FIRSTPORTID, SECONDPORTID, SEADISTANCE) VALUES ('18200', '18937', 1020);
INSERT INTO SEADISTANCE (FIRSTPORTID, SECONDPORTID, SEADISTANCE) VALUES ('18200', '28082', 8259);
INSERT INTO SEADISTANCE (FIRSTPORTID, SECONDPORTID, SEADISTANCE) VALUES ('18200', '25350', 9665);
INSERT INTO SEADISTANCE (FIRSTPORTID, SECONDPORTID, SEADISTANCE) VALUES ('18200', '20847', 902);
INSERT INTO SEADISTANCE (FIRSTPORTID, SECONDPORTID, SEADISTANCE) VALUES ('18200', '13176', 451);
INSERT INTO SEADISTANCE (FIRSTPORTID, SECONDPORTID, SEADISTANCE) VALUES ('18200', '21451', 6099);
INSERT INTO SEADISTANCE (FIRSTPORTID, SECONDPORTID, SEADISTANCE) VALUES ('18200', '23247', 2596);
INSERT INTO SEADISTANCE (FIRSTPORTID, SECONDPORTID, SEADISTANCE) VALUES ('18200', '19473', 2575);
INSERT INTO SEADISTANCE (FIRSTPORTID, SECONDPORTID, SEADISTANCE) VALUES ('19473', '246265', 3080);
INSERT INTO SEADISTANCE (FIRSTPORTID, SECONDPORTID, SEADISTANCE) VALUES ('19473', '21863', 2784);
INSERT INTO SEADISTANCE (FIRSTPORTID, SECONDPORTID, SEADISTANCE) VALUES ('19473', '216593', 4774);
INSERT INTO SEADISTANCE (FIRSTPORTID, SECONDPORTID, SEADISTANCE) VALUES ('19473', '17386', 1810);
INSERT INTO SEADISTANCE (FIRSTPORTID, SECONDPORTID, SEADISTANCE) VALUES ('19473', '18137', 3681);
INSERT INTO SEADISTANCE (FIRSTPORTID, SECONDPORTID, SEADISTANCE) VALUES ('19473', '26147', 577);
INSERT INTO SEADISTANCE (FIRSTPORTID, SECONDPORTID, SEADISTANCE) VALUES ('19473', '20826', 3221);
INSERT INTO SEADISTANCE (FIRSTPORTID, SECONDPORTID, SEADISTANCE) VALUES ('19473', '18012', 411);
INSERT INTO SEADISTANCE (FIRSTPORTID, SECONDPORTID, SEADISTANCE) VALUES ('19473', '28261', 5128);
INSERT INTO SEADISTANCE (FIRSTPORTID, SECONDPORTID, SEADISTANCE) VALUES ('19473', '30045', 6114);
INSERT INTO SEADISTANCE (FIRSTPORTID, SECONDPORTID, SEADISTANCE) VALUES ('19473', '28313', 4520);
INSERT INTO SEADISTANCE (FIRSTPORTID, SECONDPORTID, SEADISTANCE) VALUES ('19473', '14459', 3291);
INSERT INTO SEADISTANCE (FIRSTPORTID, SECONDPORTID, SEADISTANCE) VALUES ('19473', '10563', 651);
INSERT INTO SEADISTANCE (FIRSTPORTID, SECONDPORTID, SEADISTANCE) VALUES ('19473', '216592', 4735);
INSERT INTO SEADISTANCE (FIRSTPORTID, SECONDPORTID, SEADISTANCE) VALUES ('19473', '15107', 5515);
INSERT INTO SEADISTANCE (FIRSTPORTID, SECONDPORTID, SEADISTANCE) VALUES ('19473', '29749', 562);
INSERT INTO SEADISTANCE (FIRSTPORTID, SECONDPORTID, SEADISTANCE) VALUES ('19473', '18326', 76);
INSERT INTO SEADISTANCE (FIRSTPORTID, SECONDPORTID, SEADISTANCE) VALUES ('19473', '14226', 5254);
INSERT INTO SEADISTANCE (FIRSTPORTID, SECONDPORTID, SEADISTANCE) VALUES ('19473', '213737', 3486);
INSERT INTO SEADISTANCE (FIRSTPORTID, SECONDPORTID, SEADISTANCE) VALUES ('19473', '23428', 1465);
INSERT INTO SEADISTANCE (FIRSTPORTID, SECONDPORTID, SEADISTANCE) VALUES ('19473', '14470', 3415);
INSERT INTO SEADISTANCE (FIRSTPORTID, SECONDPORTID, SEADISTANCE) VALUES ('19473', '12543', 917);
INSERT INTO SEADISTANCE (FIRSTPORTID, SECONDPORTID, SEADISTANCE) VALUES ('19473', '11174', 2142);
INSERT INTO SEADISTANCE (FIRSTPORTID, SECONDPORTID, SEADISTANCE) VALUES ('19473', '29876', 5611);
INSERT INTO SEADISTANCE (FIRSTPORTID, SECONDPORTID, SEADISTANCE) VALUES ('19473', '22226', 2716);
INSERT INTO SEADISTANCE (FIRSTPORTID, SECONDPORTID, SEADISTANCE) VALUES ('19473', '224858', 347);
INSERT INTO SEADISTANCE (FIRSTPORTID, SECONDPORTID, SEADISTANCE) VALUES ('19473', '16485', 1201);
INSERT INTO SEADISTANCE (FIRSTPORTID, SECONDPORTID, SEADISTANCE) VALUES ('19473', '24795', 2939);
INSERT INTO SEADISTANCE (FIRSTPORTID, SECONDPORTID, SEADISTANCE) VALUES ('19473', '11771', 952);
INSERT INTO SEADISTANCE (FIRSTPORTID, SECONDPORTID, SEADISTANCE) VALUES ('19473', '21381', 2939);
INSERT INTO SEADISTANCE (FIRSTPORTID, SECONDPORTID, SEADISTANCE) VALUES ('19473', '16737', 1256);
INSERT INTO SEADISTANCE (FIRSTPORTID, SECONDPORTID, SEADISTANCE) VALUES ('19473', '13012', 864);
INSERT INTO SEADISTANCE (FIRSTPORTID, SECONDPORTID, SEADISTANCE) VALUES ('19473', '29002', 627);
INSERT INTO SEADISTANCE (FIRSTPORTID, SECONDPORTID, SEADISTANCE) VALUES ('19473', '29239', 124);
INSERT INTO SEADISTANCE (FIRSTPORTID, SECONDPORTID, SEADISTANCE) VALUES ('19473', '14635', 7686);
INSERT INTO SEADISTANCE (FIRSTPORTID, SECONDPORTID, SEADISTANCE) VALUES ('19473', '20512', 535);
INSERT INTO SEADISTANCE (FIRSTPORTID, SECONDPORTID, SEADISTANCE) VALUES ('19473', '14277', 6499);
INSERT INTO SEADISTANCE (FIRSTPORTID, SECONDPORTID, SEADISTANCE) VALUES ('19473', '10860', 6549);
INSERT INTO SEADISTANCE (FIRSTPORTID, SECONDPORTID, SEADISTANCE) VALUES ('19473', '22522', 3256);
INSERT INTO SEADISTANCE (FIRSTPORTID, SECONDPORTID, SEADISTANCE) VALUES ('19473', '21457', 2064);
INSERT INTO SEADISTANCE (FIRSTPORTID, SECONDPORTID, SEADISTANCE) VALUES ('19473', '17941', 6178);
INSERT INTO SEADISTANCE (FIRSTPORTID, SECONDPORTID, SEADISTANCE) VALUES ('19473', '27728', 1170);
INSERT INTO SEADISTANCE (FIRSTPORTID, SECONDPORTID, SEADISTANCE) VALUES ('19473', '25007', 3324);
INSERT INTO SEADISTANCE (FIRSTPORTID, SECONDPORTID, SEADISTANCE) VALUES ('19473', '21852', 2776);
INSERT INTO SEADISTANCE (FIRSTPORTID, SECONDPORTID, SEADISTANCE) VALUES ('19473', '22770', 2939);
INSERT INTO SEADISTANCE (FIRSTPORTID, SECONDPORTID, SEADISTANCE) VALUES ('19473', '18682', 3698);
INSERT INTO SEADISTANCE (FIRSTPORTID, SECONDPORTID, SEADISTANCE) VALUES ('19473', '28781', 4819);
INSERT INTO SEADISTANCE (FIRSTPORTID, SECONDPORTID, SEADISTANCE) VALUES ('19473', '29973', 5663);
INSERT INTO SEADISTANCE (FIRSTPORTID, SECONDPORTID, SEADISTANCE) VALUES ('19473', '24951', 2903);
INSERT INTO SEADISTANCE (FIRSTPORTID, SECONDPORTID, SEADISTANCE) VALUES ('19473', '20301', 5885);
INSERT INTO SEADISTANCE (FIRSTPORTID, SECONDPORTID, SEADISTANCE) VALUES ('19473', '20072', 760);
INSERT INTO SEADISTANCE (FIRSTPORTID, SECONDPORTID, SEADISTANCE) VALUES ('19473', '20351', 4492);
INSERT INTO SEADISTANCE (FIRSTPORTID, SECONDPORTID, SEADISTANCE) VALUES ('19473', '27792', 7576);
INSERT INTO SEADISTANCE (FIRSTPORTID, SECONDPORTID, SEADISTANCE) VALUES ('19473', '27248', 5364);
INSERT INTO SEADISTANCE (FIRSTPORTID, SECONDPORTID, SEADISTANCE) VALUES ('19473', '13390', 1046);
INSERT INTO SEADISTANCE (FIRSTPORTID, SECONDPORTID, SEADISTANCE) VALUES ('19473', '21556', 2783);
INSERT INTO SEADISTANCE (FIRSTPORTID, SECONDPORTID, SEADISTANCE) VALUES ('19473', '18454', 1342);
INSERT INTO SEADISTANCE (FIRSTPORTID, SECONDPORTID, SEADISTANCE) VALUES ('19473', '21206', 1073);
INSERT INTO SEADISTANCE (FIRSTPORTID, SECONDPORTID, SEADISTANCE) VALUES ('19473', '18867', 1180);
INSERT INTO SEADISTANCE (FIRSTPORTID, SECONDPORTID, SEADISTANCE) VALUES ('19473', '18937', 1682);
INSERT INTO SEADISTANCE (FIRSTPORTID, SECONDPORTID, SEADISTANCE) VALUES ('19473', '28082', 7389);
INSERT INTO SEADISTANCE (FIRSTPORTID, SECONDPORTID, SEADISTANCE) VALUES ('19473', '25350', 8795);
INSERT INTO SEADISTANCE (FIRSTPORTID, SECONDPORTID, SEADISTANCE) VALUES ('19473', '20847', 3244);
INSERT INTO SEADISTANCE (FIRSTPORTID, SECONDPORTID, SEADISTANCE) VALUES ('19473', '13176', 2959);
INSERT INTO SEADISTANCE (FIRSTPORTID, SECONDPORTID, SEADISTANCE) VALUES ('19473', '21451', 5038);
INSERT INTO SEADISTANCE (FIRSTPORTID, SECONDPORTID, SEADISTANCE) VALUES ('19473', '23247', 37);
INSERT INTO SEADISTANCE (FIRSTPORTID, SECONDPORTID, SEADISTANCE) VALUES ('11180', '26147', 887);
INSERT INTO SEADISTANCE (FIRSTPORTID, SECONDPORTID, SEADISTANCE) VALUES ('18476', '13176', 2646);
INSERT INTO SEADISTANCE (FIRSTPORTID, SECONDPORTID, SEADISTANCE) VALUES ('18476', '21451', 3841);
INSERT INTO SEADISTANCE (FIRSTPORTID, SECONDPORTID, SEADISTANCE) VALUES ('18476', '23247', 1495);
INSERT INTO SEADISTANCE (FIRSTPORTID, SECONDPORTID, SEADISTANCE) VALUES ('18476', '19473', 1474);
INSERT INTO SEADISTANCE (FIRSTPORTID, SECONDPORTID, SEADISTANCE) VALUES ('18682', '246265', 588);
INSERT INTO SEADISTANCE (FIRSTPORTID, SECONDPORTID, SEADISTANCE) VALUES ('18682', '21863', 963);
INSERT INTO SEADISTANCE (FIRSTPORTID, SECONDPORTID, SEADISTANCE) VALUES ('18682', '216593', 6767);
INSERT INTO SEADISTANCE (FIRSTPORTID, SECONDPORTID, SEADISTANCE) VALUES ('18682', '17386', 2072);
INSERT INTO SEADISTANCE (FIRSTPORTID, SECONDPORTID, SEADISTANCE) VALUES ('18682', '26147', 4215);
INSERT INTO SEADISTANCE (FIRSTPORTID, SECONDPORTID, SEADISTANCE) VALUES ('18682', '30045', 8107);
INSERT INTO SEADISTANCE (FIRSTPORTID, SECONDPORTID, SEADISTANCE) VALUES ('18682', '14459', 579);
INSERT INTO SEADISTANCE (FIRSTPORTID, SECONDPORTID, SEADISTANCE) VALUES ('18682', '216592', 6728);
INSERT INTO SEADISTANCE (FIRSTPORTID, SECONDPORTID, SEADISTANCE) VALUES ('18682', '29749', 3599);
INSERT INTO SEADISTANCE (FIRSTPORTID, SECONDPORTID, SEADISTANCE) VALUES ('18682', '213737', 324);
INSERT INTO SEADISTANCE (FIRSTPORTID, SECONDPORTID, SEADISTANCE) VALUES ('18682', '23428', 3011);
INSERT INTO SEADISTANCE (FIRSTPORTID, SECONDPORTID, SEADISTANCE) VALUES ('18682', '14470', 626);
INSERT INTO SEADISTANCE (FIRSTPORTID, SECONDPORTID, SEADISTANCE) VALUES ('18682', '12543', 4581);
INSERT INTO SEADISTANCE (FIRSTPORTID, SECONDPORTID, SEADISTANCE) VALUES ('18682', '11174', 1888);
INSERT INTO SEADISTANCE (FIRSTPORTID, SECONDPORTID, SEADISTANCE) VALUES ('18682', '224858', 4017);
INSERT INTO SEADISTANCE (FIRSTPORTID, SECONDPORTID, SEADISTANCE) VALUES ('18682', '24795', 1751);
INSERT INTO SEADISTANCE (FIRSTPORTID, SECONDPORTID, SEADISTANCE) VALUES ('18682', '11771', 4616);
INSERT INTO SEADISTANCE (FIRSTPORTID, SECONDPORTID, SEADISTANCE) VALUES ('18682', '21381', 1751);
INSERT INTO SEADISTANCE (FIRSTPORTID, SECONDPORTID, SEADISTANCE) VALUES ('18682', '13012', 2857);
INSERT INTO SEADISTANCE (FIRSTPORTID, SECONDPORTID, SEADISTANCE) VALUES ('18682', '29002', 3669);
INSERT INTO SEADISTANCE (FIRSTPORTID, SECONDPORTID, SEADISTANCE) VALUES ('18682', '29239', 3723);
INSERT INTO SEADISTANCE (FIRSTPORTID, SECONDPORTID, SEADISTANCE) VALUES ('18682', '14635', 9679);
INSERT INTO SEADISTANCE (FIRSTPORTID, SECONDPORTID, SEADISTANCE) VALUES ('18682', '20512', 4199);
INSERT INTO SEADISTANCE (FIRSTPORTID, SECONDPORTID, SEADISTANCE) VALUES ('18682', '14277', 8492);
INSERT INTO SEADISTANCE (FIRSTPORTID, SECONDPORTID, SEADISTANCE) VALUES ('18682', '10860', 8542);
INSERT INTO SEADISTANCE (FIRSTPORTID, SECONDPORTID, SEADISTANCE) VALUES ('18682', '22522', 1353);
INSERT INTO SEADISTANCE (FIRSTPORTID, SECONDPORTID, SEADISTANCE) VALUES ('18682', '21457', 1916);
INSERT INTO SEADISTANCE (FIRSTPORTID, SECONDPORTID, SEADISTANCE) VALUES ('18682', '17941', 7595);
INSERT INTO SEADISTANCE (FIRSTPORTID, SECONDPORTID, SEADISTANCE) VALUES ('18682', '27728', 4811);
INSERT INTO SEADISTANCE (FIRSTPORTID, SECONDPORTID, SEADISTANCE) VALUES ('18682', '25007', 5616);
INSERT INTO SEADISTANCE (FIRSTPORTID, SECONDPORTID, SEADISTANCE) VALUES ('18682', '21852', 955);
INSERT INTO SEADISTANCE (FIRSTPORTID, SECONDPORTID, SEADISTANCE) VALUES ('18682', '22770', 1751);
INSERT INTO SEADISTANCE (FIRSTPORTID, SECONDPORTID, SEADISTANCE) VALUES ('18682', '29973', 7656);
INSERT INTO SEADISTANCE (FIRSTPORTID, SECONDPORTID, SEADISTANCE) VALUES ('18682', '20072', 4424);
INSERT INTO SEADISTANCE (FIRSTPORTID, SECONDPORTID, SEADISTANCE) VALUES ('18682', '13390', 2687);
INSERT INTO SEADISTANCE (FIRSTPORTID, SECONDPORTID, SEADISTANCE) VALUES ('18682', '18454', 5006);
INSERT INTO SEADISTANCE (FIRSTPORTID, SECONDPORTID, SEADISTANCE) VALUES ('18682', '21206', 4737);
INSERT INTO SEADISTANCE (FIRSTPORTID, SECONDPORTID, SEADISTANCE) VALUES ('18682', '18937', 2153);
INSERT INTO SEADISTANCE (FIRSTPORTID, SECONDPORTID, SEADISTANCE) VALUES ('18682', '13176', 1772);
INSERT INTO SEADISTANCE (FIRSTPORTID, SECONDPORTID, SEADISTANCE) VALUES ('18682', '21451', 7222);
INSERT INTO SEADISTANCE (FIRSTPORTID, SECONDPORTID, SEADISTANCE) VALUES ('18682', '23247', 3719);
INSERT INTO SEADISTANCE (FIRSTPORTID, SECONDPORTID, SEADISTANCE) VALUES ('28781', '246265', 6243);
INSERT INTO SEADISTANCE (FIRSTPORTID, SECONDPORTID, SEADISTANCE) VALUES ('28781', '21863', 5947);
INSERT INTO SEADISTANCE (FIRSTPORTID, SECONDPORTID, SEADISTANCE) VALUES ('28781', '216593', 231);
INSERT INTO SEADISTANCE (FIRSTPORTID, SECONDPORTID, SEADISTANCE) VALUES ('28781', '17386', 4973);
INSERT INTO SEADISTANCE (FIRSTPORTID, SECONDPORTID, SEADISTANCE) VALUES ('28781', '18137', 6844);
INSERT INTO SEADISTANCE (FIRSTPORTID, SECONDPORTID, SEADISTANCE) VALUES ('28781', '26147', 4907);
INSERT INTO SEADISTANCE (FIRSTPORTID, SECONDPORTID, SEADISTANCE) VALUES ('28781', '18012', 4505);
INSERT INTO SEADISTANCE (FIRSTPORTID, SECONDPORTID, SEADISTANCE) VALUES ('28781', '30045', 1571);
INSERT INTO SEADISTANCE (FIRSTPORTID, SECONDPORTID, SEADISTANCE) VALUES ('28781', '14459', 6454);
INSERT INTO SEADISTANCE (FIRSTPORTID, SECONDPORTID, SEADISTANCE) VALUES ('28781', '10563', 5217);
INSERT INTO SEADISTANCE (FIRSTPORTID, SECONDPORTID, SEADISTANCE) VALUES ('28781', '216592', 192);
INSERT INTO SEADISTANCE (FIRSTPORTID, SECONDPORTID, SEADISTANCE) VALUES ('28781', '15107', 972);
INSERT INTO SEADISTANCE (FIRSTPORTID, SECONDPORTID, SEADISTANCE) VALUES ('28781', '29749', 4534);
INSERT INTO SEADISTANCE (FIRSTPORTID, SECONDPORTID, SEADISTANCE) VALUES ('28781', '18326', 4791);
INSERT INTO SEADISTANCE (FIRSTPORTID, SECONDPORTID, SEADISTANCE) VALUES ('28781', '14226', 711);
INSERT INTO SEADISTANCE (FIRSTPORTID, SECONDPORTID, SEADISTANCE) VALUES ('28781', '213737', 6649);
INSERT INTO SEADISTANCE (FIRSTPORTID, SECONDPORTID, SEADISTANCE) VALUES ('28781', '23428', 3880);
INSERT INTO SEADISTANCE (FIRSTPORTID, SECONDPORTID, SEADISTANCE) VALUES ('28781', '14470', 6578);
INSERT INTO SEADISTANCE (FIRSTPORTID, SECONDPORTID, SEADISTANCE) VALUES ('28781', '12543', 5483);
INSERT INTO SEADISTANCE (FIRSTPORTID, SECONDPORTID, SEADISTANCE) VALUES ('28781', '11174', 5305);
INSERT INTO SEADISTANCE (FIRSTPORTID, SECONDPORTID, SEADISTANCE) VALUES ('28781', '29876', 1068);
INSERT INTO SEADISTANCE (FIRSTPORTID, SECONDPORTID, SEADISTANCE) VALUES ('28781', '224858', 5138);
INSERT INTO SEADISTANCE (FIRSTPORTID, SECONDPORTID, SEADISTANCE) VALUES ('28781', '16485', 5767);
INSERT INTO SEADISTANCE (FIRSTPORTID, SECONDPORTID, SEADISTANCE) VALUES ('28781', '24795', 6102);
INSERT INTO SEADISTANCE (FIRSTPORTID, SECONDPORTID, SEADISTANCE) VALUES ('28781', '11771', 5518);
INSERT INTO SEADISTANCE (FIRSTPORTID, SECONDPORTID, SEADISTANCE) VALUES ('28781', '21381', 6102);
INSERT INTO SEADISTANCE (FIRSTPORTID, SECONDPORTID, SEADISTANCE) VALUES ('28781', '16737', 5822);
INSERT INTO SEADISTANCE (FIRSTPORTID, SECONDPORTID, SEADISTANCE) VALUES ('28781', '13012', 4322);
INSERT INTO SEADISTANCE (FIRSTPORTID, SECONDPORTID, SEADISTANCE) VALUES ('28781', '29002', 4613);
INSERT INTO SEADISTANCE (FIRSTPORTID, SECONDPORTID, SEADISTANCE) VALUES ('28781', '29239', 4844);
INSERT INTO SEADISTANCE (FIRSTPORTID, SECONDPORTID, SEADISTANCE) VALUES ('28781', '14635', 3143);
INSERT INTO SEADISTANCE (FIRSTPORTID, SECONDPORTID, SEADISTANCE) VALUES ('28781', '20512', 5090);
INSERT INTO SEADISTANCE (FIRSTPORTID, SECONDPORTID, SEADISTANCE) VALUES ('28781', '14277', 1956);
INSERT INTO SEADISTANCE (FIRSTPORTID, SECONDPORTID, SEADISTANCE) VALUES ('28781', '10860', 2006);
INSERT INTO SEADISTANCE (FIRSTPORTID, SECONDPORTID, SEADISTANCE) VALUES ('28781', '22522', 6419);
INSERT INTO SEADISTANCE (FIRSTPORTID, SECONDPORTID, SEADISTANCE) VALUES ('28781', '21457', 5227);
INSERT INTO SEADISTANCE (FIRSTPORTID, SECONDPORTID, SEADISTANCE) VALUES ('28781', '17941', 5310);
INSERT INTO SEADISTANCE (FIRSTPORTID, SECONDPORTID, SEADISTANCE) VALUES ('28781', '27728', 5308);
INSERT INTO SEADISTANCE (FIRSTPORTID, SECONDPORTID, SEADISTANCE) VALUES ('28781', '25007', 2051);
INSERT INTO SEADISTANCE (FIRSTPORTID, SECONDPORTID, SEADISTANCE) VALUES ('28781', '21852', 5939);
INSERT INTO SEADISTANCE (FIRSTPORTID, SECONDPORTID, SEADISTANCE) VALUES ('28781', '22770', 6102);
INSERT INTO SEADISTANCE (FIRSTPORTID, SECONDPORTID, SEADISTANCE) VALUES ('28781', '18682', 6861);
INSERT INTO SEADISTANCE (FIRSTPORTID, SECONDPORTID, SEADISTANCE) VALUES ('28781', '29973', 1120);
INSERT INTO SEADISTANCE (FIRSTPORTID, SECONDPORTID, SEADISTANCE) VALUES ('28781', '24951', 6066);
INSERT INTO SEADISTANCE (FIRSTPORTID, SECONDPORTID, SEADISTANCE) VALUES ('28781', '20072', 5326);
INSERT INTO SEADISTANCE (FIRSTPORTID, SECONDPORTID, SEADISTANCE) VALUES ('28781', '13390', 4302);
INSERT INTO SEADISTANCE (FIRSTPORTID, SECONDPORTID, SEADISTANCE) VALUES ('28781', '21556', 5946);
INSERT INTO SEADISTANCE (FIRSTPORTID, SECONDPORTID, SEADISTANCE) VALUES ('28781', '18454', 5908);
INSERT INTO SEADISTANCE (FIRSTPORTID, SECONDPORTID, SEADISTANCE) VALUES ('28781', '21206', 5639);
INSERT INTO SEADISTANCE (FIRSTPORTID, SECONDPORTID, SEADISTANCE) VALUES ('28781', '18867', 5746);
INSERT INTO SEADISTANCE (FIRSTPORTID, SECONDPORTID, SEADISTANCE) VALUES ('28781', '18937', 4845);
INSERT INTO SEADISTANCE (FIRSTPORTID, SECONDPORTID, SEADISTANCE) VALUES ('28781', '13176', 6122);
INSERT INTO SEADISTANCE (FIRSTPORTID, SECONDPORTID, SEADISTANCE) VALUES ('28781', '21451', 1363);
INSERT INTO SEADISTANCE (FIRSTPORTID, SECONDPORTID, SEADISTANCE) VALUES ('28781', '23247', 4840);
INSERT INTO SEADISTANCE (FIRSTPORTID, SECONDPORTID, SEADISTANCE) VALUES ('29973', '246265', 7038);
INSERT INTO SEADISTANCE (FIRSTPORTID, SECONDPORTID, SEADISTANCE) VALUES ('29973', '216593', 889);
INSERT INTO SEADISTANCE (FIRSTPORTID, SECONDPORTID, SEADISTANCE) VALUES ('29973', '17386', 5768);
INSERT INTO SEADISTANCE (FIRSTPORTID, SECONDPORTID, SEADISTANCE) VALUES ('29973', '26147', 5762);
INSERT INTO SEADISTANCE (FIRSTPORTID, SECONDPORTID, SEADISTANCE) VALUES ('29973', '30045', 1763);
INSERT INTO SEADISTANCE (FIRSTPORTID, SECONDPORTID, SEADISTANCE) VALUES ('29973', '14459', 7249);
INSERT INTO SEADISTANCE (FIRSTPORTID, SECONDPORTID, SEADISTANCE) VALUES ('29973', '216592', 928);
INSERT INTO SEADISTANCE (FIRSTPORTID, SECONDPORTID, SEADISTANCE) VALUES ('29973', '29749', 5389);
INSERT INTO SEADISTANCE (FIRSTPORTID, SECONDPORTID, SEADISTANCE) VALUES ('29973', '213737', 7444);
INSERT INTO SEADISTANCE (FIRSTPORTID, SECONDPORTID, SEADISTANCE) VALUES ('29973', '23428', 4667);
INSERT INTO SEADISTANCE (FIRSTPORTID, SECONDPORTID, SEADISTANCE) VALUES ('29973', '14470', 7373);
INSERT INTO SEADISTANCE (FIRSTPORTID, SECONDPORTID, SEADISTANCE) VALUES ('29973', '12543', 6338);
INSERT INTO SEADISTANCE (FIRSTPORTID, SECONDPORTID, SEADISTANCE) VALUES ('29973', '11174', 6100);
INSERT INTO SEADISTANCE (FIRSTPORTID, SECONDPORTID, SEADISTANCE) VALUES ('29973', '24795', 6897);
INSERT INTO SEADISTANCE (FIRSTPORTID, SECONDPORTID, SEADISTANCE) VALUES ('29973', '11771', 6373);
INSERT INTO SEADISTANCE (FIRSTPORTID, SECONDPORTID, SEADISTANCE) VALUES ('29973', '21381', 6897);
INSERT INTO SEADISTANCE (FIRSTPORTID, SECONDPORTID, SEADISTANCE) VALUES ('29973', '13012', 5118);
INSERT INTO SEADISTANCE (FIRSTPORTID, SECONDPORTID, SEADISTANCE) VALUES ('29973', '29002', 5468);
INSERT INTO SEADISTANCE (FIRSTPORTID, SECONDPORTID, SEADISTANCE) VALUES ('29973', '29239', 5688);
INSERT INTO SEADISTANCE (FIRSTPORTID, SECONDPORTID, SEADISTANCE) VALUES ('29973', '14635', 2047);
INSERT INTO SEADISTANCE (FIRSTPORTID, SECONDPORTID, SEADISTANCE) VALUES ('29973', '20512', 5945);
INSERT INTO SEADISTANCE (FIRSTPORTID, SECONDPORTID, SEADISTANCE) VALUES ('29973', '14277', 854);
INSERT INTO SEADISTANCE (FIRSTPORTID, SECONDPORTID, SEADISTANCE) VALUES ('29973', '10860', 2204);
INSERT INTO SEADISTANCE (FIRSTPORTID, SECONDPORTID, SEADISTANCE) VALUES ('29973', '22522', 7214);
INSERT INTO SEADISTANCE (FIRSTPORTID, SECONDPORTID, SEADISTANCE) VALUES ('29973', '21457', 6022);
INSERT INTO SEADISTANCE (FIRSTPORTID, SECONDPORTID, SEADISTANCE) VALUES ('29973', '17941', 5588);
INSERT INTO SEADISTANCE (FIRSTPORTID, SECONDPORTID, SEADISTANCE) VALUES ('29973', '27728', 6163);
INSERT INTO SEADISTANCE (FIRSTPORTID, SECONDPORTID, SEADISTANCE) VALUES ('29973', '25007', 2907);
INSERT INTO SEADISTANCE (FIRSTPORTID, SECONDPORTID, SEADISTANCE) VALUES ('29973', '22770', 6897);
INSERT INTO SEADISTANCE (FIRSTPORTID, SECONDPORTID, SEADISTANCE) VALUES ('29973', '13390', 5098);
INSERT INTO SEADISTANCE (FIRSTPORTID, SECONDPORTID, SEADISTANCE) VALUES ('29973', '18454', 6763);
INSERT INTO SEADISTANCE (FIRSTPORTID, SECONDPORTID, SEADISTANCE) VALUES ('29973', '21206', 6494);
INSERT INTO SEADISTANCE (FIRSTPORTID, SECONDPORTID, SEADISTANCE) VALUES ('29973', '18937', 5640);
INSERT INTO SEADISTANCE (FIRSTPORTID, SECONDPORTID, SEADISTANCE) VALUES ('29973', '13176', 6917);
INSERT INTO SEADISTANCE (FIRSTPORTID, SECONDPORTID, SEADISTANCE) VALUES ('29973', '21451', 2338);
INSERT INTO SEADISTANCE (FIRSTPORTID, SECONDPORTID, SEADISTANCE) VALUES ('29973', '23247', 5684);
INSERT INTO SEADISTANCE (FIRSTPORTID, SECONDPORTID, SEADISTANCE) VALUES ('24951', '246265', 1097);
INSERT INTO SEADISTANCE (FIRSTPORTID, SECONDPORTID, SEADISTANCE) VALUES ('24951', '21863', 808);
INSERT INTO SEADISTANCE (FIRSTPORTID, SECONDPORTID, SEADISTANCE) VALUES ('24951', '216593', 5972);
INSERT INTO SEADISTANCE (FIRSTPORTID, SECONDPORTID, SEADISTANCE) VALUES ('24951', '17386', 1260);
INSERT INTO SEADISTANCE (FIRSTPORTID, SECONDPORTID, SEADISTANCE) VALUES ('24951', '18137', 1698);
INSERT INTO SEADISTANCE (FIRSTPORTID, SECONDPORTID, SEADISTANCE) VALUES ('24951', '26147', 3420);
INSERT INTO SEADISTANCE (FIRSTPORTID, SECONDPORTID, SEADISTANCE) VALUES ('24951', '18012', 2550);
INSERT INTO SEADISTANCE (FIRSTPORTID, SECONDPORTID, SEADISTANCE) VALUES ('24951', '30045', 7312);
INSERT INTO SEADISTANCE (FIRSTPORTID, SECONDPORTID, SEADISTANCE) VALUES ('24951', '14459', 1308);
INSERT INTO SEADISTANCE (FIRSTPORTID, SECONDPORTID, SEADISTANCE) VALUES ('24951', '10563', 3520);
INSERT INTO SEADISTANCE (FIRSTPORTID, SECONDPORTID, SEADISTANCE) VALUES ('24951', '216592', 5933);
INSERT INTO SEADISTANCE (FIRSTPORTID, SECONDPORTID, SEADISTANCE) VALUES ('24951', '15107', 6713);
INSERT INTO SEADISTANCE (FIRSTPORTID, SECONDPORTID, SEADISTANCE) VALUES ('24951', '29749', 2804);
INSERT INTO SEADISTANCE (FIRSTPORTID, SECONDPORTID, SEADISTANCE) VALUES ('24951', '18326', 2870);
INSERT INTO SEADISTANCE (FIRSTPORTID, SECONDPORTID, SEADISTANCE) VALUES ('24951', '14226', 6452);
INSERT INTO SEADISTANCE (FIRSTPORTID, SECONDPORTID, SEADISTANCE) VALUES ('24951', '213737', 1503);
INSERT INTO SEADISTANCE (FIRSTPORTID, SECONDPORTID, SEADISTANCE) VALUES ('24951', '23428', 2216);
INSERT INTO SEADISTANCE (FIRSTPORTID, SECONDPORTID, SEADISTANCE) VALUES ('24951', '14470', 1432);
INSERT INTO SEADISTANCE (FIRSTPORTID, SECONDPORTID, SEADISTANCE) VALUES ('24951', '12543', 3786);
INSERT INTO SEADISTANCE (FIRSTPORTID, SECONDPORTID, SEADISTANCE) VALUES ('24951', '11174', 1071);
INSERT INTO SEADISTANCE (FIRSTPORTID, SECONDPORTID, SEADISTANCE) VALUES ('24951', '29876', 6809);
INSERT INTO SEADISTANCE (FIRSTPORTID, SECONDPORTID, SEADISTANCE) VALUES ('24951', '224858', 3222);
INSERT INTO SEADISTANCE (FIRSTPORTID, SECONDPORTID, SEADISTANCE) VALUES ('24951', '16485', 4070);
INSERT INTO SEADISTANCE (FIRSTPORTID, SECONDPORTID, SEADISTANCE) VALUES ('24951', '24795', 106);
INSERT INTO SEADISTANCE (FIRSTPORTID, SECONDPORTID, SEADISTANCE) VALUES ('24951', '11771', 3821);
INSERT INTO SEADISTANCE (FIRSTPORTID, SECONDPORTID, SEADISTANCE) VALUES ('24951', '21381', 106);
INSERT INTO SEADISTANCE (FIRSTPORTID, SECONDPORTID, SEADISTANCE) VALUES ('24951', '16737', 4125);
INSERT INTO SEADISTANCE (FIRSTPORTID, SECONDPORTID, SEADISTANCE) VALUES ('24951', '13012', 2062);
INSERT INTO SEADISTANCE (FIRSTPORTID, SECONDPORTID, SEADISTANCE) VALUES ('24951', '29002', 2874);
INSERT INTO SEADISTANCE (FIRSTPORTID, SECONDPORTID, SEADISTANCE) VALUES ('24951', '29239', 2928);
INSERT INTO SEADISTANCE (FIRSTPORTID, SECONDPORTID, SEADISTANCE) VALUES ('24951', '14635', 8884);
INSERT INTO SEADISTANCE (FIRSTPORTID, SECONDPORTID, SEADISTANCE) VALUES ('24951', '20512', 3404);
INSERT INTO SEADISTANCE (FIRSTPORTID, SECONDPORTID, SEADISTANCE) VALUES ('24951', '14277', 7697);
INSERT INTO SEADISTANCE (FIRSTPORTID, SECONDPORTID, SEADISTANCE) VALUES ('24951', '10860', 7747);
INSERT INTO SEADISTANCE (FIRSTPORTID, SECONDPORTID, SEADISTANCE) VALUES ('24951', '22522', 1279);
INSERT INTO SEADISTANCE (FIRSTPORTID, SECONDPORTID, SEADISTANCE) VALUES ('24951', '21457', 1100);
INSERT INTO SEADISTANCE (FIRSTPORTID, SECONDPORTID, SEADISTANCE) VALUES ('24951', '17941', 6800);
INSERT INTO SEADISTANCE (FIRSTPORTID, SECONDPORTID, SEADISTANCE) VALUES ('24951', '27728', 4016);
INSERT INTO SEADISTANCE (FIRSTPORTID, SECONDPORTID, SEADISTANCE) VALUES ('24951', '25007', 4821);
INSERT INTO SEADISTANCE (FIRSTPORTID, SECONDPORTID, SEADISTANCE) VALUES ('24951', '21852', 800);
INSERT INTO SEADISTANCE (FIRSTPORTID, SECONDPORTID, SEADISTANCE) VALUES ('24951', '22770', 106);
INSERT INTO SEADISTANCE (FIRSTPORTID, SECONDPORTID, SEADISTANCE) VALUES ('24951', '18682', 1715);
INSERT INTO SEADISTANCE (FIRSTPORTID, SECONDPORTID, SEADISTANCE) VALUES ('24951', '29973', 6861);
INSERT INTO SEADISTANCE (FIRSTPORTID, SECONDPORTID, SEADISTANCE) VALUES ('24951', '20072', 3629);
INSERT INTO SEADISTANCE (FIRSTPORTID, SECONDPORTID, SEADISTANCE) VALUES ('24951', '13390', 1892);
INSERT INTO SEADISTANCE (FIRSTPORTID, SECONDPORTID, SEADISTANCE) VALUES ('24951', '21556', 165);
INSERT INTO SEADISTANCE (FIRSTPORTID, SECONDPORTID, SEADISTANCE) VALUES ('24951', '18454', 4211);
INSERT INTO SEADISTANCE (FIRSTPORTID, SECONDPORTID, SEADISTANCE) VALUES ('24951', '21206', 3942);
INSERT INTO SEADISTANCE (FIRSTPORTID, SECONDPORTID, SEADISTANCE) VALUES ('24951', '18867', 4049);
INSERT INTO SEADISTANCE (FIRSTPORTID, SECONDPORTID, SEADISTANCE) VALUES ('24951', '18937', 1348);
INSERT INTO SEADISTANCE (FIRSTPORTID, SECONDPORTID, SEADISTANCE) VALUES ('24951', '13176', 129);
INSERT INTO SEADISTANCE (FIRSTPORTID, SECONDPORTID, SEADISTANCE) VALUES ('24951', '21451', 6427);
INSERT INTO SEADISTANCE (FIRSTPORTID, SECONDPORTID, SEADISTANCE) VALUES ('24951', '23247', 2924);
INSERT INTO SEADISTANCE (FIRSTPORTID, SECONDPORTID, SEADISTANCE) VALUES ('20301', '246265', 6683);
INSERT INTO SEADISTANCE (FIRSTPORTID, SECONDPORTID, SEADISTANCE) VALUES ('20301', '21863', 6387);
INSERT INTO SEADISTANCE (FIRSTPORTID, SECONDPORTID, SEADISTANCE) VALUES ('20301', '216593', 4993);
INSERT INTO SEADISTANCE (FIRSTPORTID, SECONDPORTID, SEADISTANCE) VALUES ('20301', '17386', 5413);
INSERT INTO SEADISTANCE (FIRSTPORTID, SECONDPORTID, SEADISTANCE) VALUES ('20301', '18137', 7284);
INSERT INTO SEADISTANCE (FIRSTPORTID, SECONDPORTID, SEADISTANCE) VALUES ('20301', '26147', 6394);
INSERT INTO SEADISTANCE (FIRSTPORTID, SECONDPORTID, SEADISTANCE) VALUES ('20301', '20826', 6824);
INSERT INTO SEADISTANCE (FIRSTPORTID, SECONDPORTID, SEADISTANCE) VALUES ('20301', '18012', 5532);
INSERT INTO SEADISTANCE (FIRSTPORTID, SECONDPORTID, SEADISTANCE) VALUES ('20301', '28261', 5252);
INSERT INTO SEADISTANCE (FIRSTPORTID, SECONDPORTID, SEADISTANCE) VALUES ('20301', '30045', 4191);
INSERT INTO SEADISTANCE (FIRSTPORTID, SECONDPORTID, SEADISTANCE) VALUES ('20301', '28313', 4720);
INSERT INTO SEADISTANCE (FIRSTPORTID, SECONDPORTID, SEADISTANCE) VALUES ('20301', '14459', 6894);
INSERT INTO SEADISTANCE (FIRSTPORTID, SECONDPORTID, SEADISTANCE) VALUES ('20301', '10563', 6502);
INSERT INTO SEADISTANCE (FIRSTPORTID, SECONDPORTID, SEADISTANCE) VALUES ('20301', '216592', 4954);
INSERT INTO SEADISTANCE (FIRSTPORTID, SECONDPORTID, SEADISTANCE) VALUES ('20301', '15107', 5734);
INSERT INTO SEADISTANCE (FIRSTPORTID, SECONDPORTID, SEADISTANCE) VALUES ('20301', '29749', 5762);
INSERT INTO SEADISTANCE (FIRSTPORTID, SECONDPORTID, SEADISTANCE) VALUES ('20301', '18326', 5852);
INSERT INTO SEADISTANCE (FIRSTPORTID, SECONDPORTID, SEADISTANCE) VALUES ('20301', '14226', 5012);
INSERT INTO SEADISTANCE (FIRSTPORTID, SECONDPORTID, SEADISTANCE) VALUES ('20301', '213737', 7089);
INSERT INTO SEADISTANCE (FIRSTPORTID, SECONDPORTID, SEADISTANCE) VALUES ('20301', '23428', 4430);
INSERT INTO SEADISTANCE (FIRSTPORTID, SECONDPORTID, SEADISTANCE) VALUES ('20301', '14470', 7018);
INSERT INTO SEADISTANCE (FIRSTPORTID, SECONDPORTID, SEADISTANCE) VALUES ('20301', '12543', 6768);
INSERT INTO SEADISTANCE (FIRSTPORTID, SECONDPORTID, SEADISTANCE) VALUES ('20301', '11174', 5745);
INSERT INTO SEADISTANCE (FIRSTPORTID, SECONDPORTID, SEADISTANCE) VALUES ('20301', '29876', 4834);
INSERT INTO SEADISTANCE (FIRSTPORTID, SECONDPORTID, SEADISTANCE) VALUES ('20301', '22226', 5321);
INSERT INTO SEADISTANCE (FIRSTPORTID, SECONDPORTID, SEADISTANCE) VALUES ('20301', '224858', 6204);
INSERT INTO SEADISTANCE (FIRSTPORTID, SECONDPORTID, SEADISTANCE) VALUES ('20301', '16485', 7052);
INSERT INTO SEADISTANCE (FIRSTPORTID, SECONDPORTID, SEADISTANCE) VALUES ('20301', '24795', 6542);
INSERT INTO SEADISTANCE (FIRSTPORTID, SECONDPORTID, SEADISTANCE) VALUES ('20301', '11771', 6803);
INSERT INTO SEADISTANCE (FIRSTPORTID, SECONDPORTID, SEADISTANCE) VALUES ('20301', '21381', 6542);
INSERT INTO SEADISTANCE (FIRSTPORTID, SECONDPORTID, SEADISTANCE) VALUES ('20301', '16737', 7107);
INSERT INTO SEADISTANCE (FIRSTPORTID, SECONDPORTID, SEADISTANCE) VALUES ('20301', '13012', 5082);
INSERT INTO SEADISTANCE (FIRSTPORTID, SECONDPORTID, SEADISTANCE) VALUES ('20301', '29002', 5841);
INSERT INTO SEADISTANCE (FIRSTPORTID, SECONDPORTID, SEADISTANCE) VALUES ('20301', '29239', 5910);
INSERT INTO SEADISTANCE (FIRSTPORTID, SECONDPORTID, SEADISTANCE) VALUES ('20301', '14635', 7401);
INSERT INTO SEADISTANCE (FIRSTPORTID, SECONDPORTID, SEADISTANCE) VALUES ('20301', '20512', 6386);
INSERT INTO SEADISTANCE (FIRSTPORTID, SECONDPORTID, SEADISTANCE) VALUES ('20301', '14277', 6314);
INSERT INTO SEADISTANCE (FIRSTPORTID, SECONDPORTID, SEADISTANCE) VALUES ('20301', '10860', 3903);
INSERT INTO SEADISTANCE (FIRSTPORTID, SECONDPORTID, SEADISTANCE) VALUES ('20301', '22522', 6859);
INSERT INTO SEADISTANCE (FIRSTPORTID, SECONDPORTID, SEADISTANCE) VALUES ('20301', '21457', 5667);
INSERT INTO SEADISTANCE (FIRSTPORTID, SECONDPORTID, SEADISTANCE) VALUES ('20301', '17941', 332);
INSERT INTO SEADISTANCE (FIRSTPORTID, SECONDPORTID, SEADISTANCE) VALUES ('20301', '27728', 6893);
INSERT INTO SEADISTANCE (FIRSTPORTID, SECONDPORTID, SEADISTANCE) VALUES ('20301', '25007', 5461);
INSERT INTO SEADISTANCE (FIRSTPORTID, SECONDPORTID, SEADISTANCE) VALUES ('20301', '21852', 6379);
INSERT INTO SEADISTANCE (FIRSTPORTID, SECONDPORTID, SEADISTANCE) VALUES ('20301', '22770', 6542);
INSERT INTO SEADISTANCE (FIRSTPORTID, SECONDPORTID, SEADISTANCE) VALUES ('20301', '18682', 7301);
INSERT INTO SEADISTANCE (FIRSTPORTID, SECONDPORTID, SEADISTANCE) VALUES ('20301', '28781', 5117);
INSERT INTO SEADISTANCE (FIRSTPORTID, SECONDPORTID, SEADISTANCE) VALUES ('20301', '29973', 5826);
INSERT INTO SEADISTANCE (FIRSTPORTID, SECONDPORTID, SEADISTANCE) VALUES ('20301', '24951', 6506);
INSERT INTO SEADISTANCE (FIRSTPORTID, SECONDPORTID, SEADISTANCE) VALUES ('20301', '20072', 6611);
INSERT INTO SEADISTANCE (FIRSTPORTID, SECONDPORTID, SEADISTANCE) VALUES ('20301', '20351', 1458);
INSERT INTO SEADISTANCE (FIRSTPORTID, SECONDPORTID, SEADISTANCE) VALUES ('20301', '27792', 2743);
INSERT INTO SEADISTANCE (FIRSTPORTID, SECONDPORTID, SEADISTANCE) VALUES ('20301', '27248', 608);
INSERT INTO SEADISTANCE (FIRSTPORTID, SECONDPORTID, SEADISTANCE) VALUES ('20301', '13390', 4942);
INSERT INTO SEADISTANCE (FIRSTPORTID, SECONDPORTID, SEADISTANCE) VALUES ('20301', '21556', 6386);
INSERT INTO SEADISTANCE (FIRSTPORTID, SECONDPORTID, SEADISTANCE) VALUES ('20301', '18454', 7193);
INSERT INTO SEADISTANCE (FIRSTPORTID, SECONDPORTID, SEADISTANCE) VALUES ('20301', '21206', 6924);
INSERT INTO SEADISTANCE (FIRSTPORTID, SECONDPORTID, SEADISTANCE) VALUES ('20301', '18867', 7031);
INSERT INTO SEADISTANCE (FIRSTPORTID, SECONDPORTID, SEADISTANCE) VALUES ('20301', '18937', 5285);
INSERT INTO SEADISTANCE (FIRSTPORTID, SECONDPORTID, SEADISTANCE) VALUES ('20301', '28082', 2963);
INSERT INTO SEADISTANCE (FIRSTPORTID, SECONDPORTID, SEADISTANCE) VALUES ('20301', '25350', 8540);
INSERT INTO SEADISTANCE (FIRSTPORTID, SECONDPORTID, SEADISTANCE) VALUES ('20301', '20847', 6847);
INSERT INTO SEADISTANCE (FIRSTPORTID, SECONDPORTID, SEADISTANCE) VALUES ('20301', '13176', 6562);
INSERT INTO SEADISTANCE (FIRSTPORTID, SECONDPORTID, SEADISTANCE) VALUES ('20301', '21451', 5963);
INSERT INTO SEADISTANCE (FIRSTPORTID, SECONDPORTID, SEADISTANCE) VALUES ('20301', '23247', 5906);
INSERT INTO SEADISTANCE (FIRSTPORTID, SECONDPORTID, SEADISTANCE) VALUES ('20072', '246265', 3806);
INSERT INTO SEADISTANCE (FIRSTPORTID, SECONDPORTID, SEADISTANCE) VALUES ('20072', '21863', 3510);
INSERT INTO SEADISTANCE (FIRSTPORTID, SECONDPORTID, SEADISTANCE) VALUES ('20072', '216593', 5292);
INSERT INTO SEADISTANCE (FIRSTPORTID, SECONDPORTID, SEADISTANCE) VALUES ('20072', '17386', 2536);
INSERT INTO SEADISTANCE (FIRSTPORTID, SECONDPORTID, SEADISTANCE) VALUES ('20072', '26147', 566);
INSERT INTO SEADISTANCE (FIRSTPORTID, SECONDPORTID, SEADISTANCE) VALUES ('20072', '30045', 6632);
INSERT INTO SEADISTANCE (FIRSTPORTID, SECONDPORTID, SEADISTANCE) VALUES ('20072', '14459', 4017);
INSERT INTO SEADISTANCE (FIRSTPORTID, SECONDPORTID, SEADISTANCE) VALUES ('20072', '216592', 5253);
INSERT INTO SEADISTANCE (FIRSTPORTID, SECONDPORTID, SEADISTANCE) VALUES ('20072', '29749', 1129);
INSERT INTO SEADISTANCE (FIRSTPORTID, SECONDPORTID, SEADISTANCE) VALUES ('20072', '213737', 4212);
INSERT INTO SEADISTANCE (FIRSTPORTID, SECONDPORTID, SEADISTANCE) VALUES ('20072', '23428', 2191);
INSERT INTO SEADISTANCE (FIRSTPORTID, SECONDPORTID, SEADISTANCE) VALUES ('20072', '14470', 4141);
INSERT INTO SEADISTANCE (FIRSTPORTID, SECONDPORTID, SEADISTANCE) VALUES ('20072', '12543', 277);
INSERT INTO SEADISTANCE (FIRSTPORTID, SECONDPORTID, SEADISTANCE) VALUES ('20072', '11174', 2868);
INSERT INTO SEADISTANCE (FIRSTPORTID, SECONDPORTID, SEADISTANCE) VALUES ('20072', '24795', 3665);
INSERT INTO SEADISTANCE (FIRSTPORTID, SECONDPORTID, SEADISTANCE) VALUES ('20072', '11771', 315);
INSERT INTO SEADISTANCE (FIRSTPORTID, SECONDPORTID, SEADISTANCE) VALUES ('20072', '21381', 3665);
INSERT INTO SEADISTANCE (FIRSTPORTID, SECONDPORTID, SEADISTANCE) VALUES ('20072', '13012', 1590);
INSERT INTO SEADISTANCE (FIRSTPORTID, SECONDPORTID, SEADISTANCE) VALUES ('20072', '29002', 1159);
INSERT INTO SEADISTANCE (FIRSTPORTID, SECONDPORTID, SEADISTANCE) VALUES ('20072', '29239', 814);
INSERT INTO SEADISTANCE (FIRSTPORTID, SECONDPORTID, SEADISTANCE) VALUES ('20072', '14635', 8204);
INSERT INTO SEADISTANCE (FIRSTPORTID, SECONDPORTID, SEADISTANCE) VALUES ('20072', '20512', 282);
INSERT INTO SEADISTANCE (FIRSTPORTID, SECONDPORTID, SEADISTANCE) VALUES ('20072', '14277', 7017);
INSERT INTO SEADISTANCE (FIRSTPORTID, SECONDPORTID, SEADISTANCE) VALUES ('20072', '10860', 7067);
INSERT INTO SEADISTANCE (FIRSTPORTID, SECONDPORTID, SEADISTANCE) VALUES ('20072', '22522', 3982);
INSERT INTO SEADISTANCE (FIRSTPORTID, SECONDPORTID, SEADISTANCE) VALUES ('20072', '21457', 2790);
INSERT INTO SEADISTANCE (FIRSTPORTID, SECONDPORTID, SEADISTANCE) VALUES ('20072', '17941', 6904);
INSERT INTO SEADISTANCE (FIRSTPORTID, SECONDPORTID, SEADISTANCE) VALUES ('20072', '27728', 1168);
INSERT INTO SEADISTANCE (FIRSTPORTID, SECONDPORTID, SEADISTANCE) VALUES ('20072', '25007', 3791);
INSERT INTO SEADISTANCE (FIRSTPORTID, SECONDPORTID, SEADISTANCE) VALUES ('20072', '21852', 3502);
INSERT INTO SEADISTANCE (FIRSTPORTID, SECONDPORTID, SEADISTANCE) VALUES ('20072', '22770', 3665);
INSERT INTO SEADISTANCE (FIRSTPORTID, SECONDPORTID, SEADISTANCE) VALUES ('20072', '29973', 6181);
INSERT INTO SEADISTANCE (FIRSTPORTID, SECONDPORTID, SEADISTANCE) VALUES ('20072', '13390', 1772);
INSERT INTO SEADISTANCE (FIRSTPORTID, SECONDPORTID, SEADISTANCE) VALUES ('20072', '18454', 721);
INSERT INTO SEADISTANCE (FIRSTPORTID, SECONDPORTID, SEADISTANCE) VALUES ('20072', '21206', 454);
INSERT INTO SEADISTANCE (FIRSTPORTID, SECONDPORTID, SEADISTANCE) VALUES ('20072', '18937', 2408);
INSERT INTO SEADISTANCE (FIRSTPORTID, SECONDPORTID, SEADISTANCE) VALUES ('20072', '13176', 3685);
INSERT INTO SEADISTANCE (FIRSTPORTID, SECONDPORTID, SEADISTANCE) VALUES ('20072', '21451', 5478);
INSERT INTO SEADISTANCE (FIRSTPORTID, SECONDPORTID, SEADISTANCE) VALUES ('20072', '23247', 763);
INSERT INTO SEADISTANCE (FIRSTPORTID, SECONDPORTID, SEADISTANCE) VALUES ('20351', '246265', 5297);
INSERT INTO SEADISTANCE (FIRSTPORTID, SECONDPORTID, SEADISTANCE) VALUES ('20351', '21863', 5001);
INSERT INTO SEADISTANCE (FIRSTPORTID, SECONDPORTID, SEADISTANCE) VALUES ('20351', '216593', 3599);
INSERT INTO SEADISTANCE (FIRSTPORTID, SECONDPORTID, SEADISTANCE) VALUES ('20351', '17386', 4027);
INSERT INTO SEADISTANCE (FIRSTPORTID, SECONDPORTID, SEADISTANCE) VALUES ('20351', '18137', 5898);
INSERT INTO SEADISTANCE (FIRSTPORTID, SECONDPORTID, SEADISTANCE) VALUES ('20351', '26147', 4996);
INSERT INTO SEADISTANCE (FIRSTPORTID, SECONDPORTID, SEADISTANCE) VALUES ('20351', '20826', 5438);
INSERT INTO SEADISTANCE (FIRSTPORTID, SECONDPORTID, SEADISTANCE) VALUES ('20351', '18012', 4139);
INSERT INTO SEADISTANCE (FIRSTPORTID, SECONDPORTID, SEADISTANCE) VALUES ('20351', '28261', 3953);
INSERT INTO SEADISTANCE (FIRSTPORTID, SECONDPORTID, SEADISTANCE) VALUES ('20351', '30045', 4939);
INSERT INTO SEADISTANCE (FIRSTPORTID, SECONDPORTID, SEADISTANCE) VALUES ('20351', '28313', 3325);
INSERT INTO SEADISTANCE (FIRSTPORTID, SECONDPORTID, SEADISTANCE) VALUES ('20351', '14459', 5508);
INSERT INTO SEADISTANCE (FIRSTPORTID, SECONDPORTID, SEADISTANCE) VALUES ('20351', '10563', 5109);
INSERT INTO SEADISTANCE (FIRSTPORTID, SECONDPORTID, SEADISTANCE) VALUES ('20351', '216592', 3560);
INSERT INTO SEADISTANCE (FIRSTPORTID, SECONDPORTID, SEADISTANCE) VALUES ('20351', '15107', 4340);
INSERT INTO SEADISTANCE (FIRSTPORTID, SECONDPORTID, SEADISTANCE) VALUES ('20351', '29749', 4368);
INSERT INTO SEADISTANCE (FIRSTPORTID, SECONDPORTID, SEADISTANCE) VALUES ('20351', '18326', 4459);
INSERT INTO SEADISTANCE (FIRSTPORTID, SECONDPORTID, SEADISTANCE) VALUES ('20351', '14226', 4079);
INSERT INTO SEADISTANCE (FIRSTPORTID, SECONDPORTID, SEADISTANCE) VALUES ('20351', '213737', 5703);
INSERT INTO SEADISTANCE (FIRSTPORTID, SECONDPORTID, SEADISTANCE) VALUES ('20351', '23428', 3038);
INSERT INTO SEADISTANCE (FIRSTPORTID, SECONDPORTID, SEADISTANCE) VALUES ('20351', '14470', 5632);
INSERT INTO SEADISTANCE (FIRSTPORTID, SECONDPORTID, SEADISTANCE) VALUES ('20351', '12543', 5375);
INSERT INTO SEADISTANCE (FIRSTPORTID, SECONDPORTID, SEADISTANCE) VALUES ('20351', '11174', 4359);
INSERT INTO SEADISTANCE (FIRSTPORTID, SECONDPORTID, SEADISTANCE) VALUES ('20351', '29876', 4436);
INSERT INTO SEADISTANCE (FIRSTPORTID, SECONDPORTID, SEADISTANCE) VALUES ('20351', '22226', 3927);
INSERT INTO SEADISTANCE (FIRSTPORTID, SECONDPORTID, SEADISTANCE) VALUES ('20351', '224858', 4811);
INSERT INTO SEADISTANCE (FIRSTPORTID, SECONDPORTID, SEADISTANCE) VALUES ('20351', '16485', 5659);
INSERT INTO SEADISTANCE (FIRSTPORTID, SECONDPORTID, SEADISTANCE) VALUES ('20351', '24795', 5156);
INSERT INTO SEADISTANCE (FIRSTPORTID, SECONDPORTID, SEADISTANCE) VALUES ('20351', '11771', 5410);
INSERT INTO SEADISTANCE (FIRSTPORTID, SECONDPORTID, SEADISTANCE) VALUES ('20351', '21381', 5156);
INSERT INTO SEADISTANCE (FIRSTPORTID, SECONDPORTID, SEADISTANCE) VALUES ('20351', '16737', 5714);
INSERT INTO SEADISTANCE (FIRSTPORTID, SECONDPORTID, SEADISTANCE) VALUES ('20351', '13012', 3690);
INSERT INTO SEADISTANCE (FIRSTPORTID, SECONDPORTID, SEADISTANCE) VALUES ('20351', '29002', 4447);
INSERT INTO SEADISTANCE (FIRSTPORTID, SECONDPORTID, SEADISTANCE) VALUES ('20351', '29239', 4517);
INSERT INTO SEADISTANCE (FIRSTPORTID, SECONDPORTID, SEADISTANCE) VALUES ('20351', '14635', 6511);
INSERT INTO SEADISTANCE (FIRSTPORTID, SECONDPORTID, SEADISTANCE) VALUES ('20351', '20512', 4993);
INSERT INTO SEADISTANCE (FIRSTPORTID, SECONDPORTID, SEADISTANCE) VALUES ('20351', '14277', 5324);
INSERT INTO SEADISTANCE (FIRSTPORTID, SECONDPORTID, SEADISTANCE) VALUES ('20351', '10860', 5287);
INSERT INTO SEADISTANCE (FIRSTPORTID, SECONDPORTID, SEADISTANCE) VALUES ('20351', '22522', 5473);
INSERT INTO SEADISTANCE (FIRSTPORTID, SECONDPORTID, SEADISTANCE) VALUES ('20351', '21457', 4281);
INSERT INTO SEADISTANCE (FIRSTPORTID, SECONDPORTID, SEADISTANCE) VALUES ('20351', '17941', 1751);
INSERT INTO SEADISTANCE (FIRSTPORTID, SECONDPORTID, SEADISTANCE) VALUES ('20351', '27728', 5495);
INSERT INTO SEADISTANCE (FIRSTPORTID, SECONDPORTID, SEADISTANCE) VALUES ('20351', '25007', 4064);
INSERT INTO SEADISTANCE (FIRSTPORTID, SECONDPORTID, SEADISTANCE) VALUES ('20351', '21852', 4993);
INSERT INTO SEADISTANCE (FIRSTPORTID, SECONDPORTID, SEADISTANCE) VALUES ('20351', '22770', 5156);
INSERT INTO SEADISTANCE (FIRSTPORTID, SECONDPORTID, SEADISTANCE) VALUES ('20351', '18682', 5915);
INSERT INTO SEADISTANCE (FIRSTPORTID, SECONDPORTID, SEADISTANCE) VALUES ('20351', '28781', 3721);
INSERT INTO SEADISTANCE (FIRSTPORTID, SECONDPORTID, SEADISTANCE) VALUES ('20351', '29973', 4488);
INSERT INTO SEADISTANCE (FIRSTPORTID, SECONDPORTID, SEADISTANCE) VALUES ('20351', '24951', 5120);
INSERT INTO SEADISTANCE (FIRSTPORTID, SECONDPORTID, SEADISTANCE) VALUES ('20351', '20072', 5218);
INSERT INTO SEADISTANCE (FIRSTPORTID, SECONDPORTID, SEADISTANCE) VALUES ('20351', '27792', 4127);
INSERT INTO SEADISTANCE (FIRSTPORTID, SECONDPORTID, SEADISTANCE) VALUES ('20351', '27248', 936);
INSERT INTO SEADISTANCE (FIRSTPORTID, SECONDPORTID, SEADISTANCE) VALUES ('20351', '13390', 3548);
INSERT INTO SEADISTANCE (FIRSTPORTID, SECONDPORTID, SEADISTANCE) VALUES ('20351', '21556', 5000);
INSERT INTO SEADISTANCE (FIRSTPORTID, SECONDPORTID, SEADISTANCE) VALUES ('20351', '18454', 5800);
INSERT INTO SEADISTANCE (FIRSTPORTID, SECONDPORTID, SEADISTANCE) VALUES ('20351', '21206', 5531);
INSERT INTO SEADISTANCE (FIRSTPORTID, SECONDPORTID, SEADISTANCE) VALUES ('20351', '18867', 5638);
INSERT INTO SEADISTANCE (FIRSTPORTID, SECONDPORTID, SEADISTANCE) VALUES ('20351', '18937', 3899);
INSERT INTO SEADISTANCE (FIRSTPORTID, SECONDPORTID, SEADISTANCE) VALUES ('20351', '28082', 4347);
INSERT INTO SEADISTANCE (FIRSTPORTID, SECONDPORTID, SEADISTANCE) VALUES ('20351', '25350', 7620);
INSERT INTO SEADISTANCE (FIRSTPORTID, SECONDPORTID, SEADISTANCE) VALUES ('20351', '20847', 5461);
INSERT INTO SEADISTANCE (FIRSTPORTID, SECONDPORTID, SEADISTANCE) VALUES ('20351', '13176', 5176);
INSERT INTO SEADISTANCE (FIRSTPORTID, SECONDPORTID, SEADISTANCE) VALUES ('20351', '21451', 4569);
INSERT INTO SEADISTANCE (FIRSTPORTID, SECONDPORTID, SEADISTANCE) VALUES ('20351', '23247', 4513);
INSERT INTO SEADISTANCE (FIRSTPORTID, SECONDPORTID, SEADISTANCE) VALUES ('27792', '246265', 8951);
INSERT INTO SEADISTANCE (FIRSTPORTID, SECONDPORTID, SEADISTANCE) VALUES ('27792', '21863', 8655);
INSERT INTO SEADISTANCE (FIRSTPORTID, SECONDPORTID, SEADISTANCE) VALUES ('27792', '216593', 2802);
INSERT INTO SEADISTANCE (FIRSTPORTID, SECONDPORTID, SEADISTANCE) VALUES ('27792', '17386', 7681);
INSERT INTO SEADISTANCE (FIRSTPORTID, SECONDPORTID, SEADISTANCE) VALUES ('27792', '18137', 9552);
INSERT INTO SEADISTANCE (FIRSTPORTID, SECONDPORTID, SEADISTANCE) VALUES ('27792', '26147', 7675);
INSERT INTO SEADISTANCE (FIRSTPORTID, SECONDPORTID, SEADISTANCE) VALUES ('27792', '18012', 7258);
INSERT INTO SEADISTANCE (FIRSTPORTID, SECONDPORTID, SEADISTANCE) VALUES ('27792', '28261', 2586);
INSERT INTO SEADISTANCE (FIRSTPORTID, SECONDPORTID, SEADISTANCE) VALUES ('27792', '30045', 1498);
INSERT INTO SEADISTANCE (FIRSTPORTID, SECONDPORTID, SEADISTANCE) VALUES ('27792', '28313', 3117);
INSERT INTO SEADISTANCE (FIRSTPORTID, SECONDPORTID, SEADISTANCE) VALUES ('27792', '14459', 9162);
INSERT INTO SEADISTANCE (FIRSTPORTID, SECONDPORTID, SEADISTANCE) VALUES ('27792', '10563', 7985);
INSERT INTO SEADISTANCE (FIRSTPORTID, SECONDPORTID, SEADISTANCE) VALUES ('27792', '216592', 2841);
INSERT INTO SEADISTANCE (FIRSTPORTID, SECONDPORTID, SEADISTANCE) VALUES ('27792', '15107', 3116);
INSERT INTO SEADISTANCE (FIRSTPORTID, SECONDPORTID, SEADISTANCE) VALUES ('27792', '29749', 7302);
INSERT INTO SEADISTANCE (FIRSTPORTID, SECONDPORTID, SEADISTANCE) VALUES ('27792', '18326', 7548);
INSERT INTO SEADISTANCE (FIRSTPORTID, SECONDPORTID, SEADISTANCE) VALUES ('27792', '14226', 2399);
INSERT INTO SEADISTANCE (FIRSTPORTID, SECONDPORTID, SEADISTANCE) VALUES ('27792', '213737', 9357);
INSERT INTO SEADISTANCE (FIRSTPORTID, SECONDPORTID, SEADISTANCE) VALUES ('27792', '23428', 6580);
INSERT INTO SEADISTANCE (FIRSTPORTID, SECONDPORTID, SEADISTANCE) VALUES ('27792', '14470', 9286);
INSERT INTO SEADISTANCE (FIRSTPORTID, SECONDPORTID, SEADISTANCE) VALUES ('27792', '12543', 8251);
INSERT INTO SEADISTANCE (FIRSTPORTID, SECONDPORTID, SEADISTANCE) VALUES ('27792', '11174', 8013);
INSERT INTO SEADISTANCE (FIRSTPORTID, SECONDPORTID, SEADISTANCE) VALUES ('27792', '29876', 2172);
INSERT INTO SEADISTANCE (FIRSTPORTID, SECONDPORTID, SEADISTANCE) VALUES ('27792', '224858', 7895);
INSERT INTO SEADISTANCE (FIRSTPORTID, SECONDPORTID, SEADISTANCE) VALUES ('27792', '16485', 8535);
INSERT INTO SEADISTANCE (FIRSTPORTID, SECONDPORTID, SEADISTANCE) VALUES ('27792', '24795', 8810);
INSERT INTO SEADISTANCE (FIRSTPORTID, SECONDPORTID, SEADISTANCE) VALUES ('27792', '11771', 8286);
INSERT INTO SEADISTANCE (FIRSTPORTID, SECONDPORTID, SEADISTANCE) VALUES ('27792', '21381', 8810);
INSERT INTO SEADISTANCE (FIRSTPORTID, SECONDPORTID, SEADISTANCE) VALUES ('27792', '16737', 8590);
INSERT INTO SEADISTANCE (FIRSTPORTID, SECONDPORTID, SEADISTANCE) VALUES ('27792', '13012', 7031);
INSERT INTO SEADISTANCE (FIRSTPORTID, SECONDPORTID, SEADISTANCE) VALUES ('27792', '29002', 7381);
INSERT INTO SEADISTANCE (FIRSTPORTID, SECONDPORTID, SEADISTANCE) VALUES ('27792', '29239', 7601);
INSERT INTO SEADISTANCE (FIRSTPORTID, SECONDPORTID, SEADISTANCE) VALUES ('27792', '14635', 4934);
INSERT INTO SEADISTANCE (FIRSTPORTID, SECONDPORTID, SEADISTANCE) VALUES ('27792', '20512', 7858);
INSERT INTO SEADISTANCE (FIRSTPORTID, SECONDPORTID, SEADISTANCE) VALUES ('27792', '14277', 3789);
INSERT INTO SEADISTANCE (FIRSTPORTID, SECONDPORTID, SEADISTANCE) VALUES ('27792', '10860', 1186);
INSERT INTO SEADISTANCE (FIRSTPORTID, SECONDPORTID, SEADISTANCE) VALUES ('27792', '22522', 9127);
INSERT INTO SEADISTANCE (FIRSTPORTID, SECONDPORTID, SEADISTANCE) VALUES ('27792', '21457', 7935);
INSERT INTO SEADISTANCE (FIRSTPORTID, SECONDPORTID, SEADISTANCE) VALUES ('27792', '17941', 2505);
INSERT INTO SEADISTANCE (FIRSTPORTID, SECONDPORTID, SEADISTANCE) VALUES ('27792', '27728', 8076);
INSERT INTO SEADISTANCE (FIRSTPORTID, SECONDPORTID, SEADISTANCE) VALUES ('27792', '25007', 4820);
INSERT INTO SEADISTANCE (FIRSTPORTID, SECONDPORTID, SEADISTANCE) VALUES ('27792', '21852', 8647);
INSERT INTO SEADISTANCE (FIRSTPORTID, SECONDPORTID, SEADISTANCE) VALUES ('27792', '22770', 8810);
INSERT INTO SEADISTANCE (FIRSTPORTID, SECONDPORTID, SEADISTANCE) VALUES ('27792', '18682', 9569);
INSERT INTO SEADISTANCE (FIRSTPORTID, SECONDPORTID, SEADISTANCE) VALUES ('27792', '28781', 3033);
INSERT INTO SEADISTANCE (FIRSTPORTID, SECONDPORTID, SEADISTANCE) VALUES ('27792', '29973', 3199);
INSERT INTO SEADISTANCE (FIRSTPORTID, SECONDPORTID, SEADISTANCE) VALUES ('27792', '24951', 8774);
INSERT INTO SEADISTANCE (FIRSTPORTID, SECONDPORTID, SEADISTANCE) VALUES ('27792', '20072', 8094);
INSERT INTO SEADISTANCE (FIRSTPORTID, SECONDPORTID, SEADISTANCE) VALUES ('27792', '13390', 7011);
INSERT INTO SEADISTANCE (FIRSTPORTID, SECONDPORTID, SEADISTANCE) VALUES ('27792', '21556', 8654);
INSERT INTO SEADISTANCE (FIRSTPORTID, SECONDPORTID, SEADISTANCE) VALUES ('27792', '18454', 8676);
INSERT INTO SEADISTANCE (FIRSTPORTID, SECONDPORTID, SEADISTANCE) VALUES ('27792', '21206', 8407);
INSERT INTO SEADISTANCE (FIRSTPORTID, SECONDPORTID, SEADISTANCE) VALUES ('27792', '18867', 8514);
INSERT INTO SEADISTANCE (FIRSTPORTID, SECONDPORTID, SEADISTANCE) VALUES ('27792', '18937', 7553);
INSERT INTO SEADISTANCE (FIRSTPORTID, SECONDPORTID, SEADISTANCE) VALUES ('27792', '28082', 236);
INSERT INTO SEADISTANCE (FIRSTPORTID, SECONDPORTID, SEADISTANCE) VALUES ('27792', '13176', 8830);
INSERT INTO SEADISTANCE (FIRSTPORTID, SECONDPORTID, SEADISTANCE) VALUES ('27792', '21451', 4251);
INSERT INTO SEADISTANCE (FIRSTPORTID, SECONDPORTID, SEADISTANCE) VALUES ('27792', '23247', 7597);
INSERT INTO SEADISTANCE (FIRSTPORTID, SECONDPORTID, SEADISTANCE) VALUES ('27248', '246265', 6162);
INSERT INTO SEADISTANCE (FIRSTPORTID, SECONDPORTID, SEADISTANCE) VALUES ('27248', '21863', 5866);
INSERT INTO SEADISTANCE (FIRSTPORTID, SECONDPORTID, SEADISTANCE) VALUES ('27248', '216593', 4472);
INSERT INTO SEADISTANCE (FIRSTPORTID, SECONDPORTID, SEADISTANCE) VALUES ('27248', '17386', 4892);
INSERT INTO SEADISTANCE (FIRSTPORTID, SECONDPORTID, SEADISTANCE) VALUES ('27248', '18137', 6763);
INSERT INTO SEADISTANCE (FIRSTPORTID, SECONDPORTID, SEADISTANCE) VALUES ('27248', '26147', 5873);
INSERT INTO SEADISTANCE (FIRSTPORTID, SECONDPORTID, SEADISTANCE) VALUES ('27248', '20826', 6303);
INSERT INTO SEADISTANCE (FIRSTPORTID, SECONDPORTID, SEADISTANCE) VALUES ('27248', '18012', 5011);
INSERT INTO SEADISTANCE (FIRSTPORTID, SECONDPORTID, SEADISTANCE) VALUES ('27248', '28261', 4826);
INSERT INTO SEADISTANCE (FIRSTPORTID, SECONDPORTID, SEADISTANCE) VALUES ('27248', '30045', 4760);
INSERT INTO SEADISTANCE (FIRSTPORTID, SECONDPORTID, SEADISTANCE) VALUES ('27248', '28313', 4199);
INSERT INTO SEADISTANCE (FIRSTPORTID, SECONDPORTID, SEADISTANCE) VALUES ('27248', '14459', 6373);
INSERT INTO SEADISTANCE (FIRSTPORTID, SECONDPORTID, SEADISTANCE) VALUES ('27248', '10563', 5981);
INSERT INTO SEADISTANCE (FIRSTPORTID, SECONDPORTID, SEADISTANCE) VALUES ('27248', '216592', 4433);
INSERT INTO SEADISTANCE (FIRSTPORTID, SECONDPORTID, SEADISTANCE) VALUES ('27248', '15107', 5213);
INSERT INTO SEADISTANCE (FIRSTPORTID, SECONDPORTID, SEADISTANCE) VALUES ('27248', '29749', 5241);
INSERT INTO SEADISTANCE (FIRSTPORTID, SECONDPORTID, SEADISTANCE) VALUES ('27248', '18326', 5331);
INSERT INTO SEADISTANCE (FIRSTPORTID, SECONDPORTID, SEADISTANCE) VALUES ('27248', '14226', 4952);
INSERT INTO SEADISTANCE (FIRSTPORTID, SECONDPORTID, SEADISTANCE) VALUES ('27248', '213737', 6568);
INSERT INTO SEADISTANCE (FIRSTPORTID, SECONDPORTID, SEADISTANCE) VALUES ('27248', '23428', 3907);
INSERT INTO SEADISTANCE (FIRSTPORTID, SECONDPORTID, SEADISTANCE) VALUES ('27248', '14470', 6497);
INSERT INTO SEADISTANCE (FIRSTPORTID, SECONDPORTID, SEADISTANCE) VALUES ('27248', '12543', 6247);
INSERT INTO SEADISTANCE (FIRSTPORTID, SECONDPORTID, SEADISTANCE) VALUES ('27248', '11174', 5224);
INSERT INTO SEADISTANCE (FIRSTPORTID, SECONDPORTID, SEADISTANCE) VALUES ('27248', '29876', 5309);
INSERT INTO SEADISTANCE (FIRSTPORTID, SECONDPORTID, SEADISTANCE) VALUES ('27248', '22226', 4800);
INSERT INTO SEADISTANCE (FIRSTPORTID, SECONDPORTID, SEADISTANCE) VALUES ('27248', '224858', 5683);
INSERT INTO SEADISTANCE (FIRSTPORTID, SECONDPORTID, SEADISTANCE) VALUES ('27248', '16485', 6531);
INSERT INTO SEADISTANCE (FIRSTPORTID, SECONDPORTID, SEADISTANCE) VALUES ('27248', '24795', 6021);
INSERT INTO SEADISTANCE (FIRSTPORTID, SECONDPORTID, SEADISTANCE) VALUES ('27248', '11771', 6282);
INSERT INTO SEADISTANCE (FIRSTPORTID, SECONDPORTID, SEADISTANCE) VALUES ('27248', '21381', 6021);
INSERT INTO SEADISTANCE (FIRSTPORTID, SECONDPORTID, SEADISTANCE) VALUES ('27248', '16737', 6586);
INSERT INTO SEADISTANCE (FIRSTPORTID, SECONDPORTID, SEADISTANCE) VALUES ('27248', '13012', 4561);
INSERT INTO SEADISTANCE (FIRSTPORTID, SECONDPORTID, SEADISTANCE) VALUES ('27248', '29002', 5320);
INSERT INTO SEADISTANCE (FIRSTPORTID, SECONDPORTID, SEADISTANCE) VALUES ('27248', '29239', 5389);
INSERT INTO SEADISTANCE (FIRSTPORTID, SECONDPORTID, SEADISTANCE) VALUES ('27248', '14635', 7384);
INSERT INTO SEADISTANCE (FIRSTPORTID, SECONDPORTID, SEADISTANCE) VALUES ('27248', '20512', 5865);
INSERT INTO SEADISTANCE (FIRSTPORTID, SECONDPORTID, SEADISTANCE) VALUES ('27248', '14277', 6197);
INSERT INTO SEADISTANCE (FIRSTPORTID, SECONDPORTID, SEADISTANCE) VALUES ('27248', '10860', 4472);
INSERT INTO SEADISTANCE (FIRSTPORTID, SECONDPORTID, SEADISTANCE) VALUES ('27248', '22522', 6338);
INSERT INTO SEADISTANCE (FIRSTPORTID, SECONDPORTID, SEADISTANCE) VALUES ('27248', '21457', 5146);
INSERT INTO SEADISTANCE (FIRSTPORTID, SECONDPORTID, SEADISTANCE) VALUES ('27248', '17941', 901);
INSERT INTO SEADISTANCE (FIRSTPORTID, SECONDPORTID, SEADISTANCE) VALUES ('27248', '27728', 6372);
INSERT INTO SEADISTANCE (FIRSTPORTID, SECONDPORTID, SEADISTANCE) VALUES ('27248', '25007', 4937);
INSERT INTO SEADISTANCE (FIRSTPORTID, SECONDPORTID, SEADISTANCE) VALUES ('27248', '21852', 5858);
INSERT INTO SEADISTANCE (FIRSTPORTID, SECONDPORTID, SEADISTANCE) VALUES ('27248', '22770', 6021);
INSERT INTO SEADISTANCE (FIRSTPORTID, SECONDPORTID, SEADISTANCE) VALUES ('27248', '18682', 6780);
INSERT INTO SEADISTANCE (FIRSTPORTID, SECONDPORTID, SEADISTANCE) VALUES ('27248', '28781', 4595);
INSERT INTO SEADISTANCE (FIRSTPORTID, SECONDPORTID, SEADISTANCE) VALUES ('27248', '29973', 5361);
INSERT INTO SEADISTANCE (FIRSTPORTID, SECONDPORTID, SEADISTANCE) VALUES ('27248', '24951', 5985);
INSERT INTO SEADISTANCE (FIRSTPORTID, SECONDPORTID, SEADISTANCE) VALUES ('27248', '20072', 6090);
INSERT INTO SEADISTANCE (FIRSTPORTID, SECONDPORTID, SEADISTANCE) VALUES ('27248', '27792', 3312);
INSERT INTO SEADISTANCE (FIRSTPORTID, SECONDPORTID, SEADISTANCE) VALUES ('27248', '13390', 4418);
INSERT INTO SEADISTANCE (FIRSTPORTID, SECONDPORTID, SEADISTANCE) VALUES ('27248', '21556', 5865);
INSERT INTO SEADISTANCE (FIRSTPORTID, SECONDPORTID, SEADISTANCE) VALUES ('27248', '18454', 6672);
INSERT INTO SEADISTANCE (FIRSTPORTID, SECONDPORTID, SEADISTANCE) VALUES ('27248', '21206', 6403);
INSERT INTO SEADISTANCE (FIRSTPORTID, SECONDPORTID, SEADISTANCE) VALUES ('27248', '18867', 6510);
INSERT INTO SEADISTANCE (FIRSTPORTID, SECONDPORTID, SEADISTANCE) VALUES ('27248', '18937', 4764);
INSERT INTO SEADISTANCE (FIRSTPORTID, SECONDPORTID, SEADISTANCE) VALUES ('27248', '28082', 3532);
INSERT INTO SEADISTANCE (FIRSTPORTID, SECONDPORTID, SEADISTANCE) VALUES ('27248', '25350', 8493);
INSERT INTO SEADISTANCE (FIRSTPORTID, SECONDPORTID, SEADISTANCE) VALUES ('27248', '20847', 6326);
INSERT INTO SEADISTANCE (FIRSTPORTID, SECONDPORTID, SEADISTANCE) VALUES ('27248', '13176', 6041);
INSERT INTO SEADISTANCE (FIRSTPORTID, SECONDPORTID, SEADISTANCE) VALUES ('27248', '21451', 5442);
INSERT INTO SEADISTANCE (FIRSTPORTID, SECONDPORTID, SEADISTANCE) VALUES ('27248', '23247', 5385);
INSERT INTO SEADISTANCE (FIRSTPORTID, SECONDPORTID, SEADISTANCE) VALUES ('13390', '246265', 2069);
INSERT INTO SEADISTANCE (FIRSTPORTID, SECONDPORTID, SEADISTANCE) VALUES ('13390', '17386', 799);
INSERT INTO SEADISTANCE (FIRSTPORTID, SECONDPORTID, SEADISTANCE) VALUES ('13390', '14459', 2280);
INSERT INTO SEADISTANCE (FIRSTPORTID, SECONDPORTID, SEADISTANCE) VALUES ('13390', '213737', 2475);
INSERT INTO SEADISTANCE (FIRSTPORTID, SECONDPORTID, SEADISTANCE) VALUES ('13390', '14470', 2404);
INSERT INTO SEADISTANCE (FIRSTPORTID, SECONDPORTID, SEADISTANCE) VALUES ('13390', '24795', 1928);
INSERT INTO SEADISTANCE (FIRSTPORTID, SECONDPORTID, SEADISTANCE) VALUES ('13390', '11771', 1964);
INSERT INTO SEADISTANCE (FIRSTPORTID, SECONDPORTID, SEADISTANCE) VALUES ('13390', '21381', 1928);
INSERT INTO SEADISTANCE (FIRSTPORTID, SECONDPORTID, SEADISTANCE) VALUES ('13390', '29002', 1017);
INSERT INTO SEADISTANCE (FIRSTPORTID, SECONDPORTID, SEADISTANCE) VALUES ('13390', '29239', 1071);
INSERT INTO SEADISTANCE (FIRSTPORTID, SECONDPORTID, SEADISTANCE) VALUES ('13390', '14635', 7121);
INSERT INTO SEADISTANCE (FIRSTPORTID, SECONDPORTID, SEADISTANCE) VALUES ('13390', '20512', 1547);
INSERT INTO SEADISTANCE (FIRSTPORTID, SECONDPORTID, SEADISTANCE) VALUES ('13390', '22522', 2245);
INSERT INTO SEADISTANCE (FIRSTPORTID, SECONDPORTID, SEADISTANCE) VALUES ('13390', '17941', 5234);
INSERT INTO SEADISTANCE (FIRSTPORTID, SECONDPORTID, SEADISTANCE) VALUES ('13390', '25007', 3011);
INSERT INTO SEADISTANCE (FIRSTPORTID, SECONDPORTID, SEADISTANCE) VALUES ('13390', '22770', 1928);
INSERT INTO SEADISTANCE (FIRSTPORTID, SECONDPORTID, SEADISTANCE) VALUES ('13390', '18454', 2354);
INSERT INTO SEADISTANCE (FIRSTPORTID, SECONDPORTID, SEADISTANCE) VALUES ('13390', '21206', 2085);
INSERT INTO SEADISTANCE (FIRSTPORTID, SECONDPORTID, SEADISTANCE) VALUES ('13390', '18937', 671);
INSERT INTO SEADISTANCE (FIRSTPORTID, SECONDPORTID, SEADISTANCE) VALUES ('21556', '246265', 976);
INSERT INTO SEADISTANCE (FIRSTPORTID, SECONDPORTID, SEADISTANCE) VALUES ('21556', '21863', 686);
INSERT INTO SEADISTANCE (FIRSTPORTID, SECONDPORTID, SEADISTANCE) VALUES ('21556', '216593', 5852);
INSERT INTO SEADISTANCE (FIRSTPORTID, SECONDPORTID, SEADISTANCE) VALUES ('21556', '17386', 1140);
INSERT INTO SEADISTANCE (FIRSTPORTID, SECONDPORTID, SEADISTANCE) VALUES ('21556', '18137', 1577);
INSERT INTO SEADISTANCE (FIRSTPORTID, SECONDPORTID, SEADISTANCE) VALUES ('21556', '26147', 3300);
INSERT INTO SEADISTANCE (FIRSTPORTID, SECONDPORTID, SEADISTANCE) VALUES ('21556', '18012', 2430);
INSERT INTO SEADISTANCE (FIRSTPORTID, SECONDPORTID, SEADISTANCE) VALUES ('21556', '30045', 7192);
INSERT INTO SEADISTANCE (FIRSTPORTID, SECONDPORTID, SEADISTANCE) VALUES ('21556', '14459', 1187);
INSERT INTO SEADISTANCE (FIRSTPORTID, SECONDPORTID, SEADISTANCE) VALUES ('21556', '10563', 3400);
INSERT INTO SEADISTANCE (FIRSTPORTID, SECONDPORTID, SEADISTANCE) VALUES ('21556', '216592', 5813);
INSERT INTO SEADISTANCE (FIRSTPORTID, SECONDPORTID, SEADISTANCE) VALUES ('21556', '15107', 6593);
INSERT INTO SEADISTANCE (FIRSTPORTID, SECONDPORTID, SEADISTANCE) VALUES ('21556', '29749', 2684);
INSERT INTO SEADISTANCE (FIRSTPORTID, SECONDPORTID, SEADISTANCE) VALUES ('21556', '18326', 2750);
INSERT INTO SEADISTANCE (FIRSTPORTID, SECONDPORTID, SEADISTANCE) VALUES ('21556', '14226', 6332);
INSERT INTO SEADISTANCE (FIRSTPORTID, SECONDPORTID, SEADISTANCE) VALUES ('21556', '213737', 1382);
INSERT INTO SEADISTANCE (FIRSTPORTID, SECONDPORTID, SEADISTANCE) VALUES ('21556', '23428', 2096);
INSERT INTO SEADISTANCE (FIRSTPORTID, SECONDPORTID, SEADISTANCE) VALUES ('21556', '14470', 1311);
INSERT INTO SEADISTANCE (FIRSTPORTID, SECONDPORTID, SEADISTANCE) VALUES ('21556', '12543', 3666);
INSERT INTO SEADISTANCE (FIRSTPORTID, SECONDPORTID, SEADISTANCE) VALUES ('21556', '11174', 951);
INSERT INTO SEADISTANCE (FIRSTPORTID, SECONDPORTID, SEADISTANCE) VALUES ('21556', '29876', 6689);
INSERT INTO SEADISTANCE (FIRSTPORTID, SECONDPORTID, SEADISTANCE) VALUES ('21556', '224858', 3102);
INSERT INTO SEADISTANCE (FIRSTPORTID, SECONDPORTID, SEADISTANCE) VALUES ('21556', '16485', 3950);
INSERT INTO SEADISTANCE (FIRSTPORTID, SECONDPORTID, SEADISTANCE) VALUES ('21556', '24795', 216);
INSERT INTO SEADISTANCE (FIRSTPORTID, SECONDPORTID, SEADISTANCE) VALUES ('21556', '11771', 3701);
INSERT INTO SEADISTANCE (FIRSTPORTID, SECONDPORTID, SEADISTANCE) VALUES ('21556', '21381', 216);
INSERT INTO SEADISTANCE (FIRSTPORTID, SECONDPORTID, SEADISTANCE) VALUES ('21556', '16737', 4005);
INSERT INTO SEADISTANCE (FIRSTPORTID, SECONDPORTID, SEADISTANCE) VALUES ('21556', '13012', 1942);
INSERT INTO SEADISTANCE (FIRSTPORTID, SECONDPORTID, SEADISTANCE) VALUES ('21556', '29002', 2754);
INSERT INTO SEADISTANCE (FIRSTPORTID, SECONDPORTID, SEADISTANCE) VALUES ('21556', '29239', 2808);
INSERT INTO SEADISTANCE (FIRSTPORTID, SECONDPORTID, SEADISTANCE) VALUES ('21556', '14635', 8764);
INSERT INTO SEADISTANCE (FIRSTPORTID, SECONDPORTID, SEADISTANCE) VALUES ('21556', '20512', 3284);
INSERT INTO SEADISTANCE (FIRSTPORTID, SECONDPORTID, SEADISTANCE) VALUES ('21556', '14277', 7577);
INSERT INTO SEADISTANCE (FIRSTPORTID, SECONDPORTID, SEADISTANCE) VALUES ('21556', '10860', 7627);
INSERT INTO SEADISTANCE (FIRSTPORTID, SECONDPORTID, SEADISTANCE) VALUES ('21556', '22522', 1158);
INSERT INTO SEADISTANCE (FIRSTPORTID, SECONDPORTID, SEADISTANCE) VALUES ('21556', '21457', 979);
INSERT INTO SEADISTANCE (FIRSTPORTID, SECONDPORTID, SEADISTANCE) VALUES ('21556', '17941', 6680);
INSERT INTO SEADISTANCE (FIRSTPORTID, SECONDPORTID, SEADISTANCE) VALUES ('21556', '27728', 3896);
INSERT INTO SEADISTANCE (FIRSTPORTID, SECONDPORTID, SEADISTANCE) VALUES ('21556', '25007', 4701);
INSERT INTO SEADISTANCE (FIRSTPORTID, SECONDPORTID, SEADISTANCE) VALUES ('21556', '21852', 678);
INSERT INTO SEADISTANCE (FIRSTPORTID, SECONDPORTID, SEADISTANCE) VALUES ('21556', '22770', 216);
INSERT INTO SEADISTANCE (FIRSTPORTID, SECONDPORTID, SEADISTANCE) VALUES ('21556', '18682', 1594);
INSERT INTO SEADISTANCE (FIRSTPORTID, SECONDPORTID, SEADISTANCE) VALUES ('21556', '29973', 6741);
INSERT INTO SEADISTANCE (FIRSTPORTID, SECONDPORTID, SEADISTANCE) VALUES ('21556', '20072', 3509);
INSERT INTO SEADISTANCE (FIRSTPORTID, SECONDPORTID, SEADISTANCE) VALUES ('21556', '13390', 1772);
INSERT INTO SEADISTANCE (FIRSTPORTID, SECONDPORTID, SEADISTANCE) VALUES ('21556', '18454', 4091);
INSERT INTO SEADISTANCE (FIRSTPORTID, SECONDPORTID, SEADISTANCE) VALUES ('21556', '21206', 3822);
INSERT INTO SEADISTANCE (FIRSTPORTID, SECONDPORTID, SEADISTANCE) VALUES ('21556', '18867', 3929);
INSERT INTO SEADISTANCE (FIRSTPORTID, SECONDPORTID, SEADISTANCE) VALUES ('21556', '18937', 1228);
INSERT INTO SEADISTANCE (FIRSTPORTID, SECONDPORTID, SEADISTANCE) VALUES ('21556', '13176', 230);
INSERT INTO SEADISTANCE (FIRSTPORTID, SECONDPORTID, SEADISTANCE) VALUES ('21556', '21451', 6307);
INSERT INTO SEADISTANCE (FIRSTPORTID, SECONDPORTID, SEADISTANCE) VALUES ('21556', '23247', 2804);
INSERT INTO SEADISTANCE (FIRSTPORTID, SECONDPORTID, SEADISTANCE) VALUES ('18454', '246265', 4388);
INSERT INTO SEADISTANCE (FIRSTPORTID, SECONDPORTID, SEADISTANCE) VALUES ('18454', '17386', 3118);
INSERT INTO SEADISTANCE (FIRSTPORTID, SECONDPORTID, SEADISTANCE) VALUES ('18454', '213737', 4794);
INSERT INTO SEADISTANCE (FIRSTPORTID, SECONDPORTID, SEADISTANCE) VALUES ('18454', '24795', 4247);
INSERT INTO SEADISTANCE (FIRSTPORTID, SECONDPORTID, SEADISTANCE) VALUES ('18454', '21381', 4247);
INSERT INTO SEADISTANCE (FIRSTPORTID, SECONDPORTID, SEADISTANCE) VALUES ('18454', '29002', 1741);
INSERT INTO SEADISTANCE (FIRSTPORTID, SECONDPORTID, SEADISTANCE) VALUES ('18454', '29239', 1396);
INSERT INTO SEADISTANCE (FIRSTPORTID, SECONDPORTID, SEADISTANCE) VALUES ('18454', '14635', 8786);
INSERT INTO SEADISTANCE (FIRSTPORTID, SECONDPORTID, SEADISTANCE) VALUES ('18454', '20512', 864);
INSERT INTO SEADISTANCE (FIRSTPORTID, SECONDPORTID, SEADISTANCE) VALUES ('18454', '22522', 4564);
INSERT INTO SEADISTANCE (FIRSTPORTID, SECONDPORTID, SEADISTANCE) VALUES ('18454', '17941', 7486);
INSERT INTO SEADISTANCE (FIRSTPORTID, SECONDPORTID, SEADISTANCE) VALUES ('18454', '25007', 4373);
INSERT INTO SEADISTANCE (FIRSTPORTID, SECONDPORTID, SEADISTANCE) VALUES ('18454', '22770', 4247);
INSERT INTO SEADISTANCE (FIRSTPORTID, SECONDPORTID, SEADISTANCE) VALUES ('18454', '21206', 385);
INSERT INTO SEADISTANCE (FIRSTPORTID, SECONDPORTID, SEADISTANCE) VALUES ('18454', '18937', 2990);
INSERT INTO SEADISTANCE (FIRSTPORTID, SECONDPORTID, SEADISTANCE) VALUES ('21206', '246265', 4119);
INSERT INTO SEADISTANCE (FIRSTPORTID, SECONDPORTID, SEADISTANCE) VALUES ('21206', '213737', 4525);
INSERT INTO SEADISTANCE (FIRSTPORTID, SECONDPORTID, SEADISTANCE) VALUES ('21206', '29002', 1472);
INSERT INTO SEADISTANCE (FIRSTPORTID, SECONDPORTID, SEADISTANCE) VALUES ('21206', '29239', 1127);
INSERT INTO SEADISTANCE (FIRSTPORTID, SECONDPORTID, SEADISTANCE) VALUES ('21206', '14635', 8517);
INSERT INTO SEADISTANCE (FIRSTPORTID, SECONDPORTID, SEADISTANCE) VALUES ('21206', '22522', 4295);
INSERT INTO SEADISTANCE (FIRSTPORTID, SECONDPORTID, SEADISTANCE) VALUES ('21206', '17941', 7217);
INSERT INTO SEADISTANCE (FIRSTPORTID, SECONDPORTID, SEADISTANCE) VALUES ('21206', '25007', 4104);
INSERT INTO SEADISTANCE (FIRSTPORTID, SECONDPORTID, SEADISTANCE) VALUES ('18867', '246265', 4226);
INSERT INTO SEADISTANCE (FIRSTPORTID, SECONDPORTID, SEADISTANCE) VALUES ('18867', '21863', 3930);
INSERT INTO SEADISTANCE (FIRSTPORTID, SECONDPORTID, SEADISTANCE) VALUES ('18867', '216593', 5712);
INSERT INTO SEADISTANCE (FIRSTPORTID, SECONDPORTID, SEADISTANCE) VALUES ('18867', '17386', 2956);
INSERT INTO SEADISTANCE (FIRSTPORTID, SECONDPORTID, SEADISTANCE) VALUES ('18867', '18137', 4827);
INSERT INTO SEADISTANCE (FIRSTPORTID, SECONDPORTID, SEADISTANCE) VALUES ('18867', '26147', 986);
INSERT INTO SEADISTANCE (FIRSTPORTID, SECONDPORTID, SEADISTANCE) VALUES ('18867', '18012', 1557);
INSERT INTO SEADISTANCE (FIRSTPORTID, SECONDPORTID, SEADISTANCE) VALUES ('18867', '30045', 7052);
INSERT INTO SEADISTANCE (FIRSTPORTID, SECONDPORTID, SEADISTANCE) VALUES ('18867', '14459', 4437);
INSERT INTO SEADISTANCE (FIRSTPORTID, SECONDPORTID, SEADISTANCE) VALUES ('18867', '216592', 5673);
INSERT INTO SEADISTANCE (FIRSTPORTID, SECONDPORTID, SEADISTANCE) VALUES ('18867', '29749', 1549);
INSERT INTO SEADISTANCE (FIRSTPORTID, SECONDPORTID, SEADISTANCE) VALUES ('18867', '18326', 1221);
INSERT INTO SEADISTANCE (FIRSTPORTID, SECONDPORTID, SEADISTANCE) VALUES ('18867', '213737', 4632);
INSERT INTO SEADISTANCE (FIRSTPORTID, SECONDPORTID, SEADISTANCE) VALUES ('18867', '23428', 2611);
INSERT INTO SEADISTANCE (FIRSTPORTID, SECONDPORTID, SEADISTANCE) VALUES ('18867', '14470', 4561);
INSERT INTO SEADISTANCE (FIRSTPORTID, SECONDPORTID, SEADISTANCE) VALUES ('18867', '12543', 406);
INSERT INTO SEADISTANCE (FIRSTPORTID, SECONDPORTID, SEADISTANCE) VALUES ('18867', '11174', 3288);
INSERT INTO SEADISTANCE (FIRSTPORTID, SECONDPORTID, SEADISTANCE) VALUES ('18867', '224858', 700);
INSERT INTO SEADISTANCE (FIRSTPORTID, SECONDPORTID, SEADISTANCE) VALUES ('18867', '16485', 48);
INSERT INTO SEADISTANCE (FIRSTPORTID, SECONDPORTID, SEADISTANCE) VALUES ('18867', '24795', 4085);
INSERT INTO SEADISTANCE (FIRSTPORTID, SECONDPORTID, SEADISTANCE) VALUES ('18867', '11771', 402);
INSERT INTO SEADISTANCE (FIRSTPORTID, SECONDPORTID, SEADISTANCE) VALUES ('18867', '21381', 4085);
INSERT INTO SEADISTANCE (FIRSTPORTID, SECONDPORTID, SEADISTANCE) VALUES ('18867', '16737', 99);
INSERT INTO SEADISTANCE (FIRSTPORTID, SECONDPORTID, SEADISTANCE) VALUES ('18867', '13012', 2010);
INSERT INTO SEADISTANCE (FIRSTPORTID, SECONDPORTID, SEADISTANCE) VALUES ('18867', '29002', 1579);
INSERT INTO SEADISTANCE (FIRSTPORTID, SECONDPORTID, SEADISTANCE) VALUES ('18867', '29239', 1234);
INSERT INTO SEADISTANCE (FIRSTPORTID, SECONDPORTID, SEADISTANCE) VALUES ('18867', '14635', 8624);
INSERT INTO SEADISTANCE (FIRSTPORTID, SECONDPORTID, SEADISTANCE) VALUES ('18867', '20512', 701);
INSERT INTO SEADISTANCE (FIRSTPORTID, SECONDPORTID, SEADISTANCE) VALUES ('18867', '14277', 7437);
INSERT INTO SEADISTANCE (FIRSTPORTID, SECONDPORTID, SEADISTANCE) VALUES ('18867', '10860', 7487);
INSERT INTO SEADISTANCE (FIRSTPORTID, SECONDPORTID, SEADISTANCE) VALUES ('18867', '22522', 4402);
INSERT INTO SEADISTANCE (FIRSTPORTID, SECONDPORTID, SEADISTANCE) VALUES ('18867', '21457', 3210);
INSERT INTO SEADISTANCE (FIRSTPORTID, SECONDPORTID, SEADISTANCE) VALUES ('18867', '17941', 7324);
INSERT INTO SEADISTANCE (FIRSTPORTID, SECONDPORTID, SEADISTANCE) VALUES ('18867', '27728', 1588);
INSERT INTO SEADISTANCE (FIRSTPORTID, SECONDPORTID, SEADISTANCE) VALUES ('18867', '25007', 4211);
INSERT INTO SEADISTANCE (FIRSTPORTID, SECONDPORTID, SEADISTANCE) VALUES ('18867', '21852', 3922);
INSERT INTO SEADISTANCE (FIRSTPORTID, SECONDPORTID, SEADISTANCE) VALUES ('18867', '22770', 4085);
INSERT INTO SEADISTANCE (FIRSTPORTID, SECONDPORTID, SEADISTANCE) VALUES ('18867', '18682', 4844);
INSERT INTO SEADISTANCE (FIRSTPORTID, SECONDPORTID, SEADISTANCE) VALUES ('18867', '29973', 6601);
INSERT INTO SEADISTANCE (FIRSTPORTID, SECONDPORTID, SEADISTANCE) VALUES ('18867', '20072', 558);
INSERT INTO SEADISTANCE (FIRSTPORTID, SECONDPORTID, SEADISTANCE) VALUES ('18867', '13390', 2192);
INSERT INTO SEADISTANCE (FIRSTPORTID, SECONDPORTID, SEADISTANCE) VALUES ('18867', '18454', 187);
INSERT INTO SEADISTANCE (FIRSTPORTID, SECONDPORTID, SEADISTANCE) VALUES ('18867', '21206', 217);
INSERT INTO SEADISTANCE (FIRSTPORTID, SECONDPORTID, SEADISTANCE) VALUES ('18867', '18937', 2828);
INSERT INTO SEADISTANCE (FIRSTPORTID, SECONDPORTID, SEADISTANCE) VALUES ('18867', '13176', 4105);
INSERT INTO SEADISTANCE (FIRSTPORTID, SECONDPORTID, SEADISTANCE) VALUES ('18867', '21451', 5898);
INSERT INTO SEADISTANCE (FIRSTPORTID, SECONDPORTID, SEADISTANCE) VALUES ('18867', '23247', 1183);
INSERT INTO SEADISTANCE (FIRSTPORTID, SECONDPORTID, SEADISTANCE) VALUES ('18937', '246265', 1535);
INSERT INTO SEADISTANCE (FIRSTPORTID, SECONDPORTID, SEADISTANCE) VALUES ('18937', '213737', 1941);
INSERT INTO SEADISTANCE (FIRSTPORTID, SECONDPORTID, SEADISTANCE) VALUES ('18937', '29002', 1653);
INSERT INTO SEADISTANCE (FIRSTPORTID, SECONDPORTID, SEADISTANCE) VALUES ('18937', '29239', 1707);
INSERT INTO SEADISTANCE (FIRSTPORTID, SECONDPORTID, SEADISTANCE) VALUES ('18937', '14635', 7663);
INSERT INTO SEADISTANCE (FIRSTPORTID, SECONDPORTID, SEADISTANCE) VALUES ('18937', '20512', 2183);
INSERT INTO SEADISTANCE (FIRSTPORTID, SECONDPORTID, SEADISTANCE) VALUES ('18937', '22522', 1717);
INSERT INTO SEADISTANCE (FIRSTPORTID, SECONDPORTID, SEADISTANCE) VALUES ('18937', '17941', 5579);
INSERT INTO SEADISTANCE (FIRSTPORTID, SECONDPORTID, SEADISTANCE) VALUES ('18937', '25007', 3600);
INSERT INTO SEADISTANCE (FIRSTPORTID, SECONDPORTID, SEADISTANCE) VALUES ('18937', '21206', 2721);
INSERT INTO SEADISTANCE (FIRSTPORTID, SECONDPORTID, SEADISTANCE) VALUES ('28082', '246265', 8764);
INSERT INTO SEADISTANCE (FIRSTPORTID, SECONDPORTID, SEADISTANCE) VALUES ('28082', '21863', 8468);
INSERT INTO SEADISTANCE (FIRSTPORTID, SECONDPORTID, SEADISTANCE) VALUES ('28082', '216593', 2615);
INSERT INTO SEADISTANCE (FIRSTPORTID, SECONDPORTID, SEADISTANCE) VALUES ('28082', '17386', 7494);
INSERT INTO SEADISTANCE (FIRSTPORTID, SECONDPORTID, SEADISTANCE) VALUES ('28082', '18137', 9365);
INSERT INTO SEADISTANCE (FIRSTPORTID, SECONDPORTID, SEADISTANCE) VALUES ('28082', '26147', 7488);
INSERT INTO SEADISTANCE (FIRSTPORTID, SECONDPORTID, SEADISTANCE) VALUES ('28082', '18012', 7071);
INSERT INTO SEADISTANCE (FIRSTPORTID, SECONDPORTID, SEADISTANCE) VALUES ('28082', '28261', 2399);
INSERT INTO SEADISTANCE (FIRSTPORTID, SECONDPORTID, SEADISTANCE) VALUES ('28082', '30045', 1299);
INSERT INTO SEADISTANCE (FIRSTPORTID, SECONDPORTID, SEADISTANCE) VALUES ('28082', '28313', 2930);
INSERT INTO SEADISTANCE (FIRSTPORTID, SECONDPORTID, SEADISTANCE) VALUES ('28082', '14459', 8975);
INSERT INTO SEADISTANCE (FIRSTPORTID, SECONDPORTID, SEADISTANCE) VALUES ('28082', '10563', 7798);
INSERT INTO SEADISTANCE (FIRSTPORTID, SECONDPORTID, SEADISTANCE) VALUES ('28082', '216592', 2654);
INSERT INTO SEADISTANCE (FIRSTPORTID, SECONDPORTID, SEADISTANCE) VALUES ('28082', '15107', 2933);
INSERT INTO SEADISTANCE (FIRSTPORTID, SECONDPORTID, SEADISTANCE) VALUES ('28082', '29749', 7115);
INSERT INTO SEADISTANCE (FIRSTPORTID, SECONDPORTID, SEADISTANCE) VALUES ('28082', '18326', 7361);
INSERT INTO SEADISTANCE (FIRSTPORTID, SECONDPORTID, SEADISTANCE) VALUES ('28082', '14226', 2175);
INSERT INTO SEADISTANCE (FIRSTPORTID, SECONDPORTID, SEADISTANCE) VALUES ('28082', '213737', 9170);
INSERT INTO SEADISTANCE (FIRSTPORTID, SECONDPORTID, SEADISTANCE) VALUES ('28082', '23428', 6393);
INSERT INTO SEADISTANCE (FIRSTPORTID, SECONDPORTID, SEADISTANCE) VALUES ('28082', '14470', 9099);
INSERT INTO SEADISTANCE (FIRSTPORTID, SECONDPORTID, SEADISTANCE) VALUES ('28082', '12543', 8064);
INSERT INTO SEADISTANCE (FIRSTPORTID, SECONDPORTID, SEADISTANCE) VALUES ('28082', '11174', 7826);
INSERT INTO SEADISTANCE (FIRSTPORTID, SECONDPORTID, SEADISTANCE) VALUES ('28082', '29876', 1984);
INSERT INTO SEADISTANCE (FIRSTPORTID, SECONDPORTID, SEADISTANCE) VALUES ('28082', '224858', 7708);
INSERT INTO SEADISTANCE (FIRSTPORTID, SECONDPORTID, SEADISTANCE) VALUES ('28082', '16485', 8348);
INSERT INTO SEADISTANCE (FIRSTPORTID, SECONDPORTID, SEADISTANCE) VALUES ('28082', '24795', 8623);
INSERT INTO SEADISTANCE (FIRSTPORTID, SECONDPORTID, SEADISTANCE) VALUES ('28082', '11771', 8099);
INSERT INTO SEADISTANCE (FIRSTPORTID, SECONDPORTID, SEADISTANCE) VALUES ('28082', '21381', 8623);
INSERT INTO SEADISTANCE (FIRSTPORTID, SECONDPORTID, SEADISTANCE) VALUES ('28082', '16737', 8403);
INSERT INTO SEADISTANCE (FIRSTPORTID, SECONDPORTID, SEADISTANCE) VALUES ('28082', '13012', 6844);
INSERT INTO SEADISTANCE (FIRSTPORTID, SECONDPORTID, SEADISTANCE) VALUES ('28082', '29002', 7194);
INSERT INTO SEADISTANCE (FIRSTPORTID, SECONDPORTID, SEADISTANCE) VALUES ('28082', '29239', 7414);
INSERT INTO SEADISTANCE (FIRSTPORTID, SECONDPORTID, SEADISTANCE) VALUES ('28082', '14635', 4806);
INSERT INTO SEADISTANCE (FIRSTPORTID, SECONDPORTID, SEADISTANCE) VALUES ('28082', '20512', 7671);
INSERT INTO SEADISTANCE (FIRSTPORTID, SECONDPORTID, SEADISTANCE) VALUES ('28082', '14277', 3652);
INSERT INTO SEADISTANCE (FIRSTPORTID, SECONDPORTID, SEADISTANCE) VALUES ('28082', '10860', 965);
INSERT INTO SEADISTANCE (FIRSTPORTID, SECONDPORTID, SEADISTANCE) VALUES ('28082', '22522', 8940);
INSERT INTO SEADISTANCE (FIRSTPORTID, SECONDPORTID, SEADISTANCE) VALUES ('28082', '21457', 7748);
INSERT INTO SEADISTANCE (FIRSTPORTID, SECONDPORTID, SEADISTANCE) VALUES ('28082', '17941', 2725);
INSERT INTO SEADISTANCE (FIRSTPORTID, SECONDPORTID, SEADISTANCE) VALUES ('28082', '27728', 7889);
INSERT INTO SEADISTANCE (FIRSTPORTID, SECONDPORTID, SEADISTANCE) VALUES ('28082', '25007', 4633);
INSERT INTO SEADISTANCE (FIRSTPORTID, SECONDPORTID, SEADISTANCE) VALUES ('28082', '21852', 8460);
INSERT INTO SEADISTANCE (FIRSTPORTID, SECONDPORTID, SEADISTANCE) VALUES ('28082', '22770', 8623);
INSERT INTO SEADISTANCE (FIRSTPORTID, SECONDPORTID, SEADISTANCE) VALUES ('28082', '18682', 9382);
INSERT INTO SEADISTANCE (FIRSTPORTID, SECONDPORTID, SEADISTANCE) VALUES ('28082', '28781', 2846);
INSERT INTO SEADISTANCE (FIRSTPORTID, SECONDPORTID, SEADISTANCE) VALUES ('28082', '29973', 3024);
INSERT INTO SEADISTANCE (FIRSTPORTID, SECONDPORTID, SEADISTANCE) VALUES ('28082', '24951', 8587);
INSERT INTO SEADISTANCE (FIRSTPORTID, SECONDPORTID, SEADISTANCE) VALUES ('28082', '20072', 7907);
INSERT INTO SEADISTANCE (FIRSTPORTID, SECONDPORTID, SEADISTANCE) VALUES ('28082', '13390', 6824);
INSERT INTO SEADISTANCE (FIRSTPORTID, SECONDPORTID, SEADISTANCE) VALUES ('28082', '21556', 8467);
INSERT INTO SEADISTANCE (FIRSTPORTID, SECONDPORTID, SEADISTANCE) VALUES ('28082', '18454', 8489);
INSERT INTO SEADISTANCE (FIRSTPORTID, SECONDPORTID, SEADISTANCE) VALUES ('28082', '21206', 8220);
INSERT INTO SEADISTANCE (FIRSTPORTID, SECONDPORTID, SEADISTANCE) VALUES ('28082', '18867', 8327);
INSERT INTO SEADISTANCE (FIRSTPORTID, SECONDPORTID, SEADISTANCE) VALUES ('28082', '18937', 7366);
INSERT INTO SEADISTANCE (FIRSTPORTID, SECONDPORTID, SEADISTANCE) VALUES ('28082', '13176', 8643);
INSERT INTO SEADISTANCE (FIRSTPORTID, SECONDPORTID, SEADISTANCE) VALUES ('28082', '21451', 4064);
INSERT INTO SEADISTANCE (FIRSTPORTID, SECONDPORTID, SEADISTANCE) VALUES ('28082', '23247', 7410);
INSERT INTO SEADISTANCE (FIRSTPORTID, SECONDPORTID, SEADISTANCE) VALUES ('25350', '246265', 10170);
INSERT INTO SEADISTANCE (FIRSTPORTID, SECONDPORTID, SEADISTANCE) VALUES ('25350', '21863', 9874);
INSERT INTO SEADISTANCE (FIRSTPORTID, SECONDPORTID, SEADISTANCE) VALUES ('25350', '216593', 4021);
INSERT INTO SEADISTANCE (FIRSTPORTID, SECONDPORTID, SEADISTANCE) VALUES ('25350', '17386', 8900);
INSERT INTO SEADISTANCE (FIRSTPORTID, SECONDPORTID, SEADISTANCE) VALUES ('25350', '18137', 10771);
INSERT INTO SEADISTANCE (FIRSTPORTID, SECONDPORTID, SEADISTANCE) VALUES ('25350', '26147', 8894);
INSERT INTO SEADISTANCE (FIRSTPORTID, SECONDPORTID, SEADISTANCE) VALUES ('25350', '18012', 8477);
INSERT INTO SEADISTANCE (FIRSTPORTID, SECONDPORTID, SEADISTANCE) VALUES ('25350', '28261', 4156);
INSERT INTO SEADISTANCE (FIRSTPORTID, SECONDPORTID, SEADISTANCE) VALUES ('25350', '30045', 4763);
INSERT INTO SEADISTANCE (FIRSTPORTID, SECONDPORTID, SEADISTANCE) VALUES ('25350', '28313', 4336);
INSERT INTO SEADISTANCE (FIRSTPORTID, SECONDPORTID, SEADISTANCE) VALUES ('25350', '14459', 10381);
INSERT INTO SEADISTANCE (FIRSTPORTID, SECONDPORTID, SEADISTANCE) VALUES ('25350', '10563', 9204);
INSERT INTO SEADISTANCE (FIRSTPORTID, SECONDPORTID, SEADISTANCE) VALUES ('25350', '216592', 4060);
INSERT INTO SEADISTANCE (FIRSTPORTID, SECONDPORTID, SEADISTANCE) VALUES ('25350', '15107', 3354);
INSERT INTO SEADISTANCE (FIRSTPORTID, SECONDPORTID, SEADISTANCE) VALUES ('25350', '29749', 8521);
INSERT INTO SEADISTANCE (FIRSTPORTID, SECONDPORTID, SEADISTANCE) VALUES ('25350', '18326', 8767);
INSERT INTO SEADISTANCE (FIRSTPORTID, SECONDPORTID, SEADISTANCE) VALUES ('25350', '14226', 4110);
INSERT INTO SEADISTANCE (FIRSTPORTID, SECONDPORTID, SEADISTANCE) VALUES ('25350', '213737', 10576);
INSERT INTO SEADISTANCE (FIRSTPORTID, SECONDPORTID, SEADISTANCE) VALUES ('25350', '23428', 7799);
INSERT INTO SEADISTANCE (FIRSTPORTID, SECONDPORTID, SEADISTANCE) VALUES ('25350', '14470', 10505);
INSERT INTO SEADISTANCE (FIRSTPORTID, SECONDPORTID, SEADISTANCE) VALUES ('25350', '12543', 9470);
INSERT INTO SEADISTANCE (FIRSTPORTID, SECONDPORTID, SEADISTANCE) VALUES ('25350', '11174', 9232);
INSERT INTO SEADISTANCE (FIRSTPORTID, SECONDPORTID, SEADISTANCE) VALUES ('25350', '29876', 4340);
INSERT INTO SEADISTANCE (FIRSTPORTID, SECONDPORTID, SEADISTANCE) VALUES ('25350', '224858', 9114);
INSERT INTO SEADISTANCE (FIRSTPORTID, SECONDPORTID, SEADISTANCE) VALUES ('25350', '16485', 9754);
INSERT INTO SEADISTANCE (FIRSTPORTID, SECONDPORTID, SEADISTANCE) VALUES ('25350', '24795', 10029);
INSERT INTO SEADISTANCE (FIRSTPORTID, SECONDPORTID, SEADISTANCE) VALUES ('25350', '11771', 9505);
INSERT INTO SEADISTANCE (FIRSTPORTID, SECONDPORTID, SEADISTANCE) VALUES ('25350', '21381', 10029);
INSERT INTO SEADISTANCE (FIRSTPORTID, SECONDPORTID, SEADISTANCE) VALUES ('25350', '16737', 9809);
INSERT INTO SEADISTANCE (FIRSTPORTID, SECONDPORTID, SEADISTANCE) VALUES ('25350', '13012', 8250);
INSERT INTO SEADISTANCE (FIRSTPORTID, SECONDPORTID, SEADISTANCE) VALUES ('25350', '29002', 8600);
INSERT INTO SEADISTANCE (FIRSTPORTID, SECONDPORTID, SEADISTANCE) VALUES ('25350', '29239', 8820);
INSERT INTO SEADISTANCE (FIRSTPORTID, SECONDPORTID, SEADISTANCE) VALUES ('25350', '14635', 1162);
INSERT INTO SEADISTANCE (FIRSTPORTID, SECONDPORTID, SEADISTANCE) VALUES ('25350', '20512', 9077);
INSERT INTO SEADISTANCE (FIRSTPORTID, SECONDPORTID, SEADISTANCE) VALUES ('25350', '14277', 2328);
INSERT INTO SEADISTANCE (FIRSTPORTID, SECONDPORTID, SEADISTANCE) VALUES ('25350', '10860', 5192);
INSERT INTO SEADISTANCE (FIRSTPORTID, SECONDPORTID, SEADISTANCE) VALUES ('25350', '22522', 10346);
INSERT INTO SEADISTANCE (FIRSTPORTID, SECONDPORTID, SEADISTANCE) VALUES ('25350', '21457', 9154);
INSERT INTO SEADISTANCE (FIRSTPORTID, SECONDPORTID, SEADISTANCE) VALUES ('25350', '17941', 8302);
INSERT INTO SEADISTANCE (FIRSTPORTID, SECONDPORTID, SEADISTANCE) VALUES ('25350', '27728', 9295);
INSERT INTO SEADISTANCE (FIRSTPORTID, SECONDPORTID, SEADISTANCE) VALUES ('25350', '25007', 6039);
INSERT INTO SEADISTANCE (FIRSTPORTID, SECONDPORTID, SEADISTANCE) VALUES ('25350', '21852', 9866);
INSERT INTO SEADISTANCE (FIRSTPORTID, SECONDPORTID, SEADISTANCE) VALUES ('25350', '22770', 10029);
INSERT INTO SEADISTANCE (FIRSTPORTID, SECONDPORTID, SEADISTANCE) VALUES ('25350', '18682', 10788);
INSERT INTO SEADISTANCE (FIRSTPORTID, SECONDPORTID, SEADISTANCE) VALUES ('25350', '28781', 4252);
INSERT INTO SEADISTANCE (FIRSTPORTID, SECONDPORTID, SEADISTANCE) VALUES ('25350', '29973', 3156);
INSERT INTO SEADISTANCE (FIRSTPORTID, SECONDPORTID, SEADISTANCE) VALUES ('25350', '24951', 9993);
INSERT INTO SEADISTANCE (FIRSTPORTID, SECONDPORTID, SEADISTANCE) VALUES ('25350', '20072', 9313);
INSERT INTO SEADISTANCE (FIRSTPORTID, SECONDPORTID, SEADISTANCE) VALUES ('25350', '27792', 6043);
INSERT INTO SEADISTANCE (FIRSTPORTID, SECONDPORTID, SEADISTANCE) VALUES ('25350', '13390', 8230);
INSERT INTO SEADISTANCE (FIRSTPORTID, SECONDPORTID, SEADISTANCE) VALUES ('25350', '21556', 9873);
INSERT INTO SEADISTANCE (FIRSTPORTID, SECONDPORTID, SEADISTANCE) VALUES ('25350', '18454', 9895);
INSERT INTO SEADISTANCE (FIRSTPORTID, SECONDPORTID, SEADISTANCE) VALUES ('25350', '21206', 9626);
INSERT INTO SEADISTANCE (FIRSTPORTID, SECONDPORTID, SEADISTANCE) VALUES ('25350', '18867', 9733);
INSERT INTO SEADISTANCE (FIRSTPORTID, SECONDPORTID, SEADISTANCE) VALUES ('25350', '18937', 8772);
INSERT INTO SEADISTANCE (FIRSTPORTID, SECONDPORTID, SEADISTANCE) VALUES ('25350', '28082', 5915);
INSERT INTO SEADISTANCE (FIRSTPORTID, SECONDPORTID, SEADISTANCE) VALUES ('25350', '13176', 10049);
INSERT INTO SEADISTANCE (FIRSTPORTID, SECONDPORTID, SEADISTANCE) VALUES ('25350', '21451', 5470);
INSERT INTO SEADISTANCE (FIRSTPORTID, SECONDPORTID, SEADISTANCE) VALUES ('25350', '23247', 8816);
INSERT INTO SEADISTANCE (FIRSTPORTID, SECONDPORTID, SEADISTANCE) VALUES ('20847', '246265', 164);
INSERT INTO SEADISTANCE (FIRSTPORTID, SECONDPORTID, SEADISTANCE) VALUES ('20847', '21863', 509);
INSERT INTO SEADISTANCE (FIRSTPORTID, SECONDPORTID, SEADISTANCE) VALUES ('20847', '216593', 6313);
INSERT INTO SEADISTANCE (FIRSTPORTID, SECONDPORTID, SEADISTANCE) VALUES ('20847', '17386', 1618);
INSERT INTO SEADISTANCE (FIRSTPORTID, SECONDPORTID, SEADISTANCE) VALUES ('20847', '18137', 617);
INSERT INTO SEADISTANCE (FIRSTPORTID, SECONDPORTID, SEADISTANCE) VALUES ('20847', '26147', 3761);
INSERT INTO SEADISTANCE (FIRSTPORTID, SECONDPORTID, SEADISTANCE) VALUES ('20847', '18012', 2891);
INSERT INTO SEADISTANCE (FIRSTPORTID, SECONDPORTID, SEADISTANCE) VALUES ('20847', '28261', 6667);
INSERT INTO SEADISTANCE (FIRSTPORTID, SECONDPORTID, SEADISTANCE) VALUES ('20847', '30045', 7653);
INSERT INTO SEADISTANCE (FIRSTPORTID, SECONDPORTID, SEADISTANCE) VALUES ('20847', '28313', 6048);
INSERT INTO SEADISTANCE (FIRSTPORTID, SECONDPORTID, SEADISTANCE) VALUES ('20847', '14459', 76);
INSERT INTO SEADISTANCE (FIRSTPORTID, SECONDPORTID, SEADISTANCE) VALUES ('20847', '10563', 3861);
INSERT INTO SEADISTANCE (FIRSTPORTID, SECONDPORTID, SEADISTANCE) VALUES ('20847', '216592', 6274);
INSERT INTO SEADISTANCE (FIRSTPORTID, SECONDPORTID, SEADISTANCE) VALUES ('20847', '15107', 7054);
INSERT INTO SEADISTANCE (FIRSTPORTID, SECONDPORTID, SEADISTANCE) VALUES ('20847', '29749', 3145);
INSERT INTO SEADISTANCE (FIRSTPORTID, SECONDPORTID, SEADISTANCE) VALUES ('20847', '18326', 3211);
INSERT INTO SEADISTANCE (FIRSTPORTID, SECONDPORTID, SEADISTANCE) VALUES ('20847', '14226', 6793);
INSERT INTO SEADISTANCE (FIRSTPORTID, SECONDPORTID, SEADISTANCE) VALUES ('20847', '213737', 350);
INSERT INTO SEADISTANCE (FIRSTPORTID, SECONDPORTID, SEADISTANCE) VALUES ('20847', '23428', 2557);
INSERT INTO SEADISTANCE (FIRSTPORTID, SECONDPORTID, SEADISTANCE) VALUES ('20847', '14470', 214);
INSERT INTO SEADISTANCE (FIRSTPORTID, SECONDPORTID, SEADISTANCE) VALUES ('20847', '12543', 4127);
INSERT INTO SEADISTANCE (FIRSTPORTID, SECONDPORTID, SEADISTANCE) VALUES ('20847', '11174', 1434);
INSERT INTO SEADISTANCE (FIRSTPORTID, SECONDPORTID, SEADISTANCE) VALUES ('20847', '29876', 7150);
INSERT INTO SEADISTANCE (FIRSTPORTID, SECONDPORTID, SEADISTANCE) VALUES ('20847', '22226', 4663);
INSERT INTO SEADISTANCE (FIRSTPORTID, SECONDPORTID, SEADISTANCE) VALUES ('20847', '224858', 3563);
INSERT INTO SEADISTANCE (FIRSTPORTID, SECONDPORTID, SEADISTANCE) VALUES ('20847', '16485', 4411);
INSERT INTO SEADISTANCE (FIRSTPORTID, SECONDPORTID, SEADISTANCE) VALUES ('20847', '24795', 1297);
INSERT INTO SEADISTANCE (FIRSTPORTID, SECONDPORTID, SEADISTANCE) VALUES ('20847', '11771', 4162);
INSERT INTO SEADISTANCE (FIRSTPORTID, SECONDPORTID, SEADISTANCE) VALUES ('20847', '21381', 1297);
INSERT INTO SEADISTANCE (FIRSTPORTID, SECONDPORTID, SEADISTANCE) VALUES ('20847', '16737', 4466);
INSERT INTO SEADISTANCE (FIRSTPORTID, SECONDPORTID, SEADISTANCE) VALUES ('20847', '13012', 2403);
INSERT INTO SEADISTANCE (FIRSTPORTID, SECONDPORTID, SEADISTANCE) VALUES ('20847', '29002', 3215);
INSERT INTO SEADISTANCE (FIRSTPORTID, SECONDPORTID, SEADISTANCE) VALUES ('20847', '29239', 3269);
INSERT INTO SEADISTANCE (FIRSTPORTID, SECONDPORTID, SEADISTANCE) VALUES ('20847', '14635', 9225);
INSERT INTO SEADISTANCE (FIRSTPORTID, SECONDPORTID, SEADISTANCE) VALUES ('20847', '20512', 3745);
INSERT INTO SEADISTANCE (FIRSTPORTID, SECONDPORTID, SEADISTANCE) VALUES ('20847', '14277', 8038);
INSERT INTO SEADISTANCE (FIRSTPORTID, SECONDPORTID, SEADISTANCE) VALUES ('20847', '10860', 8088);
INSERT INTO SEADISTANCE (FIRSTPORTID, SECONDPORTID, SEADISTANCE) VALUES ('20847', '22522', 899);
INSERT INTO SEADISTANCE (FIRSTPORTID, SECONDPORTID, SEADISTANCE) VALUES ('20847', '21457', 1462);
INSERT INTO SEADISTANCE (FIRSTPORTID, SECONDPORTID, SEADISTANCE) VALUES ('20847', '17941', 7141);
INSERT INTO SEADISTANCE (FIRSTPORTID, SECONDPORTID, SEADISTANCE) VALUES ('20847', '27728', 4357);
INSERT INTO SEADISTANCE (FIRSTPORTID, SECONDPORTID, SEADISTANCE) VALUES ('20847', '25007', 5162);
INSERT INTO SEADISTANCE (FIRSTPORTID, SECONDPORTID, SEADISTANCE) VALUES ('20847', '21852', 501);
INSERT INTO SEADISTANCE (FIRSTPORTID, SECONDPORTID, SEADISTANCE) VALUES ('20847', '22770', 1297);
INSERT INTO SEADISTANCE (FIRSTPORTID, SECONDPORTID, SEADISTANCE) VALUES ('20847', '18682', 613);
INSERT INTO SEADISTANCE (FIRSTPORTID, SECONDPORTID, SEADISTANCE) VALUES ('20847', '28781', 6407);
INSERT INTO SEADISTANCE (FIRSTPORTID, SECONDPORTID, SEADISTANCE) VALUES ('20847', '29973', 7202);
INSERT INTO SEADISTANCE (FIRSTPORTID, SECONDPORTID, SEADISTANCE) VALUES ('20847', '24951', 1261);
INSERT INTO SEADISTANCE (FIRSTPORTID, SECONDPORTID, SEADISTANCE) VALUES ('20847', '20072', 3970);
INSERT INTO SEADISTANCE (FIRSTPORTID, SECONDPORTID, SEADISTANCE) VALUES ('20847', '27792', 9115);
INSERT INTO SEADISTANCE (FIRSTPORTID, SECONDPORTID, SEADISTANCE) VALUES ('20847', '13390', 2233);
INSERT INTO SEADISTANCE (FIRSTPORTID, SECONDPORTID, SEADISTANCE) VALUES ('20847', '21556', 1140);
INSERT INTO SEADISTANCE (FIRSTPORTID, SECONDPORTID, SEADISTANCE) VALUES ('20847', '18454', 4552);
INSERT INTO SEADISTANCE (FIRSTPORTID, SECONDPORTID, SEADISTANCE) VALUES ('20847', '21206', 4283);
INSERT INTO SEADISTANCE (FIRSTPORTID, SECONDPORTID, SEADISTANCE) VALUES ('20847', '18867', 4390);
INSERT INTO SEADISTANCE (FIRSTPORTID, SECONDPORTID, SEADISTANCE) VALUES ('20847', '18937', 1699);
INSERT INTO SEADISTANCE (FIRSTPORTID, SECONDPORTID, SEADISTANCE) VALUES ('20847', '28082', 8928);
INSERT INTO SEADISTANCE (FIRSTPORTID, SECONDPORTID, SEADISTANCE) VALUES ('20847', '25350', 10334);
INSERT INTO SEADISTANCE (FIRSTPORTID, SECONDPORTID, SEADISTANCE) VALUES ('20847', '13176', 1318);
INSERT INTO SEADISTANCE (FIRSTPORTID, SECONDPORTID, SEADISTANCE) VALUES ('20847', '21451', 6768);
INSERT INTO SEADISTANCE (FIRSTPORTID, SECONDPORTID, SEADISTANCE) VALUES ('20847', '23247', 3265);
INSERT INTO SEADISTANCE (FIRSTPORTID, SECONDPORTID, SEADISTANCE) VALUES ('13176', '246265', 1154);
INSERT INTO SEADISTANCE (FIRSTPORTID, SECONDPORTID, SEADISTANCE) VALUES ('13176', '216593', 6028);
INSERT INTO SEADISTANCE (FIRSTPORTID, SECONDPORTID, SEADISTANCE) VALUES ('13176', '17386', 1316);
INSERT INTO SEADISTANCE (FIRSTPORTID, SECONDPORTID, SEADISTANCE) VALUES ('13176', '26147', 3476);
INSERT INTO SEADISTANCE (FIRSTPORTID, SECONDPORTID, SEADISTANCE) VALUES ('13176', '30045', 7368);
INSERT INTO SEADISTANCE (FIRSTPORTID, SECONDPORTID, SEADISTANCE) VALUES ('13176', '14459', 1365);
INSERT INTO SEADISTANCE (FIRSTPORTID, SECONDPORTID, SEADISTANCE) VALUES ('13176', '216592', 5989);
INSERT INTO SEADISTANCE (FIRSTPORTID, SECONDPORTID, SEADISTANCE) VALUES ('13176', '213737', 1560);
INSERT INTO SEADISTANCE (FIRSTPORTID, SECONDPORTID, SEADISTANCE) VALUES ('13176', '23428', 2272);
INSERT INTO SEADISTANCE (FIRSTPORTID, SECONDPORTID, SEADISTANCE) VALUES ('13176', '14470', 1489);
INSERT INTO SEADISTANCE (FIRSTPORTID, SECONDPORTID, SEADISTANCE) VALUES ('13176', '12543', 3842);
INSERT INTO SEADISTANCE (FIRSTPORTID, SECONDPORTID, SEADISTANCE) VALUES ('13176', '24795', 60);
INSERT INTO SEADISTANCE (FIRSTPORTID, SECONDPORTID, SEADISTANCE) VALUES ('13176', '11771', 3877);
INSERT INTO SEADISTANCE (FIRSTPORTID, SECONDPORTID, SEADISTANCE) VALUES ('13176', '21381', 60);
INSERT INTO SEADISTANCE (FIRSTPORTID, SECONDPORTID, SEADISTANCE) VALUES ('13176', '13012', 2118);
INSERT INTO SEADISTANCE (FIRSTPORTID, SECONDPORTID, SEADISTANCE) VALUES ('13176', '29002', 2930);
INSERT INTO SEADISTANCE (FIRSTPORTID, SECONDPORTID, SEADISTANCE) VALUES ('13176', '29239', 2984);
INSERT INTO SEADISTANCE (FIRSTPORTID, SECONDPORTID, SEADISTANCE) VALUES ('13176', '14635', 8940);
INSERT INTO SEADISTANCE (FIRSTPORTID, SECONDPORTID, SEADISTANCE) VALUES ('13176', '20512', 3460);
INSERT INTO SEADISTANCE (FIRSTPORTID, SECONDPORTID, SEADISTANCE) VALUES ('13176', '14277', 7753);
INSERT INTO SEADISTANCE (FIRSTPORTID, SECONDPORTID, SEADISTANCE) VALUES ('13176', '10860', 7803);
INSERT INTO SEADISTANCE (FIRSTPORTID, SECONDPORTID, SEADISTANCE) VALUES ('13176', '22522', 1335);
INSERT INTO SEADISTANCE (FIRSTPORTID, SECONDPORTID, SEADISTANCE) VALUES ('13176', '21457', 1155);
INSERT INTO SEADISTANCE (FIRSTPORTID, SECONDPORTID, SEADISTANCE) VALUES ('13176', '17941', 6856);
INSERT INTO SEADISTANCE (FIRSTPORTID, SECONDPORTID, SEADISTANCE) VALUES ('13176', '27728', 4072);
INSERT INTO SEADISTANCE (FIRSTPORTID, SECONDPORTID, SEADISTANCE) VALUES ('13176', '25007', 4877);
INSERT INTO SEADISTANCE (FIRSTPORTID, SECONDPORTID, SEADISTANCE) VALUES ('13176', '22770', 60);
INSERT INTO SEADISTANCE (FIRSTPORTID, SECONDPORTID, SEADISTANCE) VALUES ('13176', '13390', 1948);
INSERT INTO SEADISTANCE (FIRSTPORTID, SECONDPORTID, SEADISTANCE) VALUES ('13176', '18454', 4267);
INSERT INTO SEADISTANCE (FIRSTPORTID, SECONDPORTID, SEADISTANCE) VALUES ('13176', '21206', 3998);
INSERT INTO SEADISTANCE (FIRSTPORTID, SECONDPORTID, SEADISTANCE) VALUES ('13176', '18937', 1404);
INSERT INTO SEADISTANCE (FIRSTPORTID, SECONDPORTID, SEADISTANCE) VALUES ('13176', '21451', 6483);
INSERT INTO SEADISTANCE (FIRSTPORTID, SECONDPORTID, SEADISTANCE) VALUES ('13176', '23247', 2980);
INSERT INTO SEADISTANCE (FIRSTPORTID, SECONDPORTID, SEADISTANCE) VALUES ('21451', '246265', 6604);
INSERT INTO SEADISTANCE (FIRSTPORTID, SECONDPORTID, SEADISTANCE) VALUES ('21451', '216593', 1449);
INSERT INTO SEADISTANCE (FIRSTPORTID, SECONDPORTID, SEADISTANCE) VALUES ('21451', '17386', 5334);
INSERT INTO SEADISTANCE (FIRSTPORTID, SECONDPORTID, SEADISTANCE) VALUES ('21451', '26147', 5059);
INSERT INTO SEADISTANCE (FIRSTPORTID, SECONDPORTID, SEADISTANCE) VALUES ('21451', '30045', 2789);
INSERT INTO SEADISTANCE (FIRSTPORTID, SECONDPORTID, SEADISTANCE) VALUES ('21451', '14459', 6815);
INSERT INTO SEADISTANCE (FIRSTPORTID, SECONDPORTID, SEADISTANCE) VALUES ('21451', '216592', 1410);
INSERT INTO SEADISTANCE (FIRSTPORTID, SECONDPORTID, SEADISTANCE) VALUES ('21451', '213737', 7010);
INSERT INTO SEADISTANCE (FIRSTPORTID, SECONDPORTID, SEADISTANCE) VALUES ('21451', '14470', 6939);
INSERT INTO SEADISTANCE (FIRSTPORTID, SECONDPORTID, SEADISTANCE) VALUES ('21451', '12543', 5635);
INSERT INTO SEADISTANCE (FIRSTPORTID, SECONDPORTID, SEADISTANCE) VALUES ('21451', '24795', 6463);
INSERT INTO SEADISTANCE (FIRSTPORTID, SECONDPORTID, SEADISTANCE) VALUES ('21451', '11771', 5670);
INSERT INTO SEADISTANCE (FIRSTPORTID, SECONDPORTID, SEADISTANCE) VALUES ('21451', '21381', 6463);
INSERT INTO SEADISTANCE (FIRSTPORTID, SECONDPORTID, SEADISTANCE) VALUES ('21451', '13012', 4613);
INSERT INTO SEADISTANCE (FIRSTPORTID, SECONDPORTID, SEADISTANCE) VALUES ('21451', '29002', 4836);
INSERT INTO SEADISTANCE (FIRSTPORTID, SECONDPORTID, SEADISTANCE) VALUES ('21451', '29239', 5063);
INSERT INTO SEADISTANCE (FIRSTPORTID, SECONDPORTID, SEADISTANCE) VALUES ('21451', '14635', 4361);
INSERT INTO SEADISTANCE (FIRSTPORTID, SECONDPORTID, SEADISTANCE) VALUES ('21451', '20512', 5242);
INSERT INTO SEADISTANCE (FIRSTPORTID, SECONDPORTID, SEADISTANCE) VALUES ('21451', '10860', 3224);
INSERT INTO SEADISTANCE (FIRSTPORTID, SECONDPORTID, SEADISTANCE) VALUES ('21451', '22522', 6780);
INSERT INTO SEADISTANCE (FIRSTPORTID, SECONDPORTID, SEADISTANCE) VALUES ('21451', '21457', 5588);
INSERT INTO SEADISTANCE (FIRSTPORTID, SECONDPORTID, SEADISTANCE) VALUES ('21451', '17941', 6256);
INSERT INTO SEADISTANCE (FIRSTPORTID, SECONDPORTID, SEADISTANCE) VALUES ('21451', '27728', 5460);
INSERT INTO SEADISTANCE (FIRSTPORTID, SECONDPORTID, SEADISTANCE) VALUES ('21451', '25007', 1965);
INSERT INTO SEADISTANCE (FIRSTPORTID, SECONDPORTID, SEADISTANCE) VALUES ('21451', '22770', 6463);
INSERT INTO SEADISTANCE (FIRSTPORTID, SECONDPORTID, SEADISTANCE) VALUES ('21451', '13390', 4617);
INSERT INTO SEADISTANCE (FIRSTPORTID, SECONDPORTID, SEADISTANCE) VALUES ('21451', '18454', 6060);
INSERT INTO SEADISTANCE (FIRSTPORTID, SECONDPORTID, SEADISTANCE) VALUES ('21451', '21206', 5791);
INSERT INTO SEADISTANCE (FIRSTPORTID, SECONDPORTID, SEADISTANCE) VALUES ('21451', '18937', 5206);
INSERT INTO SEADISTANCE (FIRSTPORTID, SECONDPORTID, SEADISTANCE) VALUES ('21451', '23247', 5059);
INSERT INTO SEADISTANCE (FIRSTPORTID, SECONDPORTID, SEADISTANCE) VALUES ('23247', '246265', 3101);
INSERT INTO SEADISTANCE (FIRSTPORTID, SECONDPORTID, SEADISTANCE) VALUES ('23247', '216593', 4795);
INSERT INTO SEADISTANCE (FIRSTPORTID, SECONDPORTID, SEADISTANCE) VALUES ('23247', '17386', 1831);
INSERT INTO SEADISTANCE (FIRSTPORTID, SECONDPORTID, SEADISTANCE) VALUES ('23247', '26147', 585);
INSERT INTO SEADISTANCE (FIRSTPORTID, SECONDPORTID, SEADISTANCE) VALUES ('23247', '30045', 6135);
INSERT INTO SEADISTANCE (FIRSTPORTID, SECONDPORTID, SEADISTANCE) VALUES ('23247', '14459', 3312);
INSERT INTO SEADISTANCE (FIRSTPORTID, SECONDPORTID, SEADISTANCE) VALUES ('23247', '216592', 4756);
INSERT INTO SEADISTANCE (FIRSTPORTID, SECONDPORTID, SEADISTANCE) VALUES ('23247', '213737', 3507);
INSERT INTO SEADISTANCE (FIRSTPORTID, SECONDPORTID, SEADISTANCE) VALUES ('23247', '14470', 3436);
INSERT INTO SEADISTANCE (FIRSTPORTID, SECONDPORTID, SEADISTANCE) VALUES ('23247', '12543', 920);
INSERT INTO SEADISTANCE (FIRSTPORTID, SECONDPORTID, SEADISTANCE) VALUES ('23247', '24795', 2960);
INSERT INTO SEADISTANCE (FIRSTPORTID, SECONDPORTID, SEADISTANCE) VALUES ('23247', '11771', 955);
INSERT INTO SEADISTANCE (FIRSTPORTID, SECONDPORTID, SEADISTANCE) VALUES ('23247', '21381', 2960);
INSERT INTO SEADISTANCE (FIRSTPORTID, SECONDPORTID, SEADISTANCE) VALUES ('23247', '13012', 885);
INSERT INTO SEADISTANCE (FIRSTPORTID, SECONDPORTID, SEADISTANCE) VALUES ('23247', '29002', 648);
INSERT INTO SEADISTANCE (FIRSTPORTID, SECONDPORTID, SEADISTANCE) VALUES ('23247', '29239', 146);
INSERT INTO SEADISTANCE (FIRSTPORTID, SECONDPORTID, SEADISTANCE) VALUES ('23247', '14635', 7707);
INSERT INTO SEADISTANCE (FIRSTPORTID, SECONDPORTID, SEADISTANCE) VALUES ('23247', '20512', 538);
INSERT INTO SEADISTANCE (FIRSTPORTID, SECONDPORTID, SEADISTANCE) VALUES ('23247', '10860', 6570);
INSERT INTO SEADISTANCE (FIRSTPORTID, SECONDPORTID, SEADISTANCE) VALUES ('23247', '22522', 3277);
INSERT INTO SEADISTANCE (FIRSTPORTID, SECONDPORTID, SEADISTANCE) VALUES ('23247', '17941', 6199);
INSERT INTO SEADISTANCE (FIRSTPORTID, SECONDPORTID, SEADISTANCE) VALUES ('23247', '27728', 1180);
INSERT INTO SEADISTANCE (FIRSTPORTID, SECONDPORTID, SEADISTANCE) VALUES ('23247', '25007', 3345);
INSERT INTO SEADISTANCE (FIRSTPORTID, SECONDPORTID, SEADISTANCE) VALUES ('23247', '22770', 2960);
INSERT INTO SEADISTANCE (FIRSTPORTID, SECONDPORTID, SEADISTANCE) VALUES ('23247', '13390', 1067);
INSERT INTO SEADISTANCE (FIRSTPORTID, SECONDPORTID, SEADISTANCE) VALUES ('23247', '18454', 1345);
INSERT INTO SEADISTANCE (FIRSTPORTID, SECONDPORTID, SEADISTANCE) VALUES ('23247', '21206', 1076);
INSERT INTO SEADISTANCE (FIRSTPORTID, SECONDPORTID, SEADISTANCE) VALUES ('23247', '18937', 1703);
INSERT INTO SEADISTANCE (FIRSTPORTID, SECONDPORTID, SEADISTANCE) VALUES ('228264', '246265', 738);
INSERT INTO SEADISTANCE (FIRSTPORTID, SECONDPORTID, SEADISTANCE) VALUES ('228264', '19057', 2646);
INSERT INTO SEADISTANCE (FIRSTPORTID, SECONDPORTID, SEADISTANCE) VALUES ('228264', '21863', 448);
INSERT INTO SEADISTANCE (FIRSTPORTID, SECONDPORTID, SEADISTANCE) VALUES ('228264', '14113', 6847);
INSERT INTO SEADISTANCE (FIRSTPORTID, SECONDPORTID, SEADISTANCE) VALUES ('228264', '216593', 5644);
INSERT INTO SEADISTANCE (FIRSTPORTID, SECONDPORTID, SEADISTANCE) VALUES ('228264', '17386', 932);
INSERT INTO SEADISTANCE (FIRSTPORTID, SECONDPORTID, SEADISTANCE) VALUES ('228264', '18137', 1339);
INSERT INTO SEADISTANCE (FIRSTPORTID, SECONDPORTID, SEADISTANCE) VALUES ('228264', '26147', 3092);
INSERT INTO SEADISTANCE (FIRSTPORTID, SECONDPORTID, SEADISTANCE) VALUES ('228264', '20826', 879);
INSERT INTO SEADISTANCE (FIRSTPORTID, SECONDPORTID, SEADISTANCE) VALUES ('228264', '18012', 2222);
INSERT INTO SEADISTANCE (FIRSTPORTID, SECONDPORTID, SEADISTANCE) VALUES ('228264', '28261', 5998);
INSERT INTO SEADISTANCE (FIRSTPORTID, SECONDPORTID, SEADISTANCE) VALUES ('228264', '26670', 6569);
INSERT INTO SEADISTANCE (FIRSTPORTID, SECONDPORTID, SEADISTANCE) VALUES ('228264', '30045', 6984);
INSERT INTO SEADISTANCE (FIRSTPORTID, SECONDPORTID, SEADISTANCE) VALUES ('228264', '28313', 5379);
INSERT INTO SEADISTANCE (FIRSTPORTID, SECONDPORTID, SEADISTANCE) VALUES ('228264', '14459', 949);
INSERT INTO SEADISTANCE (FIRSTPORTID, SECONDPORTID, SEADISTANCE) VALUES ('228264', '10563', 3192);
INSERT INTO SEADISTANCE (FIRSTPORTID, SECONDPORTID, SEADISTANCE) VALUES ('228264', '216592', 5605);
INSERT INTO SEADISTANCE (FIRSTPORTID, SECONDPORTID, SEADISTANCE) VALUES ('228264', '15107', 6385);
INSERT INTO SEADISTANCE (FIRSTPORTID, SECONDPORTID, SEADISTANCE) VALUES ('228264', '29749', 2476);
INSERT INTO SEADISTANCE (FIRSTPORTID, SECONDPORTID, SEADISTANCE) VALUES ('228264', '18326', 2542);
INSERT INTO SEADISTANCE (FIRSTPORTID, SECONDPORTID, SEADISTANCE) VALUES ('228264', '14226', 6124);
INSERT INTO SEADISTANCE (FIRSTPORTID, SECONDPORTID, SEADISTANCE) VALUES ('228264', '213737', 1144);
INSERT INTO SEADISTANCE (FIRSTPORTID, SECONDPORTID, SEADISTANCE) VALUES ('228264', '23428', 1888);
INSERT INTO SEADISTANCE (FIRSTPORTID, SECONDPORTID, SEADISTANCE) VALUES ('228264', '14470', 1073);
INSERT INTO SEADISTANCE (FIRSTPORTID, SECONDPORTID, SEADISTANCE) VALUES ('228264', '12543', 3458);
INSERT INTO SEADISTANCE (FIRSTPORTID, SECONDPORTID, SEADISTANCE) VALUES ('228264', '11174', 743);
INSERT INTO SEADISTANCE (FIRSTPORTID, SECONDPORTID, SEADISTANCE) VALUES ('228264', '29876', 6481);
INSERT INTO SEADISTANCE (FIRSTPORTID, SECONDPORTID, SEADISTANCE) VALUES ('228264', '22226', 3994);
INSERT INTO SEADISTANCE (FIRSTPORTID, SECONDPORTID, SEADISTANCE) VALUES ('228264', '224858', 2894);
INSERT INTO SEADISTANCE (FIRSTPORTID, SECONDPORTID, SEADISTANCE) VALUES ('228264', '16485', 3742);
INSERT INTO SEADISTANCE (FIRSTPORTID, SECONDPORTID, SEADISTANCE) VALUES ('228264', '18433', 2404);
INSERT INTO SEADISTANCE (FIRSTPORTID, SECONDPORTID, SEADISTANCE) VALUES ('228264', '24795', 431);
INSERT INTO SEADISTANCE (FIRSTPORTID, SECONDPORTID, SEADISTANCE) VALUES ('228264', '11771', 3493);
INSERT INTO SEADISTANCE (FIRSTPORTID, SECONDPORTID, SEADISTANCE) VALUES ('228264', '21381', 431);
INSERT INTO SEADISTANCE (FIRSTPORTID, SECONDPORTID, SEADISTANCE) VALUES ('228264', '16737', 3797);
INSERT INTO SEADISTANCE (FIRSTPORTID, SECONDPORTID, SEADISTANCE) VALUES ('228264', '13012', 1734);
INSERT INTO SEADISTANCE (FIRSTPORTID, SECONDPORTID, SEADISTANCE) VALUES ('228264', '29002', 2546);
INSERT INTO SEADISTANCE (FIRSTPORTID, SECONDPORTID, SEADISTANCE) VALUES ('228264', '29239', 2600);
INSERT INTO SEADISTANCE (FIRSTPORTID, SECONDPORTID, SEADISTANCE) VALUES ('228264', '14635', 8556);
INSERT INTO SEADISTANCE (FIRSTPORTID, SECONDPORTID, SEADISTANCE) VALUES ('228264', '20512', 3076);
INSERT INTO SEADISTANCE (FIRSTPORTID, SECONDPORTID, SEADISTANCE) VALUES ('228264', '14277', 7369);
INSERT INTO SEADISTANCE (FIRSTPORTID, SECONDPORTID, SEADISTANCE) VALUES ('228264', '10860', 7419);
INSERT INTO SEADISTANCE (FIRSTPORTID, SECONDPORTID, SEADISTANCE) VALUES ('228264', '22522', 920);
INSERT INTO SEADISTANCE (FIRSTPORTID, SECONDPORTID, SEADISTANCE) VALUES ('228264', '21457', 771);
INSERT INTO SEADISTANCE (FIRSTPORTID, SECONDPORTID, SEADISTANCE) VALUES ('228264', '17941', 6472);
INSERT INTO SEADISTANCE (FIRSTPORTID, SECONDPORTID, SEADISTANCE) VALUES ('228264', '27728', 3688);
INSERT INTO SEADISTANCE (FIRSTPORTID, SECONDPORTID, SEADISTANCE) VALUES ('228264', '25007', 4493);
INSERT INTO SEADISTANCE (FIRSTPORTID, SECONDPORTID, SEADISTANCE) VALUES ('228264', '21852', 440);
INSERT INTO SEADISTANCE (FIRSTPORTID, SECONDPORTID, SEADISTANCE) VALUES ('228264', '22770', 431);
INSERT INTO SEADISTANCE (FIRSTPORTID, SECONDPORTID, SEADISTANCE) VALUES ('228264', '18476', 2262);
INSERT INTO SEADISTANCE (FIRSTPORTID, SECONDPORTID, SEADISTANCE) VALUES ('228264', '18682', 1356);
INSERT INTO SEADISTANCE (FIRSTPORTID, SECONDPORTID, SEADISTANCE) VALUES ('228264', '28781', 5738);
INSERT INTO SEADISTANCE (FIRSTPORTID, SECONDPORTID, SEADISTANCE) VALUES ('228264', '29973', 6533);
INSERT INTO SEADISTANCE (FIRSTPORTID, SECONDPORTID, SEADISTANCE) VALUES ('228264', '24951', 395);
INSERT INTO SEADISTANCE (FIRSTPORTID, SECONDPORTID, SEADISTANCE) VALUES ('228264', '20301', 6178);
INSERT INTO SEADISTANCE (FIRSTPORTID, SECONDPORTID, SEADISTANCE) VALUES ('228264', '20072', 3301);
INSERT INTO SEADISTANCE (FIRSTPORTID, SECONDPORTID, SEADISTANCE) VALUES ('228264', '20351', 4792);
INSERT INTO SEADISTANCE (FIRSTPORTID, SECONDPORTID, SEADISTANCE) VALUES ('228264', '27792', 8446);
INSERT INTO SEADISTANCE (FIRSTPORTID, SECONDPORTID, SEADISTANCE) VALUES ('228264', '27248', 5657);
INSERT INTO SEADISTANCE (FIRSTPORTID, SECONDPORTID, SEADISTANCE) VALUES ('228264', '13390', 1564);
INSERT INTO SEADISTANCE (FIRSTPORTID, SECONDPORTID, SEADISTANCE) VALUES ('228264', '21556', 271);
INSERT INTO SEADISTANCE (FIRSTPORTID, SECONDPORTID, SEADISTANCE) VALUES ('228264', '18454', 3883);
INSERT INTO SEADISTANCE (FIRSTPORTID, SECONDPORTID, SEADISTANCE) VALUES ('228264', '21206', 3614);
INSERT INTO SEADISTANCE (FIRSTPORTID, SECONDPORTID, SEADISTANCE) VALUES ('228264', '18867', 3721);
INSERT INTO SEADISTANCE (FIRSTPORTID, SECONDPORTID, SEADISTANCE) VALUES ('228264', '18937', 1020);
INSERT INTO SEADISTANCE (FIRSTPORTID, SECONDPORTID, SEADISTANCE) VALUES ('228264', '28082', 8259);
INSERT INTO SEADISTANCE (FIRSTPORTID, SECONDPORTID, SEADISTANCE) VALUES ('228264', '25350', 9665);
INSERT INTO SEADISTANCE (FIRSTPORTID, SECONDPORTID, SEADISTANCE) VALUES ('228264', '20847', 902);
INSERT INTO SEADISTANCE (FIRSTPORTID, SECONDPORTID, SEADISTANCE) VALUES ('228264', '13176', 451);
INSERT INTO SEADISTANCE (FIRSTPORTID, SECONDPORTID, SEADISTANCE) VALUES ('228264', '21451', 6099);
INSERT INTO SEADISTANCE (FIRSTPORTID, SECONDPORTID, SEADISTANCE) VALUES ('228264', '23247', 2596);
INSERT INTO SEADISTANCE (FIRSTPORTID, SECONDPORTID, SEADISTANCE) VALUES ('228264', '19473', 2575);
INSERT INTO SEADISTANCE (FIRSTPORTID, SECONDPORTID, SEADISTANCE) VALUES ('18200', '246265', 738);
INSERT INTO SEADISTANCE (FIRSTPORTID, SECONDPORTID, SEADISTANCE) VALUES ('18200', '19057', 2646);
INSERT INTO SEADISTANCE (FIRSTPORTID, SECONDPORTID, SEADISTANCE) VALUES ('18200', '21863', 448);
INSERT INTO SEADISTANCE (FIRSTPORTID, SECONDPORTID, SEADISTANCE) VALUES ('18200', '14113', 6847);
INSERT INTO SEADISTANCE (FIRSTPORTID, SECONDPORTID, SEADISTANCE) VALUES ('18200', '216593', 5644);
INSERT INTO SEADISTANCE (FIRSTPORTID, SECONDPORTID, SEADISTANCE) VALUES ('18200', '17386', 932);
INSERT INTO SEADISTANCE (FIRSTPORTID, SECONDPORTID, SEADISTANCE) VALUES ('18200', '18137', 1339);
INSERT INTO SEADISTANCE (FIRSTPORTID, SECONDPORTID, SEADISTANCE) VALUES ('18200', '26147', 3092);
INSERT INTO SEADISTANCE (FIRSTPORTID, SECONDPORTID, SEADISTANCE) VALUES ('18200', '20826', 879);
INSERT INTO SEADISTANCE (FIRSTPORTID, SECONDPORTID, SEADISTANCE) VALUES ('18200', '18012', 2222);
INSERT INTO SEADISTANCE (FIRSTPORTID, SECONDPORTID, SEADISTANCE) VALUES ('18200', '28261', 5998);
INSERT INTO SEADISTANCE (FIRSTPORTID, SECONDPORTID, SEADISTANCE) VALUES ('18200', '26670', 6569);
INSERT INTO SEADISTANCE (FIRSTPORTID, SECONDPORTID, SEADISTANCE) VALUES ('18200', '30045', 6984);
INSERT INTO SEADISTANCE (FIRSTPORTID, SECONDPORTID, SEADISTANCE) VALUES ('18200', '28313', 5379);
INSERT INTO SEADISTANCE (FIRSTPORTID, SECONDPORTID, SEADISTANCE) VALUES ('18200', '14459', 949);
INSERT INTO SEADISTANCE (FIRSTPORTID, SECONDPORTID, SEADISTANCE) VALUES ('18200', '10563', 3192);
INSERT INTO SEADISTANCE (FIRSTPORTID, SECONDPORTID, SEADISTANCE) VALUES ('18200', '216592', 5605);
INSERT INTO SEADISTANCE (FIRSTPORTID, SECONDPORTID, SEADISTANCE) VALUES ('18200', '15107', 6385);
INSERT INTO SEADISTANCE (FIRSTPORTID, SECONDPORTID, SEADISTANCE) VALUES ('18200', '29749', 2476);
INSERT INTO SEADISTANCE (FIRSTPORTID, SECONDPORTID, SEADISTANCE) VALUES ('18200', '18326', 2542);
INSERT INTO SEADISTANCE (FIRSTPORTID, SECONDPORTID, SEADISTANCE) VALUES ('18200', '14226', 6124);
INSERT INTO SEADISTANCE (FIRSTPORTID, SECONDPORTID, SEADISTANCE) VALUES ('18200', '213737', 1144);
INSERT INTO SEADISTANCE (FIRSTPORTID, SECONDPORTID, SEADISTANCE) VALUES ('18200', '23428', 1888);
INSERT INTO SEADISTANCE (FIRSTPORTID, SECONDPORTID, SEADISTANCE) VALUES ('18200', '14470', 1073);
INSERT INTO SEADISTANCE (FIRSTPORTID, SECONDPORTID, SEADISTANCE) VALUES ('18200', '12543', 3458);
INSERT INTO SEADISTANCE (FIRSTPORTID, SECONDPORTID, SEADISTANCE) VALUES ('18200', '11174', 743);
INSERT INTO SEADISTANCE (FIRSTPORTID, SECONDPORTID, SEADISTANCE) VALUES ('18200', '29876', 6481);
INSERT INTO SEADISTANCE (FIRSTPORTID, SECONDPORTID, SEADISTANCE) VALUES ('18200', '22226', 3994);
INSERT INTO SEADISTANCE (FIRSTPORTID, SECONDPORTID, SEADISTANCE) VALUES ('18200', '224858', 2894);
INSERT INTO SEADISTANCE (FIRSTPORTID, SECONDPORTID, SEADISTANCE) VALUES ('18200', '16485', 3742);
INSERT INTO SEADISTANCE (FIRSTPORTID, SECONDPORTID, SEADISTANCE) VALUES ('18200', '18433', 2404);
INSERT INTO SEADISTANCE (FIRSTPORTID, SECONDPORTID, SEADISTANCE) VALUES ('18200', '24795', 431);
INSERT INTO SEADISTANCE (FIRSTPORTID, SECONDPORTID, SEADISTANCE) VALUES ('18200', '11771', 3493);
INSERT INTO SEADISTANCE (FIRSTPORTID, SECONDPORTID, SEADISTANCE) VALUES ('18200', '21381', 431);
INSERT INTO SEADISTANCE (FIRSTPORTID, SECONDPORTID, SEADISTANCE) VALUES ('18200', '16737', 3797);
INSERT INTO SEADISTANCE (FIRSTPORTID, SECONDPORTID, SEADISTANCE) VALUES ('18200', '13012', 1734);

--Rest

--Address
INSERT INTO ADDRESS(idaddress, cityid, street, postalcode) values (1,1,'Rua1','5000-001');
INSERT INTO ADDRESS(idaddress, cityid, street, postalcode) values (2,2,'Rua2','5000-002');

--AppUser
INSERT INTO APPUSER(id, username, password) values (101,'MARIA JOHNSON',1);
INSERT INTO APPUSER(id, username, password) values (102,'TONY STARK',2);

--Client
INSERT INTO CLIENT(id, userid, addressid, name, email, ccnumber, phonenumber, birthdate) values ('1','101','1','Elon Musk','tesla@spaceX.com','1232345642',111222333,TO_DATE('1981-12-31','YYYY-MM-DD'));
INSERT INTO CLIENT(id, userid, addressid, name, email, ccnumber, phonenumber, birthdate) values ('2','102','1','Elon Musk2','tesla2@spaceX.com','1232343642',111222333,TO_DATE('1981-12-21','YYYY-MM-DD'));
--Role
INSERT INTO ROLE(id, roledescription) values ('FM','Someone who controls the fleet');
INSERT INTO ROLE(id, roledescription) values ('TM','Someone who controls the shipping/truck position');
INSERT INTO ROLE(id, roledescription) values ('WS','Someone who loads and unloads cargo from warehouses');

--Employee
INSERT INTO EMPLOYEE(id, roleid, userid, email, name) values ('1','FM','101','tesla@spaceX.com','Elon Musk');
INSERT INTO EMPLOYEE(id, roleid, userid, email, name) values ('2','TM','102','aaaa@email.com','Kiko Lopes');

--EmployeeFacility
INSERT INTO EMPLOYEEFACILITY(facilityid, employeeid) VALUES ('1','1');
INSERT INTO EMPLOYEEFACILITY(facilityid, employeeid) VALUES ('2','2');

--MaterialType
INSERT INTO MATERIALTYPE(id, type) values (1,'Stanless Steel');
INSERT INTO MATERIALTYPE(id, type) values (2,'Aluminum');

--Material
INSERT INTO MATERIAL(id, materialtypeid, proportionalityconstant, temperature) values (1,1,15,7);
INSERT INTO MATERIAL(id, materialtypeid, proportionalityconstant, temperature) values (2,2,237,7);

--ISOCODE
INSERT INTO ISOCODE(ID, WIDTH, LENGTH, HEIGHT) values (1,10,10,10);
INSERT INTO ISOCODE(ID, WIDTH, LENGTH, HEIGHT) values (2,20,20,20);
INSERT INTO ISOCODE(ID, WIDTH, LENGTH, HEIGHT) values (3,30,30,30);
INSERT INTO ISOCODE(ID, WIDTH, LENGTH, HEIGHT) values (4,35,20,10);
INSERT INTO ISOCODE(ID, WIDTH, LENGTH, HEIGHT) values ('28VH',35,20,10);

--Container
INSERT INTO CONTAINER(CONTAINERID, ISOCODE, PAYLOAD, TARE, GROSS) values (1,1,1,1,1);
INSERT INTO CONTAINER(CONTAINERID, ISOCODE, PAYLOAD, TARE, GROSS) values (2,2,20,20,20);
INSERT INTO CONTAINER(CONTAINERID, ISOCODE, PAYLOAD, TARE, GROSS) values (3,3,30,30,30);
INSERT INTO CONTAINER(CONTAINERID, ISOCODE, PAYLOAD, TARE, GROSS) values (405,4,20,35,35);

--RefrigeratorContainer
INSERT INTO REFRIGERATORCONTAINER(containerid, energyconsume, temperature)
VALUES (1, 500, 2);
INSERT INTO REFRIGERATORCONTAINER(containerid, energyconsume, temperature)
VALUES (3, 250, -10);

--ContainerMaterial
INSERT INTO CONTAINERMATERIAL(REFRIGERATEDCONTAINERID, MATERIALID, WALLTYPE) values (1,1,'Outer Wall');
INSERT INTO CONTAINERMATERIAL(REFRIGERATEDCONTAINERID, MATERIALID, WALLTYPE) values (3,2,'Inner Wall');
INSERT INTO CONTAINERMATERIAL(REFRIGERATEDCONTAINERID, MATERIALID, WALLTYPE) values (3,1,'Intermediate Material');

--Vehicle
INSERT INTO VEHICLE(VEHICLEID) values (1);
INSERT INTO VEHICLE(VEHICLEID) values (2);
INSERT INTO VEHICLE(VEHICLEID) values (3);
INSERT INTO VEHICLE(VEHICLEID) values (4);
INSERT INTO VEHICLE(VEHICLEID) values (5);

--VesselType
INSERT INTO VESSELTYPE(vesseltypeid, vesseltype) values (71,71);
INSERT INTO VESSELTYPE(vesseltypeid, vesseltype) values (60,60);
INSERT INTO VESSELTYPE(vesseltypeid, vesseltype) values (79,79);
INSERT INTO VESSELTYPE(vesseltypeid, vesseltype) values (20,20);

--SHIP
INSERT INTO SHIP(mmsi, vehicleid, vesseltype, imo, callsign, name, length, width, capacity, draft)
values (255806169,1,71,'IMO9465095','CQAG7','Name',50,50,50,50);
INSERT INTO SHIP(mmsi, vehicleid, vesseltype, imo, callsign, name, length, width, capacity, draft)
values (255807169,2,71,'IMO9365095','CQDG7','N4me',50,50,50,50);
INSERT INTO SHIP(mmsi, vehicleid, vesseltype, imo, callsign, name, length, width, capacity, draft)
values (255809169,3,71,'IMO9395095','CQLG7','N0me',50,50,50,50);

--TRIP
INSERT INTO TRIP(idtrip, vehicleid, startdate, enddate) VALUES (1,1,TO_DATE('2021-12-01','YYYY-MM-DD'),TO_DATE('2021-12-30','YYYY-MM-DD'));
INSERT INTO TRIP(idtrip, vehicleid, startdate, enddate) VALUES (2,2,TO_DATE('2021-11-10','YYYY-MM-DD'),TO_DATE('2021-12-10','YYYY-MM-DD'));
INSERT INTO TRIP(idtrip, vehicleid, startdate, enddate) VALUES (3,3,TO_DATE('2021-10-01','YYYY-MM-DD'),TO_DATE('2021-12-12','YYYY-MM-DD'));

--TRIPEMPLOYEE
INSERT INTO TRIPEMPLOYEE(IDTRIP, VEHICLEID, EMPLOYEEID) VALUES (1,1,1);
INSERT INTO TRIPEMPLOYEE(IDTRIP, VEHICLEID, EMPLOYEEID) VALUES (2,2,2);

--CargoManifestType
INSERT INTO CARGOMANIFESTTYPE(cargomanifesttype, type) VALUES (1,'Load');
INSERT INTO CARGOMANIFESTTYPE(cargomanifesttype, type) VALUES (2,'OffLoad');

--CargoManifest
INSERT INTO CARGOMANIFEST(cargomanifestid, idtrip, vehicleid, facilityid, cargomanifesttype, cargomanifestdate) values (1,1,1,1,1,TO_DATE('2021-12-12','YYYY-MM-DD'));
INSERT INTO CARGOMANIFEST(cargomanifestid, idtrip, vehicleid, facilityid, cargomanifesttype, cargomanifestdate) values (2,2,2,2,2,TO_DATE('2021-10-12','YYYY-MM-DD'));

--CargoManifestContainer
INSERT INTO CARGOMANIFESTCONTAINER(cargomanifestid, containerid, xpos, ypos, zpos) values (1,1,1,1,1);
INSERT INTO CARGOMANIFESTCONTAINER(cargomanifestid, containerid, xpos, ypos, zpos) values (2,2,1,1,1);
INSERT INTO CARGOMANIFESTCONTAINER(cargomanifestid, containerid, xpos, ypos, zpos) values (2,3,2,1,1);

--Truck
INSERT INTO TRUCK(VEHICLEID, NAME) values (4,'Name');
INSERT INTO TRUCK(VEHICLEID, NAME) values (5,'N4me');

--Transceiver
INSERT INTO TRANSCEIVER(TRANSCEIVERID, TRANSCEIVER, MMSI, CLASS) values ('1','A',255809169,'A');
INSERT INTO TRANSCEIVER(TRANSCEIVERID, TRANSCEIVER, MMSI, CLASS) values ('2','B',255807169,'B');

--PositionalMessages
Insert Into POSITIONALMESSAGE(basedatetime, mmsi, transceiverid, longitude, latitude, sog, cog, heading)
values (TO_DATE('2021-12-01','YYYY-MM-DD'),255809169,1,20,20,10,10,10);
Insert Into POSITIONALMESSAGE(basedatetime, mmsi, transceiverid, longitude, latitude, sog, cog, heading)
values (TO_DATE('2021-12-10','YYYY-MM-DD'),255809169,1,30,30,20,20,20);
Insert Into POSITIONALMESSAGE(basedatetime, mmsi, transceiverid, longitude, latitude, sog, cog, heading)
values (TO_DATE('2021-11-10','YYYY-MM-DD'),255809169,1,30,35,20,20,20);
Insert Into POSITIONALMESSAGE(basedatetime, mmsi, transceiverid, longitude, latitude, sog, cog, heading)
values (TO_DATE('2021-11-01','YYYY-MM-DD'),255809169,1,15,25,25,20,20);
Insert Into POSITIONALMESSAGE(basedatetime, mmsi, transceiverid, longitude, latitude, sog, cog, heading)
values (TO_DATE('2021-11-02','YYYY-MM-DD'),255807169,2,15,25,25,20,20);
Insert Into POSITIONALMESSAGE(basedatetime, mmsi, transceiverid, longitude, latitude, sog, cog, heading)
values (TO_DATE('2021-11-05','YYYY-MM-DD'),255807169,2,17,28,25,20,20);

--ShipEmployee
INSERT INTO SHIPEMPLOYEE(mmsi, employeeid) values (255809169,1);
INSERT INTO SHIPEMPLOYEE(mmsi, employeeid) values (255807169,2);

--ContainerClient
INSERT INTO  CONTAINERCLIENT(clientid, containerid, cargomanifestid) values ('1','1','1');
INSERT INTO  CONTAINERCLIENT(clientid, containerid, cargomanifestid) values ('2','2','2');

insert into WAREHOUSE (ID, FACILITYID) VALUES (1,21556);
insert into WAREHOUSE (ID, FACILITYID) VALUES (2,21863);

Insert INTO PORTWAREHOUSE(portid, warehouseid)
VALUES (1, 2);

--Generator
INSERT INTO GENERATOR(GENERATORID, MMSI, GENERATORPOW)
VALUES (1, 255809169, 6);
INSERT INTO GENERATOR(GENERATORID, MMSI, GENERATORPOW)
VALUES (2, 255809169, 5);

--Border
INSERT INTO BORDER(FIRSTCOUNTRYALPHA2CODE, FIRSTCOUNTRYALPHA3CODE, SECONDCOUNTRYALPHA2CODE, SECONDCOUNTRYALPHA3CODE)
VALUES ('GR', 'GRC', 'PT', 'PRT');

--Valid information for US405 and US406

insert into VEHICLE(VEHICLEID) values (200);
insert into SHIP (mmsi, vehicleid, vesseltype, imo, callsign, name, length, width, capacity, draft) values (999333222,200,71,'IMO9200991','28VH','OmegaShip',10,20,1000000,30);
insert into TRIP(idtrip, vehicleid, startdate, enddate) values (200,200,TO_DATE ('2021-12-01','YYYY-MM-DD'),TO_DATE ('2022-01-10','YYYY-MM-DD'));

insert into CARGOMANIFEST (CARGOMANIFESTID, IDTRIP, VEHICLEID, FACILITYID, CARGOMANIFESTTYPE, CARGOMANIFESTDATE) values (200,200,200,216592,2,TO_DATE ('2021-12-01','YYYY-MM-DD'));
insert into CARGOMANIFEST (CARGOMANIFESTID, IDTRIP, VEHICLEID, FACILITYID, CARGOMANIFESTTYPE, CARGOMANIFESTDATE) values (210,200,200,216593,2,TO_DATE ('2022-01-10','YYYY-MM-DD'));
insert into CARGOMANIFEST (CARGOMANIFESTID, IDTRIP, VEHICLEID, FACILITYID, CARGOMANIFESTTYPE, CARGOMANIFESTDATE) values (301,200,200,10,1,TO_DATE ('2022-01-24','YYYY-MM-DD'));
insert into CARGOMANIFEST (CARGOMANIFESTID, IDTRIP, VEHICLEID, FACILITYID, CARGOMANIFESTTYPE, CARGOMANIFESTDATE) values (302,200,200,10,1,TO_DATE ('2022-01-26','YYYY-MM-DD'));
insert into CARGOMANIFEST (CARGOMANIFESTID, IDTRIP, VEHICLEID, FACILITYID, CARGOMANIFESTTYPE, CARGOMANIFESTDATE) values (304,200,200,216592,2,TO_DATE ('2021-12-01','YYYY-MM-DD'));
insert into CARGOMANIFEST (CARGOMANIFESTID, IDTRIP, VEHICLEID, FACILITYID, CARGOMANIFESTTYPE, CARGOMANIFESTDATE) values (303,200,200,10,1,TO_DATE ('2022-01-29','YYYY-MM-DD'));

insert into CONTAINER(containerid, isocode, payload, tare, gross) values (2000001,'28VH',100000,1000000,100);
insert into CONTAINER(containerid, isocode, payload, tare, gross) values (2579,'28VH',522,383,2360);
insert into CONTAINER(containerid, isocode, payload, tare, gross) values (88881,'28VH',100,100,200);
insert into CONTAINER(containerid, isocode, payload, tare, gross) values (88882,'28VH',100,100,200);
insert into CONTAINER(containerid, isocode, payload, tare, gross) values (88883,'28VH',100,100,200);
insert into CONTAINER(containerid, isocode, payload, tare, gross) values (88884,'28VH',100,100,200);
insert into CONTAINER(containerid, isocode, payload, tare, gross) values (88885,'28VH',100,100,200);
insert into CONTAINER(containerid, isocode, payload, tare, gross) values (88886,'28VH',100,100,200);
insert into CONTAINER(containerid, isocode, payload, tare, gross) values (88871,'28VH',100,100,200);
insert into CONTAINER(containerid, isocode, payload, tare, gross) values (88872,'28VH',100,100,200);
insert into CONTAINER(containerid, isocode, payload, tare, gross) values (88873,'28VH',100,100,200);
insert into CONTAINER(containerid, isocode, payload, tare, gross) values (88887,'28VH',100,100,200);
insert into CONTAINER(containerid, isocode, payload, tare, gross) values (88888,'28VH',100,100,200);
insert into CONTAINER(containerid, isocode, payload, tare, gross) values (88889,'28VH',100,100,200);

insert into CARGOMANIFESTCONTAINER (cargomanifestid, containerid, xpos, ypos, zpos) values (200,2579,0,0,0);
insert into CARGOMANIFESTCONTAINER (cargomanifestid, containerid, xpos, ypos, zpos) values (200,2000001,1,0,0);
insert into CARGOMANIFESTCONTAINER (cargomanifestid, containerid, xpos, ypos, zpos) values (301,88881,2,0,0);
insert into CARGOMANIFESTCONTAINER (cargomanifestid, containerid, xpos, ypos, zpos) values (301,88882,3,0,0);
insert into CARGOMANIFESTCONTAINER (cargomanifestid, containerid, xpos, ypos, zpos) values (301,88883,4,0,0);
insert into CARGOMANIFESTCONTAINER (cargomanifestid, containerid, xpos, ypos, zpos) values (302,88884,5,0,0);
insert into CARGOMANIFESTCONTAINER (cargomanifestid, containerid, xpos, ypos, zpos) values (302,88885,6,0,0);
insert into CARGOMANIFESTCONTAINER (cargomanifestid, containerid, xpos, ypos, zpos) values (302,88886,7,0,0);
insert into CARGOMANIFESTCONTAINER (cargomanifestid, containerid, xpos, ypos, zpos) values (303,88887,8,0,0);
insert into CARGOMANIFESTCONTAINER (cargomanifestid, containerid, xpos, ypos, zpos) values (303,88888,9,0,0);
insert into CARGOMANIFESTCONTAINER (cargomanifestid, containerid, xpos, ypos, zpos) values (303,88889,10,0,0);
insert into CARGOMANIFESTCONTAINER (cargomanifestid, containerid, xpos, ypos, zpos) values (304,88871,0,1,0);
insert into CARGOMANIFESTCONTAINER (cargomanifestid, containerid, xpos, ypos, zpos) values (304,88872,0,2,0);
insert into CARGOMANIFESTCONTAINER (cargomanifestid, containerid, xpos, ypos, zpos) values (304,88873,0,3,0);

--Valid information for US407

INSERT INTO CONTAINER VALUES('99991','28VH',2,2,2);
INSERT INTO CONTAINER VALUES('99992','28VH',2,2,2);
INSERT INTO CONTAINER VALUES('99993','28VH',2,2,2);
INSERT INTO CONTAINER VALUES('99994','28VH',2,2,2);
INSERT INTO CONTAINER VALUES('99995','28VH',2,2,2);
INSERT INTO CONTAINER VALUES('99996','28VH',2,2,2);


insert into CARGOMANIFESTCONTAINER VALUES ('200', '99991', 3,2,1);
insert into CARGOMANIFESTCONTAINER VALUES ('200', '99992', 3,2,1);
insert into CARGOMANIFESTCONTAINER VALUES ('200', '99993', 3,2,1);
insert into CARGOMANIFESTCONTAINER VALUES ('200', '99994', 3,2,1);
insert into CARGOMANIFESTCONTAINER VALUES ('200', '99995', 3,2,1);
insert into CARGOMANIFESTCONTAINER VALUES ('200', '99996', 3,2,1);

insert into ROLE (ID, ROLEDESCRIPTION) VALUES ('PS','Nada');

insert into EMPLOYEE (ID, ROLEID, USERID, EMAIL, NAME) values ('105', 'PS', 101,  'johnnyratoings@gmail.com','Joao Ratao');
insert into EMPLOYEE values ('106', 'PS', 101, 'bitaites@gmail.com', 'Bitaites');
insert into EMPLOYEE values ('109', 'WS', 101, 'johnnybravo@gmail.com','Senhor Incrivel');
insert into EMPLOYEE values ('108', 'WS', 101, 'calma@gmail.com','Jel' );

insert into VEHICLE values (10);

insert into SHIP(MMSI, VEHICLEID, VESSELTYPE, IMO, CALLSIGN, NAME, LENGTH, WIDTH, CAPACITY, DRAFT) VALUES (229767000,10,71,'IMO9645970','9HA3589','ARCTIC AURORA',288,44,20,12.5);

insert into TRIP(idtrip, vehicleid, startdate, enddate) values (1,10,TO_DATE('2021-11-23','YYYY-MM-DD'),TO_DATE('2021-12-06','YYYY-MM-DD'));
insert into TRIP(idtrip, vehicleid, startdate, enddate) values (4,10,TO_DATE('2021-11-19','YYYY-MM-DD'),TO_DATE('2021-12-13','YYYY-MM-DD'));
insert into TRIP(idtrip, vehicleid, startdate, enddate) values (101,10,TO_DATE('2021-12-10','YYYY-MM-DD'),TO_DATE('2021-12-06','YYYY-MM-DD'));
insert into TRIP(idtrip, vehicleid, startdate, enddate) values (104,10,TO_DATE('2021-12-07','YYYY-MM-DD'),TO_DATE('2021-12-13','YYYY-MM-DD'));


insert into CARGOMANIFEST(CARGOMANIFESTID, IDTRIP, VEHICLEID, FACILITYID, CARGOMANIFESTTYPE, CARGOMANIFESTDATE) VALUES (4,4,10,4,1,TO_DATE('2021-11-15','YYYY-MM-DD'));
insert into CARGOMANIFEST(CARGOMANIFESTID, IDTRIP, VEHICLEID, FACILITYID, CARGOMANIFESTTYPE, CARGOMANIFESTDATE) VALUES (11,101,10,1,1,TO_DATE('2021-10-10','YYYY-MM-DD'));
insert into CARGOMANIFEST(CARGOMANIFESTID, IDTRIP, VEHICLEID, FACILITYID, CARGOMANIFESTTYPE, CARGOMANIFESTDATE) VALUES (14,104,10,4,1,TO_DATE('2021-11-13','YYYY-MM-DD'));

insert into CARGOMANIFESTCONTAINER(CARGOMANIFESTID, CONTAINERID, XPOS, YPOS, ZPOS) values (4,88881,3,3,3);
insert into CARGOMANIFESTCONTAINER(CARGOMANIFESTID, CONTAINERID, XPOS, YPOS, ZPOS) values (4,88882,3,3,3);
insert into CARGOMANIFESTCONTAINER(CARGOMANIFESTID, CONTAINERID, XPOS, YPOS, ZPOS) values (4,88883,3,3,3);
insert into CARGOMANIFESTCONTAINER(CARGOMANIFESTID, CONTAINERID, XPOS, YPOS, ZPOS) values (4,88884,3,3,3);
insert into CARGOMANIFESTCONTAINER(CARGOMANIFESTID, CONTAINERID, XPOS, YPOS, ZPOS) values (4,88885,3,3,3);
insert into CARGOMANIFESTCONTAINER(CARGOMANIFESTID, CONTAINERID, XPOS, YPOS, ZPOS) values (4,99991,3,3,3);

insert into FACILITYTRIP(FACILITYID, IDTRIP, VEHICLEID, DELIVERYDATE, DEPARTUREDATE) VALUES (4,4,10,TO_DATE('2021-12-08','YYYY-MM-DD'),TO_DATE('2021-12-08','YYYY-MM-DD'));
insert into FACILITYTRIP(FACILITYID, IDTRIP, VEHICLEID, DELIVERYDATE, DEPARTUREDATE) VALUES (7,107,13,TO_DATE('2021-12-08','YYYY-MM-DD'),TO_DATE('2021-12-08','YYYY-MM-DD'));
insert into FACILITYTRIP(FACILITYID, IDTRIP, VEHICLEID, DELIVERYDATE, DEPARTUREDATE) VALUES (216592,200,200,TO_DATE('2021-12-01','YYYY-MM-DD'),TO_DATE('2021-12-02','YYYY-MM-DD'));
insert into FACILITYTRIP(FACILITYID, IDTRIP, VEHICLEID, DELIVERYDATE, DEPARTUREDATE) VALUES (216593,200,200,TO_DATE('2022-01-10','YYYY-MM-DD'),TO_DATE('2022-01-11','YYYY-MM-DD'));